-- --------------------------------------------------------
-- Host:                         127.0.0.1
-- Versión del servidor:         8.0.32 - MySQL Community Server - GPL
-- SO del servidor:              Win64
-- HeidiSQL Versión:             12.4.0.6659
-- --------------------------------------------------------

/*!40101 SET @OLD_CHARACTER_SET_CLIENT=@@CHARACTER_SET_CLIENT */;
/*!40101 SET NAMES utf8 */;
/*!50503 SET NAMES utf8mb4 */;
/*!40103 SET @OLD_TIME_ZONE=@@TIME_ZONE */;
/*!40103 SET TIME_ZONE='+00:00' */;
/*!40014 SET @OLD_FOREIGN_KEY_CHECKS=@@FOREIGN_KEY_CHECKS, FOREIGN_KEY_CHECKS=0 */;
/*!40101 SET @OLD_SQL_MODE=@@SQL_MODE, SQL_MODE='NO_AUTO_VALUE_ON_ZERO' */;
/*!40111 SET @OLD_SQL_NOTES=@@SQL_NOTES, SQL_NOTES=0 */;


-- Volcando estructura de base de datos para optdelsol_28
CREATE DATABASE IF NOT EXISTS `optdelsol_28` /*!40100 DEFAULT CHARACTER SET utf8mb4 COLLATE utf8mb4_0900_ai_ci */ /*!80016 DEFAULT ENCRYPTION='N' */;
USE `optdelsol_28`;

-- Volcando estructura para tabla optdelsol_28.baja_desperfecto
CREATE TABLE IF NOT EXISTS `baja_desperfecto` (
  `idbaja_desperfecto` int NOT NULL AUTO_INCREMENT,
  `fkcodigo` int NOT NULL,
  `fksucursal` int NOT NULL,
  `fkusuario` int NOT NULL,
  `cantidad` int NOT NULL,
  `comentarios` varchar(255) DEFAULT NULL,
  `fecha` timestamp NULL DEFAULT CURRENT_TIMESTAMP,
  PRIMARY KEY (`idbaja_desperfecto`),
  KEY `fk_baja_codigo` (`fkcodigo`),
  KEY `fk_baja_sucursal` (`fksucursal`),
  KEY `fk_baja_usuario` (`fkusuario`),
  CONSTRAINT `fk_baja_codigo` FOREIGN KEY (`fkcodigo`) REFERENCES `codigo` (`idcodigo`),
  CONSTRAINT `fk_baja_sucursal` FOREIGN KEY (`fksucursal`) REFERENCES `sucursal` (`idsucursal`),
  CONSTRAINT `fk_baja_usuario` FOREIGN KEY (`fkusuario`) REFERENCES `usuario` (`idusuario`)
) ENGINE=InnoDB AUTO_INCREMENT=7 DEFAULT CHARSET=utf8mb4 COLLATE=utf8mb4_0900_ai_ci;

-- Volcando datos para la tabla optdelsol_28.baja_desperfecto: ~0 rows (aproximadamente)
DELETE FROM `baja_desperfecto`;

-- Volcando estructura para tabla optdelsol_28.banco
CREATE TABLE IF NOT EXISTS `banco` (
  `idbanco` int NOT NULL AUTO_INCREMENT,
  `nombre` varchar(45) DEFAULT NULL,
  PRIMARY KEY (`idbanco`)
) ENGINE=InnoDB AUTO_INCREMENT=23 DEFAULT CHARSET=utf8mb4 COLLATE=utf8mb4_0900_ai_ci;

-- Volcando datos para la tabla optdelsol_28.banco: ~1 rows (aproximadamente)
DELETE FROM `banco`;
INSERT INTO `banco` (`idbanco`, `nombre`) VALUES
	(22, 'NBCH');

-- Volcando estructura para tabla optdelsol_28.caja
CREATE TABLE IF NOT EXISTS `caja` (
  `idcaja` int NOT NULL AUTO_INCREMENT,
  `sucursal_idsucursal` int NOT NULL,
  `fecha` datetime DEFAULT CURRENT_TIMESTAMP,
  `monto_inicial` varchar(45) DEFAULT NULL,
  `estado` varchar(45) DEFAULT NULL,
  PRIMARY KEY (`idcaja`),
  KEY `fk_caja_sucursal1_idx` (`sucursal_idsucursal`),
  CONSTRAINT `fk_caja_sucursal1` FOREIGN KEY (`sucursal_idsucursal`) REFERENCES `sucursal` (`idsucursal`)
) ENGINE=InnoDB AUTO_INCREMENT=2 DEFAULT CHARSET=utf8mb4 COLLATE=utf8mb4_0900_ai_ci;

-- Volcando datos para la tabla optdelsol_28.caja: ~1 rows (aproximadamente)
DELETE FROM `caja`;
INSERT INTO `caja` (`idcaja`, `sucursal_idsucursal`, `fecha`, `monto_inicial`, `estado`) VALUES
	(1, 13, '2023-08-18 20:17:54', '1000', 'ABIERTA');

-- Volcando estructura para tabla optdelsol_28.carga_manual
CREATE TABLE IF NOT EXISTS `carga_manual` (
  `idcarga_manual` int NOT NULL AUTO_INCREMENT,
  `caja_idcaja` int NOT NULL,
  `usuario_idusuario` int NOT NULL,
  `cliente_idcliente` int NOT NULL,
  `sucursal_idsucursal` int NOT NULL,
  `monto` varchar(45) DEFAULT NULL,
  `fecha` datetime DEFAULT CURRENT_TIMESTAMP,
  `fecha_alta` datetime DEFAULT CURRENT_TIMESTAMP,
  `concepto` varchar(45) DEFAULT NULL,
  PRIMARY KEY (`idcarga_manual`),
  KEY `fk_carga_manual_caja1_idx` (`caja_idcaja`),
  KEY `fk_carga_manual_usuario1_idx` (`usuario_idusuario`),
  KEY `fk_carga_manual_cliente1_idx` (`cliente_idcliente`),
  KEY `fk_carga_manual_sucursal1_idx` (`sucursal_idsucursal`),
  CONSTRAINT `fk_carga_manual_caja1` FOREIGN KEY (`caja_idcaja`) REFERENCES `caja` (`idcaja`),
  CONSTRAINT `fk_carga_manual_cliente1` FOREIGN KEY (`cliente_idcliente`) REFERENCES `cliente` (`idcliente`),
  CONSTRAINT `fk_carga_manual_sucursal1` FOREIGN KEY (`sucursal_idsucursal`) REFERENCES `sucursal` (`idsucursal`),
  CONSTRAINT `fk_carga_manual_usuario1` FOREIGN KEY (`usuario_idusuario`) REFERENCES `usuario` (`idusuario`)
) ENGINE=InnoDB AUTO_INCREMENT=2 DEFAULT CHARSET=utf8mb4 COLLATE=utf8mb4_0900_ai_ci;

-- Volcando datos para la tabla optdelsol_28.carga_manual: ~1 rows (aproximadamente)
DELETE FROM `carga_manual`;
INSERT INTO `carga_manual` (`idcarga_manual`, `caja_idcaja`, `usuario_idusuario`, `cliente_idcliente`, `sucursal_idsucursal`, `monto`, `fecha`, `fecha_alta`, `concepto`) VALUES
	(1, 1, 1, 1, 13, '5000', '2023-08-24 17:42:20', '2023-08-24 17:42:20', '0');

-- Volcando estructura para tabla optdelsol_28.cliente
CREATE TABLE IF NOT EXISTS `cliente` (
  `idcliente` int NOT NULL AUTO_INCREMENT,
  `localidad_idlocalidad` int DEFAULT NULL,
  `nombre` varchar(45) DEFAULT NULL,
  `apellido` varchar(45) DEFAULT NULL,
  `direccion` varchar(45) DEFAULT NULL,
  `dni` varchar(45) DEFAULT NULL,
  `telefono1` varchar(45) DEFAULT NULL,
  `telefono2` varchar(45) DEFAULT NULL,
  `bloqueado` int DEFAULT '0',
  `fecha_nacimiento` datetime DEFAULT CURRENT_TIMESTAMP,
  PRIMARY KEY (`idcliente`),
  KEY `fk_cliente_localidad1_idx` (`localidad_idlocalidad`),
  CONSTRAINT `fk_cliente_localidad1` FOREIGN KEY (`localidad_idlocalidad`) REFERENCES `localidad` (`idlocalidad`)
) ENGINE=InnoDB AUTO_INCREMENT=3 DEFAULT CHARSET=utf8mb4 COLLATE=utf8mb4_0900_ai_ci;

-- Volcando datos para la tabla optdelsol_28.cliente: ~2 rows (aproximadamente)
DELETE FROM `cliente`;
INSERT INTO `cliente` (`idcliente`, `localidad_idlocalidad`, `nombre`, `apellido`, `direccion`, `dni`, `telefono1`, `telefono2`, `bloqueado`, `fecha_nacimiento`) VALUES
	(1, NULL, 'GFGGFGF', 'SFGDFGSD', 'DFGSDG', '33353177', 'SDFG', '', 0, '2023-08-18 20:17:22'),
	(2, NULL, 'ANOTHER TEST', 'ANOTHER TEST', 'SOME TEST', 'anothertest', 'TEST', '', 0, '2023-08-22 18:25:07');

-- Volcando estructura para tabla optdelsol_28.cobro
CREATE TABLE IF NOT EXISTS `cobro` (
  `idcobro` int NOT NULL AUTO_INCREMENT,
  `caja_idcaja` int NOT NULL,
  `usuario_idusuario` int NOT NULL,
  `cliente_idcliente` int NOT NULL,
  `venta_idventa` int DEFAULT NULL,
  `sucursal_idsucursal` int DEFAULT NULL,
  `fecha_alta` datetime DEFAULT CURRENT_TIMESTAMP,
  `fecha` datetime DEFAULT CURRENT_TIMESTAMP,
  `monto` varchar(45) DEFAULT NULL,
  `tipo` varchar(8) DEFAULT 'CIE_OP',
  `concepto` varchar(50) DEFAULT NULL,
  PRIMARY KEY (`idcobro`),
  KEY `fk_cobro_caja1_idx` (`caja_idcaja`),
  KEY `fk_cobro_usuario1_idx` (`usuario_idusuario`),
  KEY `fk_cobro_cliente1_idx` (`cliente_idcliente`),
  KEY `fk_cobro_venta1_idx` (`venta_idventa`),
  CONSTRAINT `fk_cobro_caja1` FOREIGN KEY (`caja_idcaja`) REFERENCES `caja` (`idcaja`),
  CONSTRAINT `fk_cobro_cliente1` FOREIGN KEY (`cliente_idcliente`) REFERENCES `cliente` (`idcliente`),
  CONSTRAINT `fk_cobro_usuario1` FOREIGN KEY (`usuario_idusuario`) REFERENCES `usuario` (`idusuario`),
  CONSTRAINT `fk_cobro_venta1` FOREIGN KEY (`venta_idventa`) REFERENCES `venta` (`idventa`)
) ENGINE=InnoDB AUTO_INCREMENT=5 DEFAULT CHARSET=utf8mb4 COLLATE=utf8mb4_0900_ai_ci;

-- Volcando datos para la tabla optdelsol_28.cobro: ~4 rows (aproximadamente)
DELETE FROM `cobro`;
INSERT INTO `cobro` (`idcobro`, `caja_idcaja`, `usuario_idusuario`, `cliente_idcliente`, `venta_idventa`, `sucursal_idsucursal`, `fecha_alta`, `fecha`, `monto`, `tipo`, `concepto`) VALUES
	(1, 1, 4, 1, 1, 13, '2023-08-18 20:22:51', '2023-08-18 20:22:51', '5000', 'ingreso', NULL),
	(2, 1, 4, 1, 2, 13, '2023-08-22 18:23:23', '2023-08-22 18:23:23', '9500', 'entrega', NULL),
	(3, 1, 4, 1, 5, 13, '2023-08-22 18:32:22', '2023-08-22 18:32:22', '9500', 'ingreso', NULL),
	(4, 1, 1, 1, NULL, 13, '2023-08-24 17:54:15', '2023-08-24 17:54:15', '2500', 'cuota', NULL);

-- Volcando estructura para tabla optdelsol_28.cobro_has_modo_pago
CREATE TABLE IF NOT EXISTS `cobro_has_modo_pago` (
  `idcobro_mp` int NOT NULL AUTO_INCREMENT,
  `cobro_idcobro` int NOT NULL,
  `banco_idbanco` int DEFAULT NULL,
  `mutual_idmutual` int DEFAULT NULL,
  `modo_pago` varchar(50) CHARACTER SET utf8mb4 COLLATE utf8mb4_0900_ai_ci DEFAULT NULL,
  `monto` varchar(45) DEFAULT NULL,
  `cant_cuotas` varchar(45) DEFAULT NULL,
  `monto_cuota` varchar(45) DEFAULT NULL,
  `total_int` varchar(45) DEFAULT NULL,
  PRIMARY KEY (`idcobro_mp`),
  KEY `fk_cobro_has_modo_pago_cobro1_idx` (`cobro_idcobro`),
  KEY `fk_cobro_has_modo_pago_banco1_idx` (`banco_idbanco`),
  KEY `fk_cobro_has_modo_pago_mutual1_idx` (`mutual_idmutual`),
  CONSTRAINT `fk_cobro_has_modo_pago_banco1` FOREIGN KEY (`banco_idbanco`) REFERENCES `banco` (`idbanco`),
  CONSTRAINT `fk_cobro_has_modo_pago_cobro1` FOREIGN KEY (`cobro_idcobro`) REFERENCES `cobro` (`idcobro`),
  CONSTRAINT `fk_cobro_has_modo_pago_mutual1` FOREIGN KEY (`mutual_idmutual`) REFERENCES `mutual` (`idmutual`)
) ENGINE=InnoDB AUTO_INCREMENT=5 DEFAULT CHARSET=utf8mb4 COLLATE=utf8mb4_0900_ai_ci;

-- Volcando datos para la tabla optdelsol_28.cobro_has_modo_pago: ~4 rows (aproximadamente)
DELETE FROM `cobro_has_modo_pago`;
INSERT INTO `cobro_has_modo_pago` (`idcobro_mp`, `cobro_idcobro`, `banco_idbanco`, `mutual_idmutual`, `modo_pago`, `monto`, `cant_cuotas`, `monto_cuota`, `total_int`) VALUES
	(1, 1, NULL, NULL, 'efectivo', '5000', '0', '0', '0'),
	(2, 2, NULL, NULL, 'efectivo', '9500', '0', '0', '0'),
	(3, 3, NULL, NULL, 'mutual', '9500', '0', '0', '0'),
	(4, 4, NULL, NULL, 'efectivo', '2500', '0', '0', '0');

-- Volcando estructura para tabla optdelsol_28.codigo
CREATE TABLE IF NOT EXISTS `codigo` (
  `idcodigo` int NOT NULL AUTO_INCREMENT,
  `subgrupo_idsubgrupo` int NOT NULL,
  `codigo_base` varchar(50) CHARACTER SET utf8mb4 COLLATE utf8mb4_0900_ai_ci DEFAULT NULL,
  `codigo` varchar(45) DEFAULT NULL,
  `descripcion` varchar(255) CHARACTER SET utf8mb4 COLLATE utf8mb4_0900_ai_ci DEFAULT NULL,
  `costo` varchar(50) CHARACTER SET utf8mb4 COLLATE utf8mb4_0900_ai_ci DEFAULT '0',
  `activo` int DEFAULT '1',
  `genero` varchar(50) DEFAULT NULL,
  `edad` varchar(50) DEFAULT NULL,
  `precio_defecto` decimal(20,6) DEFAULT '0.000000',
  `usar_precio_indv` tinyint DEFAULT '0',
  PRIMARY KEY (`idcodigo`),
  UNIQUE KEY `codigo` (`codigo`),
  KEY `fk_codigo_subgrupo1_idx` (`subgrupo_idsubgrupo`),
  CONSTRAINT `fk_codigo_subgrupo1` FOREIGN KEY (`subgrupo_idsubgrupo`) REFERENCES `subgrupo` (`idsubgrupo`)
) ENGINE=InnoDB AUTO_INCREMENT=2535 DEFAULT CHARSET=utf8mb4 COLLATE=utf8mb4_0900_ai_ci;

-- Volcando datos para la tabla optdelsol_28.codigo: ~1,772 rows (aproximadamente)
DELETE FROM `codigo`;
INSERT INTO `codigo` (`idcodigo`, `subgrupo_idsubgrupo`, `codigo_base`, `codigo`, `descripcion`, `costo`, `activo`, `genero`, `edad`, `precio_defecto`, `usar_precio_indv`) VALUES
	(130, 671, NULL, 'NX1COL3', 'RECETA', '9500', 1, '', '', 0.000000, 0),
	(131, 672, NULL, 'IV1COL1', 'RECETA -U- CAREY CELESTE TRANSP', '9500', 1, '', '', 0.000000, 0),
	(132, 672, NULL, 'IV2COL2', 'RECETA -M- CAREY MARRON TRANSP', '9500', 1, '', '', 0.000000, 0),
	(133, 672, NULL, 'IV3COL1', 'RECETA -M- CAREY NEGRO PATILLAS ANCHAS', '9500', 1, '', '', 0.000000, 0),
	(134, 675, NULL, 'SH03C2', 'RECETA', '9500', 1, '', '', 0.000000, 0),
	(135, 673, NULL, 'SHI32C1', 'RECETA', '7500', 1, '', '', 0.000000, 0),
	(136, 715, NULL, 'VM831C2', 'RECETA -M- CAREY NATURAL ', '16500', 1, '', '', 0.000000, 0),
	(137, 674, NULL, 'SH01COL01', 'SHITTO PLASTICO MARRON PATILLA AZUL', '9500', 1, '', '', 0.000000, 0),
	(138, 674, NULL, 'SH01COL03', 'SHITTO PLASTICO VERDE Y NEGRO ', '9500', 1, '', '', 0.000000, 0),
	(139, 672, NULL, 'IV3COL03', 'RECETA -M- CAREY NEGRO PATILLA ANCHA', '9500', 1, '', '', 0.000000, 0),
	(140, 672, NULL, 'IV3COL02', 'RECETA -M- CAREY MARRON TRANSP PATILLAS ANCHAS', '9500', 1, '', '', 0.000000, 0),
	(141, 673, NULL, 'SHI32C2', 'RECETA', '7500', 1, '', '', 0.000000, 0),
	(142, 813, NULL, 'SR1417C4', 'METAL NEGRO PAT VERDES', '7500', 1, '', '', 0.000000, 0),
	(143, 852, NULL, 'M-104', 'METAL ARO COMPLETO', '3600', 1, '', '', 0.000000, 0),
	(144, 673, NULL, 'SH01C2', '', '9500', 1, '', '', 0.000000, 0),
	(145, 673, NULL, 'ST401C20', 'RECETA METAL PELTRE', '12600', 1, '', '', 0.000000, 0),
	(146, 673, NULL, 'ST402C30', 'RECETA METAL RANURADO MARRON OSC- PAT ACETATO', '12600', 1, '', '', 0.000000, 0),
	(147, 673, NULL, 'ST404C30', 'RECETA METAL MARRON OSC- PAT ACETATO', '12600', 1, '', '', 0.000000, 0),
	(148, 673, NULL, 'ST405C10', 'RECETA METAL NEGRO', '12600', 1, '', '', 0.000000, 0),
	(149, 673, NULL, 'ST405C20', 'RECETA METAL PELTRE', '12600', 1, '', '', 0.000000, 0),
	(150, 674, NULL, 'SH03C12', 'SH CAREY MARRON MOTEADO', '9500', 1, '', '', 0.000000, 0),
	(151, 715, NULL, 'VM776C1', 'RECETA -M- CAREY AN PRINT/BORDO', '16500', 1, '', '', 0.000000, 0),
	(152, 715, NULL, 'VM744C2', 'RECETA -M- CAREY VERDE VET/VERDE CLARO', '16500', 1, '', '', 0.000000, 0),
	(153, 757, NULL, 'EA-CINDY3', 'RECET AS', '6500', 1, '', '', 0.000000, 0),
	(154, 829, NULL, 'OPTIC100', 'RECETAS', '10900', 1, '', '', 0.000000, 0),
	(155, 707, NULL, 'CH2060C3', 'CH METAL RANURADO PLATEADO Y NEGRO', '12900', 1, '', '', 0.000000, 0),
	(156, 707, NULL, 'CH14200C1', 'CH CAREY NACAR PATILLA ANIMAL PRINT', '12900', 1, '', '', 0.000000, 0),
	(157, 707, NULL, 'CH14200C3', 'CH CAREY VERDE PATILLA ANIMAL PRINT', '12900', 1, '', '', 0.000000, 0),
	(158, 900, NULL, 'IV401', 'IV METAL RANURADO NEGRO', '7500', 1, '', '', 0.000000, 0),
	(159, 900, NULL, 'IV402', 'IV METAL RANURADO PELTRE', '7500', 1, '', '', 0.000000, 0),
	(160, 900, NULL, 'IV403', 'IV METAL RANURADO MARRON', '7500', 1, '', '', 0.000000, 0),
	(161, 900, NULL, 'IV409', 'IV METAL RANURADO MARRON', '7500', 1, '', '', 0.000000, 0),
	(162, 900, NULL, 'IV420', 'IV METAL RANURADO PATILLA PLASTICA CON DIBUJOS', '7500', 1, '', '', 0.000000, 0),
	(163, 900, NULL, 'IV422', 'IV METAL RANURADO PATILLA PLASTICA CON DIBUJOS', '7500', 1, '', '', 0.000000, 0),
	(164, 674, NULL, 'SH-DELFI', 'SH CAREY VIOLETA', '9500', 1, '', '', 0.000000, 0),
	(165, 674, NULL, 'SH-CLAUDIA', 'SH CAREY VIOLETA', '9500', 1, '', '', 0.000000, 0),
	(166, 725, NULL, 'VM3589C4', 'RECETA -M- METAL GRIS/LILA', '16500', 1, '', '', 0.000000, 0),
	(167, 715, NULL, 'VM850C2', 'RECETA -M- CAREY AMARILLO TRANSP', '16500', 1, '', '', 0.000000, 0),
	(168, 725, NULL, 'VM855C7', 'RECETA -M- CAREY CELESTE PERLADO/TRANSP', '16500', 1, '', '', 0.000000, 0),
	(169, 725, NULL, 'VM870C3', 'RECETA -M- CAREY MARRON MOTEADO', '16500', 1, '', '', 0.000000, 0),
	(170, 675, NULL, 'SHA01C2', 'SHITTO CAREY TURQUEZA PAT MARRON', '9500', 1, '', '', 0.000000, 0),
	(171, 675, NULL, 'SHA02C2', 'SHITTO CAREY TURQUEZA PAT MARRON', '9500', 1, '', '', 0.000000, 0),
	(172, 671, NULL, 'NX05C2', 'NOX CAREY AZUL Y NEGRO', '9500', 1, '', '', 0.000000, 0),
	(173, 671, NULL, 'NX06C3', 'NOX CAREY MARRON', '9500', 1, '', '', 0.000000, 0),
	(174, 589, NULL, 'MOR1668-516', 'METAL MEDIA MONTURA VERDE', '7200', 1, '', '', 0.000000, 0),
	(175, 589, NULL, 'MO-JULY-106-410', 'METAL ARO COMPLT', '7200', 1, '', '', 0.000000, 0),
	(176, 589, NULL, 'MO-JULY-200-400', 'ARO COMPL SILVER Y ROJO', '7200', 1, '', '', 0.000000, 0),
	(177, 589, NULL, 'MO-JULY-105-400', 'METAL ARO COMPLT ROSA', '7200', 1, '', '', 0.000000, 0),
	(178, 763, NULL, 'SO-BOB-117-416', 'PARA NIÑOS CELESTE', '9500', 1, '', '', 0.000000, 0),
	(179, 591, NULL, 'NX2C5', 'RECETA MARRON ', '9500', 1, '', '', 0.000000, 0),
	(180, 591, NULL, 'NX2-C4', 'RECETA', '9500', 1, '', '', 0.000000, 0),
	(181, 725, NULL, 'VM3589C2', 'RECETA -M- METAL NUDE', '16500', 1, '', '', 0.000000, 0),
	(182, 675, NULL, 'SH2250C1', 'RECETA METAL RANURADO BRONCE- PAT DET NATURAL', '12900', 1, '', '', 0.000000, 0),
	(183, 675, NULL, 'SH2330C1', 'RECETA METAL VIOLETA- PAT CALADA', '12900', 1, '', '', 0.000000, 0),
	(184, 675, NULL, 'SH2330C2', 'RECETA METAL BRONCE- PAT CALADA', '12900', 1, '', '', 0.000000, 0),
	(185, 675, NULL, 'SH2330C3', 'RECETA METAL NEGRO- PAT CALADA', '12900', 1, '', '', 0.000000, 0),
	(186, 675, NULL, 'SH2180C1', 'RECETA METAL RANURADO BRONCE', '12900', 1, '', '', 0.000000, 0),
	(187, 675, NULL, 'SH2310C2', 'RECETA METAL BRONCE- PAT CALADA', '12900', 1, '', '', 0.000000, 0),
	(188, 1031, NULL, 'LM3145C1', 'RECETA', '24200', 1, '', '', 0.000000, 0),
	(189, 1031, NULL, 'LM3145C3', 'RECETA', '24200', 1, '', '', 0.000000, 0),
	(190, 1031, NULL, 'LM3138C2', 'RECETA', '28900', 1, '', '', 0.000000, 0),
	(191, 1031, NULL, 'LM3164C4', 'RECETA', '28900', 1, '', '', 0.000000, 0),
	(192, 1048, NULL, 'LM3107C2', 'RECETA LA MATTA ', '24200', 1, '', '', 0.000000, 0),
	(193, 1048, NULL, 'LM3108C3', 'RECETA LA MATTA ', '24200', 1, '', '', 0.000000, 0),
	(194, 1048, NULL, 'LM3109C1', 'RECETA LA MATTA ', '24200', 1, '', '', 0.000000, 0),
	(195, 1048, NULL, 'LM3107C1', 'RECETA LA MATTA', '24200', 1, '', '', 0.000000, 0),
	(196, 1048, NULL, 'LM3144C3', 'RECETA LA MATTA', '28900', 1, '', '', 0.000000, 0),
	(197, 1048, NULL, 'LM3126C2', 'RECETA LA MATTA', '28900', 1, '', '', 0.000000, 0),
	(198, 1048, NULL, 'LM3127C3', 'RECETA LA MATTA', '24200', 1, '', '', 0.000000, 0),
	(199, 1048, NULL, 'LM3144C2', 'RECETA LA MATTA', '28900', 1, '', '', 0.000000, 0),
	(200, 1048, NULL, 'LM3115C4', 'RECETA LA MATTA', '24200', 1, '', '', 0.000000, 0),
	(201, 1048, NULL, 'LM3119C4', 'RECETA LA MATTA', '24200', 1, '', '', 0.000000, 0),
	(202, 1048, NULL, 'LM3160C1', 'RECETA LA MATTA', '28900', 1, '', '', 0.000000, 0),
	(203, 1048, NULL, 'LM3132C1', 'RECETA LA MATTA', '24200', 1, '', '', 0.000000, 0),
	(204, 1048, NULL, 'LM3128C2', 'RECETA LA MATTA', '28900', 1, '', '', 0.000000, 0),
	(205, 1048, NULL, 'LM3108C1', 'RECETA LA MATTA', '24200', 1, '', '', 0.000000, 0),
	(206, 1048, NULL, 'LM3124C4', 'RECETA LA MATTA', '24200', 1, '', '', 0.000000, 0),
	(207, 1048, NULL, 'LM3114C2', 'RECETA LA MATTA', '28900', 1, '', '', 0.000000, 0),
	(208, 1048, NULL, 'LM3135C4', 'RECETA LA MATTA', '24200', 1, '', '', 0.000000, 0),
	(209, 1048, NULL, 'LM3129C3', 'RECETA LA MATTA', '28900', 1, '', '', 0.000000, 0),
	(210, 1048, NULL, 'LM3134C3', 'RECETA LA MATTA', '28900', 1, '', '', 0.000000, 0),
	(211, 1048, NULL, 'LM3107C3', 'RECETA LA MATTA', '24200', 1, '', '', 0.000000, 0),
	(212, 1048, NULL, 'LM3128C1', 'RECETA LA MATTA', '28900', 1, '', '', 0.000000, 0),
	(213, 1052, NULL, 'LM3120C1', 'RECETA LA MATTA', '24200', 1, '', '', 0.000000, 0),
	(214, 1052, NULL, 'LM3110C3', 'RECETA LA MATTA', '28900', 1, '', '', 0.000000, 0),
	(215, 1052, NULL, 'LM3118C2', 'RECETA LA MATTA', '24200', 1, '', '', 0.000000, 0),
	(216, 1052, NULL, 'LM3132C2', 'RECETA LA MATTA', '24200', 1, '', '', 0.000000, 0),
	(217, 1052, NULL, 'LM3127C1', 'RECETA LA MATTA', '24200', 1, '', '', 0.000000, 0),
	(218, 1052, NULL, 'LM3132C4', 'RECETA LA MATTA', '24200', 1, '', '', 0.000000, 0),
	(219, 1048, NULL, 'LM3115C3', 'RECETA LA MATTA', '24200', 1, '', '', 0.000000, 0),
	(220, 1052, NULL, 'LM3164C1', 'RECETA LA MATTA', '28900', 1, '', '', 0.000000, 0),
	(221, 1052, NULL, 'LM3124C3', 'RECETA LA MATTA', '24200', 1, '', '', 0.000000, 0),
	(222, 1052, NULL, 'LM3127C2', 'RECETA LA MATTA', '24200', 1, '', '', 0.000000, 0),
	(223, 1052, NULL, 'LM3137C2', 'RECETA LA MATTA', '28900', 1, '', '', 0.000000, 0),
	(224, 1052, NULL, 'LM3109C2', 'RECETA LA MATTA', '24200', 1, '', '', 0.000000, 0),
	(225, 1052, NULL, 'LM3127C4', 'RECETA LA MATTA', '24200', 1, '', '', 0.000000, 0),
	(226, 1052, NULL, 'LM3126C4', 'RECETA LA MATTA', '28900', 1, '', '', 0.000000, 0),
	(227, 1052, NULL, 'LM3129C1', 'RECETA LA MATTA', '28900', 1, '', '', 0.000000, 0),
	(228, 1052, NULL, 'LM3080C4', 'RECETA LA MATTA', '28900', 1, '', '', 0.000000, 0),
	(229, 1059, NULL, 'VM3589C1', 'RECETA -M- METAL LILA ', '16500', 1, '', '', 0.000000, 0),
	(230, 1059, NULL, 'VM6961C2', 'RECETA -M- CAREY MARRON PERLADO', '16500', 1, '', '', 0.000000, 0),
	(231, 1035, NULL, 'SHI85C10S', 'RECETA', '7500', 1, '', '', 0.000000, 0),
	(232, 1052, NULL, 'LM3160C4', 'RECETA LA MATTA', '28900', 1, '', '', 0.000000, 0),
	(233, 1083, NULL, 'LIGNE-DESIRE', 'RECETA', '5400', 1, '', '', 0.000000, 0),
	(234, 1035, NULL, 'SH03C13', 'RECETA SHITTO', '9500', 1, '', '', 0.000000, 0),
	(235, 1100, NULL, 'LM3062C4', 'RECETA LA MATTA', '28900', 1, '', '', 0.000000, 0),
	(236, 1131, NULL, 'REEFK215C4', 'SOL -M- ACETATO ENVOL ESPEJ NEGRO MATE INT NARANJA (AM)', '36800', 1, '', '', 0.000000, 0),
	(237, 1133, NULL, 'REEF5143C4', 'RECETA -M- ACETATO ENVOL MARRON MOT -PAT ROJA', '33500', 1, '', '', 0.000000, 0),
	(238, 1133, NULL, 'REEF5215C1', 'RECETA -M- METAL GRIS INT CREMA', '49500', 1, '', '', 0.000000, 0),
	(239, 1133, NULL, 'REEF5215C4', 'RECETA -M- METAL LILA/DORADO INT CREMA', '49500', 1, '', '', 0.000000, 0),
	(240, 1133, NULL, 'REEF5204C1', 'RECETA -U- ACETATO ENVOL NEGRO MATE', '46900', 1, '', '', 0.000000, 0),
	(241, 1133, NULL, 'REEF5204C2', 'RECETA -U- ACETATO ENVOL NEGRO -PAT GRIS', '46900', 1, '', '', 0.000000, 0),
	(242, 1133, NULL, 'REEF5204C4', 'RECETA -U- ACETATO ENVOL AZUL TRANSP -PAT TRANSP', '46900', 1, '', '', 0.000000, 0),
	(243, 595, NULL, 'REC-KIDS', 'RECETA NIÑOS VARIOS', '7500', 1, '', '', 0.000000, 0),
	(244, 1140, NULL, 'SH1001NC3', 'RECETA -M- ACETATO BORDO MATE -PAT INT ESTAMP', '15500', 1, '', '', 0.000000, 0),
	(245, 1147, NULL, 'OS601', 'ONA SAEZ RECETA', '7500', 1, '', '', 0.000000, 0),
	(246, 1147, NULL, 'OS603', 'ONA SAEZ RECETA', '7500', 1, '', '', 0.000000, 0),
	(247, 1147, NULL, 'OS604', 'ONA SAEZ RECETA', '7500', 1, '', '', 0.000000, 0),
	(248, 1083, NULL, 'ECO-METAL', 'RECETA ECONOMICO METAL', '9500', 1, '', '', 0.000000, 0),
	(249, 1151, NULL, 'KKV370C3', 'KAOS RECETA', '13500', 1, '', '', 0.000000, 0),
	(250, 1151, NULL, 'KKV368C4', 'KAOS RECETA', '13500', 1, '', '', 0.000000, 0),
	(251, 1151, NULL, 'KKV362C3', 'KAOS RECETA', '13500', 1, '', '', 0.000000, 0),
	(252, 1151, NULL, 'KKV362C4', 'KAOS RECETA', '13500', 1, '', '', 0.000000, 0),
	(253, 1151, NULL, 'KKV354C2', 'KAOS RECETA', '13500', 1, '', '', 0.000000, 0),
	(254, 1151, NULL, 'KKV354C3', 'KAOS RECETA', '13500', 1, '', '', 0.000000, 0),
	(255, 1151, NULL, 'KKV351C2', 'KAOS RECETA', '13500', 1, '', '', 0.000000, 0),
	(256, 1151, NULL, 'KKV351C3', 'KAOS RECETA', '13500', 1, '', '', 0.000000, 0),
	(257, 1151, NULL, 'KKV342C2', 'KAOS RECETA', '13500', 1, '', '', 0.000000, 0),
	(258, 1151, NULL, 'KKV342C4', 'KAOS RECETA', '13500', 1, '', '', 0.000000, 0),
	(259, 1151, NULL, 'KKV340C1', 'KAOS RECETA', '13500', 1, '', '', 0.000000, 0),
	(260, 1151, NULL, 'KKV340C3', 'KAOS RECETA', '13500', 1, '', '', 0.000000, 0),
	(261, 1151, NULL, 'KKV332C2', 'KAOS RECETA', '13500', 1, '', '', 0.000000, 0),
	(262, 1151, NULL, 'KKV332C4', 'KAOS RECETA', '13500', 1, '', '', 0.000000, 0),
	(263, 1151, NULL, 'KKV329C1', 'KAOS RECETA', '13500', 1, '', '', 0.000000, 0),
	(264, 1151, NULL, 'KKV329C3', 'KAOS RECETA', '13500', 1, '', '', 0.000000, 0),
	(265, 1151, NULL, 'KKV327C1', 'KAOS RECETA', '13500', 1, '', '', 0.000000, 0),
	(266, 1151, NULL, 'KKV327C2', 'KAOS RECETA', '13500', 1, '', '', 0.000000, 0),
	(267, 1151, NULL, 'KKV327C3', 'KAOS RECETA', '13500', 1, '', '', 0.000000, 0),
	(268, 1151, NULL, 'KKV326C4', 'KAOS RECETA', '13500', 1, '', '', 0.000000, 0),
	(269, 1151, NULL, 'KKV323C2', 'KAOS RECETA', '13500', 1, '', '', 0.000000, 0),
	(270, 1151, NULL, 'KKV323C3', 'KAOS RECETA', '13500', 1, '', '', 0.000000, 0),
	(271, 1151, NULL, 'KKV309C3', 'KAOS RECETA', '13500', 1, '', '', 0.000000, 0),
	(272, 1151, NULL, 'KKV309C4', 'KAOS RECETA', '13500', 1, '', '', 0.000000, 0),
	(273, 1151, NULL, 'KKV304C2', 'KAOS RECETA', '13500', 1, '', '', 0.000000, 0),
	(274, 1151, NULL, 'KKV302C2', 'KAOS RECETA', '13500', 1, '', '', 0.000000, 0),
	(275, 1151, NULL, 'KKV300C3', 'KAOS RECETA', '13500', 1, '', '', 0.000000, 0),
	(276, 1151, NULL, 'KKV293C3', 'KAOS RECETA', '13500', 1, '', '', 0.000000, 0),
	(277, 864, NULL, 'S35S', 'SOL -U- METAL COLORES VARIOS', '11200', 1, '', '', 0.000000, 0),
	(278, 1152, NULL, 'LM3110C2', 'LA MATTA RECETA', '28900', 1, '', '', 0.000000, 0),
	(279, 1152, NULL, 'LM3109C3', 'LA MATTA RECETA', '24200', 1, '', '', 0.000000, 0),
	(280, 1152, NULL, 'LM3108C4', 'LA MATTA RECETA', '24200', 1, '', '', 0.000000, 0),
	(281, 1152, NULL, 'LM3124C1', 'LA MATTA RECETA', '24200', 1, '', '', 0.000000, 0),
	(282, 1152, NULL, 'LM3118C1', 'LA MATTA RECETA', '24200', 1, '', '', 0.000000, 0),
	(283, 1152, NULL, 'LM3118C4', 'LA MATTA RECETA', '24200', 1, '', '', 0.000000, 0),
	(284, 1152, NULL, 'LM3117C4', 'LA MATTA RECETA', '24200', 1, '', '', 0.000000, 0),
	(285, 1152, NULL, 'LM3113C3', 'LA MATTA RECETA', '28900', 1, '', '', 0.000000, 0),
	(286, 1152, NULL, 'LM3160C2', 'LA MATTA RECETA', '28900', 1, '', '', 0.000000, 0),
	(287, 1152, NULL, 'LM3143C3', 'LA MATTA RECETA', '24200', 1, '', '', 0.000000, 0),
	(288, 1152, NULL, 'LM3134C1', 'LA MATTA RECETA', '28900', 1, '', '', 0.000000, 0),
	(289, 1152, NULL, 'LM3134C2', 'LA MATTA RECETA', '28900', 1, '', '', 0.000000, 0),
	(290, 1152, NULL, 'LM3132C3', 'LA MATTA RECETA', '24200', 1, '', '', 0.000000, 0),
	(291, 1148, NULL, 'VM3561C4', 'RECETA -M- METAL M/M BRONCE', '16500', 1, '', '', 0.000000, 0),
	(292, 1174, NULL, 'ORE6110C2', 'SOL -M- ACETATO MARRON MOT/PELTRE (G)', '57400', 1, '', '', 0.000000, 0),
	(293, 1174, NULL, 'ORE6108C2', 'SOL -M- ACETATO NEGRO INT GRIS MOT -PAT METAL (G DEG)', '57400', 1, '', '', 0.000000, 0),
	(294, 1185, NULL, 'REEF5190C1', 'RECETA -U- ACETATO NEGRO MATE', '45600', 1, '', '', 0.000000, 0),
	(295, 1185, NULL, 'REEF5190C4', 'RECETA -U- ACETATO AZUL MATE', '45600', 1, '', '', 0.000000, 0),
	(296, 1148, NULL, 'VM3751C4', 'RECETA -M- CAREY CELESTE PERLADO', '16500', 1, '', '', 0.000000, 0),
	(297, 1148, NULL, 'VM3751C1', 'RECETA -M- CAREY GRIS PERLADO', '16500', 1, '', '', 0.000000, 0),
	(298, 1192, NULL, 'KIDDOS', 'REC NIÑOS', '6500', 1, '', '', 0.000000, 0),
	(299, 685, NULL, 'OR-MOJ-02C3', '', '4700', 1, '', '', 0.000000, 0),
	(300, 684, NULL, 'S33S', 'SOL -U- METAL ESPEJADO GDE COLORES VARIOS', '11200', 1, '', '', 0.000000, 0),
	(301, 1174, NULL, 'ORE7315C4', 'SOL -M- METAL RED BORDO/PLATEADO (G)', '55400', 1, '', '', 0.000000, 0),
	(302, 1237, NULL, 'M44C3', 'RECETA -M- CAREY REDONDO ROSA OSC/ROSA PAT AN PRINT', '3250', 1, '', '', 0.000000, 0),
	(303, 1221, NULL, 'PAMI', 'ARMAZON DE RECETA', '2500', 1, '', '', 0.000000, 0),
	(304, 1225, NULL, 'LER-019C19', 'RECETA', '20700', 1, '', '', 0.000000, 0),
	(305, 1225, NULL, 'LER-064C19', 'RECETA', '20700', 1, '', '', 0.000000, 0),
	(306, 1225, NULL, 'LER-068C9', 'RECETA', '20700', 1, '', '', 0.000000, 0),
	(307, 1225, NULL, 'LER-073C9', 'RECETA', '20700', 1, '', '', 0.000000, 0),
	(308, 1225, NULL, 'LER-075C17', 'RECETA', '20700', 1, '', '', 0.000000, 0),
	(309, 1233, NULL, 'M29591C3', 'RECETA', '15300', 1, '', '', 0.000000, 0),
	(310, 1233, NULL, 'M29461C3', 'RECETA', '15300', 1, '', '', 0.000000, 0),
	(311, 1233, NULL, 'M29615C2', 'RECETA', '15300', 1, '', '', 0.000000, 0),
	(312, 1233, NULL, 'M29615C3', 'RECETA', '15300', 1, '', '', 0.000000, 0),
	(313, 1233, NULL, 'M29608C1', 'RECETA', '15300', 1, '', '', 0.000000, 0),
	(314, 1233, NULL, 'M29608C2', 'RECETA', '15300', 1, '', '', 0.000000, 0),
	(315, 1233, NULL, 'M29608C3', 'RECETA', '15300', 1, '', '', 0.000000, 0),
	(316, 1233, NULL, 'M29608C4', 'RECETA', '15300', 1, '', '', 0.000000, 0),
	(317, 1233, NULL, 'M29614C2', 'RECETA', '15300', 1, '', '', 0.000000, 0),
	(318, 1233, NULL, 'M29614C3', 'RECETA', '15300', 1, '', '', 0.000000, 0),
	(319, 1233, NULL, 'M29614C4', 'RECETA', '15300', 1, '', '', 0.000000, 0),
	(320, 1233, NULL, 'M29200C4', 'RECETA', '15300', 1, '', '', 0.000000, 0),
	(321, 1233, NULL, 'M29180C2', 'RECETA', '15300', 1, '', '', 0.000000, 0),
	(322, 1233, NULL, 'M29180C3', 'RECETA', '15300', 1, '', '', 0.000000, 0),
	(323, 1233, NULL, 'M29208C1', 'RECETA', '15300', 1, '', '', 0.000000, 0),
	(324, 1233, NULL, 'M29208C3', 'RECETA', '15300', 1, '', '', 0.000000, 0),
	(325, 1233, NULL, 'M29208C4', 'RECETA', '15300', 1, '', '', 0.000000, 0),
	(326, 1152, NULL, 'LM3129C4', 'RECETA', '28900', 1, '', '', 0.000000, 0),
	(327, 1152, NULL, 'LM3137C3', 'RECETA', '28900', 1, '', '', 0.000000, 0),
	(328, 1152, NULL, 'LM3137C4', 'RECETA', '28900', 1, '', '', 0.000000, 0),
	(329, 1152, NULL, 'LM3140C3', 'RECETA', '28900', 1, '', '', 0.000000, 0),
	(330, 1152, NULL, 'LM3160C3', 'RECETA', '28900', 1, '', '', 0.000000, 0),
	(331, 1152, NULL, 'LM3162C1', 'RECETA', '28900', 1, '', '', 0.000000, 0),
	(332, 1152, NULL, 'LM3080C1', 'RECETA', '28900', 1, '', '', 0.000000, 0),
	(333, 1152, NULL, 'LM3109C4', 'RECETA', '24200', 1, '', '', 0.000000, 0),
	(334, 1152, NULL, 'LM3114C4', 'RECETA', '28900', 1, '', '', 0.000000, 0),
	(335, 1152, NULL, 'LM3117C2', 'RECETA', '24200', 1, '', '', 0.000000, 0),
	(336, 1152, NULL, 'LM3120C2', 'RECETA', '24200', 1, '', '', 0.000000, 0),
	(337, 1152, NULL, 'LM3123C1', 'RECETA', '24200', 1, '', '', 0.000000, 0),
	(338, 1148, NULL, 'VM3738C3', 'RECETA -M- METAL RED PLATEADO/VERDE AGUA', '45700', 1, '', '', 0.000000, 0),
	(339, 1148, NULL, 'VM3738C4', 'RECETA -M- METAL RED BRONCE/MARRON', '45700', 1, '', '', 0.000000, 0),
	(340, 1148, NULL, 'VM3807C3', 'RECETA -M- METAL M/M DORADO', '51300', 1, '', '', 0.000000, 0),
	(341, 868, NULL, 'CNX-METAL', 'RECETA', '7500', 1, '', '', 0.000000, 0),
	(342, 867, NULL, 'ANGIUS-METAL', 'RECETA', '7500', 1, '', '', 0.000000, 0),
	(343, 1152, NULL, 'LM3126C1', 'RECETA', '28900', 1, '', '', 0.000000, 0),
	(344, 1236, NULL, 'SUM-LAU58016', 'RECETA', '12900', 1, '', '', 0.000000, 0),
	(345, 1236, NULL, 'SUM-BONNIE', 'RECETA', '14900', 1, '', '', 0.000000, 0),
	(346, 1236, NULL, 'SUM-GLORIA', 'RECETA', '14900', 1, '', '', 0.000000, 0),
	(347, 1236, NULL, 'SUM-SEL-58065', 'RECETA', '12900', 1, '', '', 0.000000, 0),
	(348, 1236, NULL, 'SUM-MAXSMITH', 'RECETA', '12900', 1, '', '', 0.000000, 0),
	(349, 1236, NULL, 'SUM-CLAUDIOLOPEZ', 'RECETA', '14900', 1, '', '', 0.000000, 0),
	(350, 1236, NULL, 'SUM-STARK', 'RECETA', '10900', 1, '', '', 0.000000, 0),
	(351, 1236, NULL, 'SUM-VICHY', 'RECETA', '14900', 1, '', '', 0.000000, 0),
	(352, 1236, NULL, 'SUM-VICHY047', 'RECETA', '10900', 1, '', '', 0.000000, 0),
	(353, 1236, NULL, 'SUM-VICHY046', 'RECETA', '10900', 1, '', '', 0.000000, 0),
	(354, 1236, NULL, 'SUM-SEL58092', 'RECETA', '12900', 1, '', '', 0.000000, 0),
	(355, 1236, NULL, 'SUM-BACKSTAGE', 'RECETA', '10900', 1, '', '', 0.000000, 0),
	(356, 1236, NULL, 'SUM-OZZIE6032', 'RECETA', '5500', 1, '', '', 0.000000, 0),
	(357, 1236, NULL, 'SUM-OZZIE6027', 'RECETA', '5500', 1, '', '', 0.000000, 0),
	(358, 1236, NULL, 'SUM-OLIVEPEOPLE', 'RECETA', '10900', 1, '', '', 0.000000, 0),
	(359, 1236, NULL, 'SUM-JOES', 'RECETA', '10900', 1, '', '', 0.000000, 0),
	(360, 1236, NULL, 'SUM-ZM045', 'RECETA', '10900', 1, '', '', 0.000000, 0),
	(361, 1236, NULL, 'SUM-URBAIN', 'RECETA', '7500', 1, '', '', 0.000000, 0),
	(362, 1236, NULL, 'SUM-URBAN', 'RECETA', '7500', 1, '', '', 0.000000, 0),
	(363, 1237, NULL, 'M85C1', 'RECETA -M- CAREY REDONDO NEGRO', '3250', 1, '', '', 0.000000, 0),
	(364, 1237, NULL, 'M82C1', 'RECETA -M- CAREY RED AN PRINT MARRON/GRIS -PAT NEGRAS', '3250', 1, '', '', 0.000000, 0),
	(365, 1237, NULL, 'M82C3', 'RECETA -M- CAREY RED AZUL OSC INT LILA -PAT BLANCAS', '3250', 1, '', '', 0.000000, 0),
	(366, 1237, NULL, 'M79C2', 'RECETA -M- CAREY ROJO - PAT BLANCAS', '3250', 1, '', '', 0.000000, 0),
	(367, 1237, NULL, 'M86C4', 'RECETA -M- CAREY NEGRO -PAT FUCSIA', '3250', 1, '', '', 0.000000, 0),
	(368, 1237, NULL, 'M85C2', 'RECETA -M- CAREY REDONDO AN PRINT MARRON', '3250', 1, '', '', 0.000000, 0),
	(369, 1237, NULL, 'M85C3', 'RECETA -M- CAREY REDONDO AZUL OSCURO', '3250', 1, '', '', 0.000000, 0),
	(370, 1237, NULL, 'M79C1', 'RECETA -M- CAREY VIOLETA', '3250', 1, '', '', 0.000000, 0),
	(371, 1237, NULL, 'M81C2', 'RECETA -U- CAREY MARRON TRANSPARENTE', '3250', 1, '', '', 0.000000, 0),
	(372, 1243, NULL, 'AX3055L-8078', 'RECETA -H- INYECTADO NEGRO MATE', '31400', 1, '', '', 0.000000, 0),
	(373, 1174, NULL, 'ORE7337C4', 'SOL -M- METAL NEGRO (G)', '65300', 1, '', '', 0.000000, 0),
	(374, 1185, NULL, 'REEF5258C1', 'RECETA -H- METAL NEGRO MATE -PAT TURQ ROTATORIA', '40600', 1, '', '', 0.000000, 0),
	(375, 1258, NULL, 'KIDDOS-SOL', 'SOL -N- CAREY COLORES VARIOS (G)', '9800', 1, '', '', 0.000000, 0),
	(376, 1140, NULL, 'SH1008C1', 'RECETA -U- METAL AZUL -PAT SHITTO', '19800', 1, '', '', 0.000000, 0),
	(377, 1140, NULL, 'SH1008C3', 'RECETA -U- METAL MARRON -PAT SHITTO', '19800', 1, '', '', 0.000000, 0),
	(378, 1140, NULL, 'SH1005C1', 'RECETA -U- METAL DORADO -PAT MARRON', '19100', 1, '', '', 0.000000, 0),
	(379, 1140, NULL, 'SH1005C2', 'RECETA -U- METAL PELTRE -PAT NEGRA', '19100', 1, '', '', 0.000000, 0),
	(380, 1140, NULL, 'SH1007C1', 'RECETA -U- METAL RANURADO BRONCE', '19100', 1, '', '', 0.000000, 0),
	(381, 1140, NULL, 'SH1007C2', 'RECETA -U- METAL RANURADO PLATEADO', '19100', 1, '', '', 0.000000, 0),
	(382, 1140, NULL, 'SH1007C3', 'RECETA -U- METAL RANURADO AZUL', '19100', 1, '', '', 0.000000, 0),
	(383, 1237, NULL, 'M88C3', 'RECETA -M- CAREY MARRON/VERDE MOTEADO', '3250', 1, '', '', 0.000000, 0),
	(384, 1237, NULL, 'M88C2', 'RECETA -M- CAREY MARRON MOTEADO', '3250', 1, '', '', 0.000000, 0),
	(385, 1237, NULL, 'M82C2', 'RECETA -M- CAREY RED NEGRO INT BLANCO -PAT NEGRAS', '3250', 1, '', '', 0.000000, 0),
	(386, 1237, NULL, 'M73C1', 'RECETA -M- CAREY ROJO -PAT BORDO/ROSA', '3250', 1, '', '', 0.000000, 0),
	(387, 1237, NULL, 'M90C1', 'RECETA -U- CAREY NEGRO/CELESTE', '3250', 1, '', '', 0.000000, 0),
	(388, 1237, NULL, 'M89C1', 'RECETA -N- CAREY FUCSIA - PAT BLANCAS', '3250', 1, '', '', 0.000000, 0),
	(389, 1237, NULL, 'M89C2', 'RECETA -N- CAREY ROSA - PAT BLANCAS', '3250', 1, '', '', 0.000000, 0),
	(390, 1237, NULL, 'M86C1', 'RECETA -M- CAREY EXAG ROJO', '3250', 1, '', '', 0.000000, 0),
	(391, 1237, NULL, 'M86C2', 'RECETA -M- CAREY EXAG FUCSIA', '3250', 1, '', '', 0.000000, 0),
	(392, 1237, NULL, 'M86C3', 'RECETA -M- CAREY EXAG VIOLETA', '3250', 1, '', '', 0.000000, 0),
	(393, 1237, NULL, 'M86C5', 'RECETA -M- CAREY EXAG ROJO -PAT NEGRAS', '3250', 1, '', '', 0.000000, 0),
	(394, 672, NULL, 'LS035C2', 'RECETA -M- CAREY/METAL BORDO/DORADO - PAT METAL DORADO', '26900', 1, '', '', 0.000000, 0),
	(395, 1218, NULL, 'DC9079C1', 'RECETA -H- ACETATO NEGRO', '21400', 1, '', '', 0.000000, 0),
	(396, 1218, NULL, 'DCD06C4', 'RECETA -U- ACETATO GRIS TRANSPARENTE', '21400', 1, '', '', 0.000000, 0),
	(397, 672, NULL, 'LS031C4', 'RECETA -M- CAREY NUDE/AN.P MARRON - PAT METAL DORADO', '26900', 1, '', '', 0.000000, 0),
	(398, 1218, NULL, 'DCD06C1', 'RECETA -U- ACETATO NEGRO NEGRO', '21400', 1, '', '', 0.000000, 0),
	(399, 1218, NULL, 'DC9079C6', 'RECETA -H- ACETATO GRIS TRANSPARENTE', '21400', 1, '', '', 0.000000, 0),
	(400, 672, NULL, 'LS035C1', 'RECETA -M- CAREY/METAL NEGRO/DORADO - PAT METAL DORADO', '26900', 1, '', '', 0.000000, 0),
	(401, 672, NULL, 'LS031C1', 'RECETA -M- CAREY NEGRO - PAT METAL DORADO', '26900', 1, '', '', 0.000000, 0),
	(402, 672, NULL, 'LS032C1', 'RECETA -M- CAREY NEGRO - PAT METAL DORADO', '26900', 1, '', '', 0.000000, 0),
	(403, 672, NULL, 'LS037C2', 'RECETA -M- CAREY TRANSPARENTE - PAT METAL DORADO', '26900', 1, '', '', 0.000000, 0),
	(404, 672, NULL, 'LS035C3', 'RECETA -M- CAREY/METAL TRANSPARENTE/DORADO - PAT METAL DORADO', '26900', 1, '', '', 0.000000, 0),
	(405, 672, NULL, 'LS037C4', 'RECETA -M- CAREY NUDE TRANSP - PAT METAL DORADO', '26900', 1, '', '', 0.000000, 0),
	(406, 672, NULL, 'LS031C3', 'RECETA -M- CAREY ROJO/NEGRO/AN.PRINT - PAT METAL DORADO', '26900', 1, '', '', 0.000000, 0),
	(407, 672, NULL, 'LS032C6', 'RECETA -M- CAREY AZUL - PAT METAL DORADO', '26900', 1, '', '', 0.000000, 0),
	(408, 672, NULL, 'LS032C4', 'RECETA -M- CAREY NUDE/AN.PRINT MARRON - PAT METAL DORADO', '26900', 1, '', '', 0.000000, 0),
	(409, 672, NULL, 'LS037C1', 'RECETA -M- CAREY NEGRO - PAT METAL DORADO', '26900', 1, '', '', 0.000000, 0),
	(410, 672, NULL, 'LS032C3', 'RECETA -M- CAREY ROJO/NEGRO/AN.PRINT - PAT METAL DORADO', '26900', 1, '', '', 0.000000, 0),
	(411, 1218, NULL, 'TR52C11', 'RECETA -N- ACETATO SUPER FLEX ROJO/ROSA', '14800', 1, '', '', 0.000000, 0),
	(412, 1218, NULL, 'TR52C12', 'RECETA -N- ACETATO SUPER FLEX TURQUESA/CEL', '14800', 1, '', '', 0.000000, 0),
	(413, 1218, NULL, 'TR44C2', 'RECETA -N- ACETATO SUPER FLEX NEGRO/ROJO', '14800', 1, '', '', 0.000000, 0),
	(414, 1218, NULL, 'TR53C7', 'RECETA -N- ACETATO SUPER FLEX NEGRO/GRIS', '14800', 1, '', '', 0.000000, 0),
	(415, 1218, NULL, 'TR44C10', 'RECETA -N- ACETATO SUPER FLEX LILA TRANSP/VIOLETA', '14800', 1, '', '', 0.000000, 0),
	(416, 1218, NULL, 'TR49C14', 'RECETA -N- ACETATO SUPER FLEX ROSA/AMARILLO', '14800', 1, '', '', 0.000000, 0),
	(417, 1218, NULL, 'TR48C9', 'RECETA -N- ACETATO SUPER FLEX CELESTE TRANSP/TURQUESA', '14800', 1, '', '', 0.000000, 0),
	(418, 1218, NULL, 'TR49C7', 'RECETA -N- ACETATO SUPER FLEX NEGRO/GRIS', '14800', 1, '', '', 0.000000, 0),
	(419, 1218, NULL, 'TR52C6', 'RECETA -N- ACETATO SUPER FLEX NEGRO/VERDE MZA', '14800', 1, '', '', 0.000000, 0),
	(420, 1218, NULL, 'TR53C11', 'RECETA -N- ACETATO SUPER FLEX ROJO/ROSA', '14800', 1, '', '', 0.000000, 0),
	(421, 1218, NULL, 'TR44C11', 'RECETA -N- ACETATO SUPER FLEX ROJO/ROSA', '14800', 1, '', '', 0.000000, 0),
	(422, 1218, NULL, 'TR49C8', 'RECETA -N- ACETATO SUPER FLEX  BORDO/ROSA', '14800', 1, '', '', 0.000000, 0),
	(423, 1218, NULL, 'TR44C6', 'RECETA -N- ACETATO SUPER FLEX NEGRO/VERDE MZA ', '14800', 1, '', '', 0.000000, 0),
	(424, 1218, NULL, 'TR51C11', 'RECETA -N- ACETATO SUPER FLEX ROJO/ROSA', '14800', 1, '', '', 0.000000, 0),
	(425, 1218, NULL, 'TR92002C4', 'RECETA -U- ACETATO AZUL -PAT MOT', '21400', 1, '', '', 0.000000, 0),
	(426, 1218, NULL, 'TR92002C5', 'RECETA -U- ACETATO GRIS OSC', '21400', 1, '', '', 0.000000, 0),
	(427, 1218, NULL, 'TR92005C2', 'RECETA -H- ACETATO NEGRO MATE', '21400', 1, '', '', 0.000000, 0),
	(428, 1218, NULL, 'TR92005C6', 'RECETA -H- ACETATO GRIS OSC MATE -PAT MOT', '21400', 1, '', '', 0.000000, 0),
	(429, 672, NULL, 'LS023C1', 'RECETA -M- CAREY NEGRO', '22400', 1, '', '', 0.000000, 0),
	(430, 672, NULL, 'LS027C5', 'RECETA -M- CAREY ROJO/TRANSP', '24800', 1, '', '', 0.000000, 0),
	(431, 672, NULL, 'LS027C1', 'RECETA -M- CAREY NEGRO', '24800', 1, '', '', 0.000000, 0),
	(432, 672, NULL, 'LS029C2', 'RECETA -M- CAREY NEGRO MOTEADO/TRANSP', '26900', 1, '', '', 0.000000, 0),
	(433, 672, NULL, 'LS028C2', 'RECETA -M- CAREY NEGRO MOTEADO/TRANSP', '24800', 1, '', '', 0.000000, 0),
	(434, 672, NULL, 'LS027C10', 'RECETA -M- CAREY GRIS TRANSP', '24800', 1, '', '', 0.000000, 0),
	(435, 672, NULL, 'LS020C2', 'RECETA -M- CAREY TRANSPARENTE', '22400', 1, '', '', 0.000000, 0),
	(436, 672, NULL, 'LS015C2', 'RECETA -M- CAREY NUDE TRANSP', '23800', 1, '', '', 0.000000, 0),
	(437, 672, NULL, 'LS023C3', 'RECETA -M- CAREY ROSA TRANSP', '22400', 1, '', '', 0.000000, 0),
	(438, 672, NULL, 'LS023C2', 'RECETA -M- CAREY TRANSPARENTE', '22400', 1, '', '', 0.000000, 0),
	(439, 672, NULL, 'LS008C2', 'RECETA -M- CAREY NUDE TRANSP/DORADO', '22400', 1, '', '', 0.000000, 0),
	(440, 672, NULL, 'LS008C6', 'RECETA -M- CAREY BORDO/DORADO', '22400', 1, '', '', 0.000000, 0),
	(441, 672, NULL, 'LS020C5', 'RECETA -M- CAREY AN PRINT MARRÓN', '22400', 1, '', '', 0.000000, 0),
	(442, 672, NULL, 'LS015C3', 'RECETA -M- CAREY TOSTADO', '23800', 1, '', '', 0.000000, 0),
	(443, 672, NULL, 'LS015C1', 'RECETA -M- CAREY NEGRO', '23800', 1, '', '', 0.000000, 0),
	(444, 672, NULL, 'LS024C2', 'RECETA -M- CAREY BORDO/TRANSP', '29900', 1, '', '', 0.000000, 0),
	(445, 672, NULL, 'LS028C3', 'RECETA -M- CAREY TRANSPARENTE', '24800', 1, '', '', 0.000000, 0),
	(446, 672, NULL, 'LS020C1', 'RECETA -M- CAREY NEGRO', '22400', 1, '', '', 0.000000, 0),
	(447, 672, NULL, 'LS023C5', 'RECETA -M- CAREY AN PRINT MARRON', '22400', 1, '', '', 0.000000, 0),
	(448, 672, NULL, 'LS028C6', 'RECETA -M- CAREY MARRON/TRANSP', '24800', 1, '', '', 0.000000, 0),
	(449, 672, NULL, 'LS027C2', 'RECETA -M- CAREY AN PRINT NEGRO/TRANSP', '24800', 1, '', '', 0.000000, 0),
	(450, 1218, NULL, 'TR2217C2', 'RECETA -U- ACETATO NEGRO MATE -PAT METAL', '16900', 1, '', '', 0.000000, 0),
	(451, 1218, NULL, 'TR1208C3', 'RECETA -U- ACETATO GRIS MOTEADO -PAT MOT', '21400', 1, '', '', 0.000000, 0),
	(452, 1218, NULL, 'TR2210C4', 'RECETA -U- ACETATO AZUL -PAT METAL', '16900', 1, '', '', 0.000000, 0),
	(453, 1218, NULL, 'DCD12C4', 'RECETA -U- ACETATO MARRON MOT -PAT METAL DOR', '21400', 1, '', '', 0.000000, 0),
	(454, 1218, NULL, 'DCD12C3', 'RECETA -U- ACETATO GRIS TRANSPARENTE- PAT METAL DOR', '21400', 1, '', '', 0.000000, 0),
	(455, 1218, NULL, 'DCD12C1', 'RECETA -U- ACETATO NEGRO -PAT METAL DOR', '21400', 1, '', '', 0.000000, 0),
	(456, 1218, NULL, 'TR2217C5', 'RECETA -U- ACETATO GRIS TRANSP -PAT METAL', '16900', 1, '', '', 0.000000, 0),
	(457, 1218, NULL, 'TR2217C3', 'RECETA -U- ACETATO MARRON -PAT METAL', '16900', 1, '', '', 0.000000, 0),
	(458, 1218, NULL, 'TR2217C4', 'RECETA -U- ACETATO AZUL -PAT METAL', '16900', 1, '', '', 0.000000, 0),
	(459, 672, NULL, 'LS010C1', 'RECETA -M- CAREY LABRADO NEGRO', '22400', 1, '', '', 0.000000, 0),
	(460, 672, NULL, 'LS014C1', 'RECETA -M- CAREY NEGRO', '22400', 1, '', '', 0.000000, 0),
	(461, 672, NULL, 'LS010C2', 'RECETA -M- CAREY LABRADO TRANSPARENTE', '22400', 1, '', '', 0.000000, 0),
	(462, 672, NULL, 'LS014C5', 'RECETA -M- CAREY TOSTADO/TRANSP', '22400', 1, '', '', 0.000000, 0),
	(463, 672, NULL, 'TR92018C4', 'RECETA -M- CAREY GRIS TRANSPARENTE', '23400', 1, '', '', 0.000000, 0),
	(464, 672, NULL, 'TR92018C6', 'RECETA -M- CAREY CORAL/TRANSPARENTE', '23400', 1, '', '', 0.000000, 0),
	(465, 672, NULL, 'TR92025C1', 'RECETA -M- CAREY NEGRO', '23400', 1, '', '', 0.000000, 0),
	(466, 672, NULL, 'TR92025C2', 'RECETA -M- CAREY NEGRO/TRANSPARENTE', '23400', 1, '', '', 0.000000, 0),
	(467, 672, NULL, 'TR92025C4', 'RECETA -M- CAREY AZUL', '23400', 1, '', '', 0.000000, 0),
	(468, 672, NULL, 'LS014C8', 'RECETA -M- CAREY CELESTE TRANSP', '22400', 1, '', '', 0.000000, 0),
	(469, 672, NULL, 'TR92018C2', 'RECETA -M- CAREY BEIGE TRANSPARENTE', '23400', 1, '', '', 0.000000, 0),
	(470, 672, NULL, 'TR92018C1', 'RECETA -M- CAREY NEGRO/TRANSPARENTE', '23400', 1, '', '', 0.000000, 0),
	(471, 672, NULL, 'TR1222C2', 'RECETA -M- CAREY NEGRO/TRANSP MOTEADO - PAT METAL DORADO', '25800', 1, '', '', 0.000000, 0),
	(472, 672, NULL, 'B20062C1', 'RECETA -M- METAL M/M NEGRO/DORADO', '26200', 1, '', '', 0.000000, 0),
	(473, 672, NULL, 'TR1220C5', 'RECETA -M- CAREY BEIGE MOTEADO ', '24800', 1, '', '', 0.000000, 0),
	(474, 672, NULL, 'TR1220C2', 'RECETA -M- CAREY VIOLETA MOTEADO', '24800', 1, '', '', 0.000000, 0),
	(475, 1218, NULL, 'DC9079C5', 'RECETA -H- ACETATO GRIS CLARO TRANSP', '21400', 1, '', '', 0.000000, 0),
	(476, 672, NULL, 'TR1222C1', 'RECETA -M- CAREY NEGRO - PAT METAL DORADO', '25800', 1, '', '', 0.000000, 0),
	(477, 1218, NULL, 'TR2210C2', 'RECETA -U- ACETATO NEGRO MATE -PAT METAL', '16900', 1, '', '', 0.000000, 0),
	(478, 1218, NULL, 'TR1212C1', 'RECETA -M- ACETATO NEGRO -PAT MOT', '21400', 1, '', '', 0.000000, 0),
	(479, 1218, NULL, 'TR1212C7', 'RECETA -M- ACETATO VIOLETA MOTEADO', '21400', 1, '', '', 0.000000, 0),
	(480, 1218, NULL, 'TR1212C2', 'RECETA -M- ACETATO NEGRO MOTEADO', '21400', 1, '', '', 0.000000, 0),
	(481, 1218, NULL, 'TR1208C7', 'RECETA -U- ACETATO GRIS TRANSP MOTEADO -PAT MOT', '21400', 1, '', '', 0.000000, 0),
	(482, 672, NULL, 'TR1222C3', 'RECETA -M- CAREY AZUL MOTEADO - PAT METAL PLATEADO', '25800', 1, '', '', 0.000000, 0),
	(483, 672, NULL, 'LS010C4', 'RECETA -M- CAREY LABRADO ROSA', '22400', 1, '', '', 0.000000, 0),
	(484, 672, NULL, 'TR92025C5', 'RECETA -M- CAREY ROJO/TRANSPARENTE', '23400', 1, '', '', 0.000000, 0),
	(485, 1237, NULL, 'M70C1', 'RECETA -U- CAREY AZUL OSC/MOTEADO- PAT GRIS TRANSP', '3250', 1, '', '', 0.000000, 0),
	(486, 1218, NULL, 'SH14DO', 'RECETA -U- METAL CLIPPER DORADO', '18500', 1, '', '', 0.000000, 0),
	(487, 1218, NULL, 'SH14PL', 'RECETA -U- METAL CLIPPER PLATEADO', '18500', 1, '', '', 0.000000, 0),
	(488, 1237, NULL, 'M89C3', 'RECETA -N- CAREY VIOLETA', '3250', 1, '', '', 0.000000, 0),
	(489, 1243, NULL, 'AX3055L-8273', 'RECETA -H- INYECTADO AZUL MATE', '31400', 1, '', '', 0.000000, 0),
	(490, 1237, NULL, 'M82C4', 'RECETA -M- CAREY RED MAGENTA INT ROSA', '3250', 1, '', '', 0.000000, 0),
	(491, 672, NULL, '12-001C1', 'RECETA -N- CAREY FUCSIA  ', '11900', 1, '', '', 0.000000, 0),
	(492, 672, NULL, '12-001C2', 'RECETA -N- CAREY VIOLETA', '11900', 1, '', '', 0.000000, 0),
	(493, 672, NULL, '12-001C3', 'RECETA -N- CAREY ROJO OSC', '11900', 1, '', '', 0.000000, 0),
	(494, 672, NULL, '12-002C1', 'RECETA -N- CAREY ROSA', '11900', 1, '', '', 0.000000, 0),
	(495, 672, NULL, '12-002C2', 'RECETA -N- CAREY ROJO OSC', '11900', 1, '', '', 0.000000, 0),
	(496, 672, NULL, '12-002C3', 'RECETA -N- CAREY AZUL', '11900', 1, '', '', 0.000000, 0),
	(497, 672, NULL, '12-003C1', 'RECETA -N- CAREY ROSA', '11900', 1, '', '', 0.000000, 0),
	(498, 672, NULL, '12-003C2', 'RECETA -N- CAREY VERDE MANZ', '11900', 1, '', '', 0.000000, 0),
	(499, 672, NULL, '12-003C3', 'RECETA -N- CAREY VERDE MUSGO', '11900', 1, '', '', 0.000000, 0),
	(500, 672, NULL, '12-004C1', 'RECETA -M- CAREY  MARRON MOTEADO', '21400', 1, '', '', 0.000000, 0),
	(501, 672, NULL, '12-004C2', 'RECETA -M- CAREY GRIS MOTEADO', '21400', 1, '', '', 0.000000, 0),
	(502, 672, NULL, '12-004C3', 'RECETA -M- CAREY MARRON OSC MOTEADO', '21400', 1, '', '', 0.000000, 0),
	(503, 672, NULL, '12-005C1', 'RECETA -M- CAREY VIOLETA MOTEADO', '21400', 1, '', '', 0.000000, 0),
	(504, 672, NULL, '12-005C2', 'RECETA -M- CAREY GRIS MOTEADO', '21400', 1, '', '', 0.000000, 0),
	(505, 672, NULL, '12-005C3', 'RECETA -M- CAREY BEIGE/NEGRO MOT', '21400', 1, '', '', 0.000000, 0),
	(506, 672, NULL, '12-006C1', 'RECETA -M- CAREY AZUL MOTEADO C/CUBIC', '21400', 1, '', '', 0.000000, 0),
	(507, 672, NULL, '12-006C2', 'RECETA -M- CAREY VIOLETA MOTEADO C/CUBIC', '21400', 1, '', '', 0.000000, 0),
	(508, 672, NULL, '12-006C3', 'RECETA -M- CAREY MARRON MOTEADO C/CUBIC', '21400', 1, '', '', 0.000000, 0),
	(509, 672, NULL, '12-007C1', 'RECETA -M- METAL REPTIL NEGRO/PELTRE', '21400', 1, '', '', 0.000000, 0),
	(510, 672, NULL, '12-007C2', 'RECETA -M- METAL REPTIL BORDO/PELTRE', '21400', 1, '', '', 0.000000, 0),
	(511, 672, NULL, '12-007C3', 'RECETA -M- METAL REPTIL BEIGE/DORADO', '21400', 1, '', '', 0.000000, 0),
	(512, 672, NULL, '12-009C1', 'RECETA -M- CAREY MARRON/NAR', '21400', 1, '', '', 0.000000, 0),
	(513, 672, NULL, '12-011C1', 'RECETA -N- CAREY NEGRO C/OSOS', '11900', 1, '', '', 0.000000, 0),
	(514, 672, NULL, '12-011C2', 'RECETA -N- CAREY AZUL C/OSOS', '11900', 1, '', '', 0.000000, 0),
	(515, 672, NULL, '12-011C3', 'RECETA -N- CAREY ROJO OSC C/OSOS', '11900', 1, '', '', 0.000000, 0),
	(516, 672, NULL, 'C2007C2', 'RECETA -M- METAL M/M NEGRO', '19100', 1, '', '', 0.000000, 0),
	(517, 672, NULL, 'C2007C3', 'RECETA -M- METAL M/M BORDO', '19100', 1, '', '', 0.000000, 0),
	(518, 672, NULL, 'C2008C3', 'RECETA -M- METAL M/M PLATEADO', '19100', 1, '', '', 0.000000, 0),
	(519, 1218, NULL, 'TR48C12', 'RECETA -N- ACETATO SUPER FLEX TURQUESA/CEL', '14800', 1, '', '', 0.000000, 0),
	(520, 1218, NULL, 'SH4137C04S', 'RECET A', '7500', 1, '', '', 0.000000, 0),
	(521, 1218, NULL, 'SH4137C10M', 'RECETA', '7500', 1, '', '', 0.000000, 0),
	(522, 1218, NULL, 'SH4163C15M', 'RECETA', '7500', 1, '', '', 0.000000, 0),
	(523, 1196, NULL, 'SILVER-SANDSC2', 'RECETA ', '14900', 1, '', '', 0.000000, 0),
	(524, 627, NULL, 'SUM-OKUS', '', '7500', 1, '', '', 0.000000, 0),
	(525, 661, NULL, 'SUM-SIGNO', 'RECETA', '7500', 1, '', '', 0.000000, 0),
	(526, 1265, NULL, 'ENZOC1', 'RECETA KIDS TURQUESA', '9500', 1, '', '', 0.000000, 0),
	(527, 1267, NULL, 'SUM-DERAPAGE', 'RECETA -H- METAL RANURADO -PAT ACETATO', '12900', 1, '', '', 0.000000, 0),
	(528, 1196, NULL, 'SUM-METAL', 'RECETA METAL', '9500', 1, '', '', 0.000000, 0),
	(529, 922, NULL, 'LAZ-KIDS', 'RECETA KIDS METAL', '7500', 1, '', '', 0.000000, 0),
	(530, 922, NULL, 'SUM-LAZ', 'RECETA VARIOS', '7500', 1, '', '', 0.000000, 0),
	(531, 1196, NULL, 'SUM-MONTURA-AIRE', 'RECETA', '14900', 1, '', '', 0.000000, 0),
	(532, 1196, NULL, 'SUM-MEDIA-MONTURA', 'RECETA', '7500', 1, '', '', 0.000000, 0),
	(533, 1149, NULL, 'WRANGLER-KIDS', 'RECETA KIDS', '9500', 1, '', '', 0.000000, 0),
	(534, 1185, NULL, 'REEF5190C2', 'RECETA -U- ACETATO GRIS MATE TRANSP', '45600', 1, '', '', 0.000000, 0),
	(535, 1133, NULL, 'REEF5245C1', 'RECETA -U- ENVOL NEGRO MATE -PAT EXTRA C/IMAN', '55800', 1, '', '', 0.000000, 0),
	(536, 725, NULL, 'VM3858C1', 'RECETA -M- METAL (EXA) PLATEADO', '41800', 1, '', '', 0.000000, 0),
	(537, 725, NULL, 'VM3902C1', 'RECETA -M- METAL BLANCO', '41800', 1, '', '', 0.000000, 0),
	(538, 1254, NULL, 'OP535C1', 'OPTITECH RECETA -H- METAL  NEGRO/PLATEADO', '51300', 1, '', '', 0.000000, 0),
	(539, 1254, NULL, 'OP535C2', 'OPTITECH RECETA -H- METAL AZUL/PLATEADO', '51300', 1, '', '', 0.000000, 0),
	(540, 725, NULL, 'VM3903C1', 'RECETA  -M- METAL PLATEADO', '41800', 1, '', '', 0.000000, 0),
	(541, 1271, NULL, 'KP-3093-E748', 'RECETA -M- INYECTADO BORDO TRANSP', '22500', 1, '', '', 0.000000, 0),
	(542, 1271, NULL, 'KP-3112-G119', 'RECETA -M- INYECTADO NEGRO INT BORDO -PAT METAL', '22500', 1, '', '', 0.000000, 0),
	(543, 1271, NULL, 'KP-3143-I655', 'RECETA -M- INYECTADO AZUL DETALLE GRIS', '21200', 1, '', '', 0.000000, 0),
	(544, 1271, NULL, 'KP-3144-I642', 'RECETA -M- INYECTADO NEGRO -PAT METAL', '22500', 1, '', '', 0.000000, 0),
	(545, 1271, NULL, 'KP-3145-I650', 'RECETA M- INYECTADO NEGRO', '21200', 1, '', '', 0.000000, 0),
	(546, 1271, NULL, 'KP-3145-I651', 'RECETA -M- INYECTADO TRANSP/NUDE -PAT NUDE', '21200', 1, '', '', 0.000000, 0),
	(547, 1272, NULL, 'P9-1196-I163', 'RECETA -M- METAL RANURADO MARRON', '21600', 1, '', '', 0.000000, 0),
	(548, 1272, NULL, 'P9-3167-H657', 'RECETA -M- INYECTADO MARRON TRANSP -PAT GRIS', '21600', 1, '', '', 0.000000, 0),
	(549, 1272, NULL, 'P9-3169-H952', 'RECETA -M- INYECTADO NEGRO -PAT METAL', '20100', 1, '', '', 0.000000, 0),
	(550, 1272, NULL, 'P9-3170-H944', 'RECETA -M- INYECTADO NEGRO -PAT METAL', '23200', 1, '', '', 0.000000, 0),
	(551, 1276, NULL, 'J8-3145-D352', 'RECETA -H- INYECTADO NEGRO MATE -PAT METAL', '17600', 1, '', '', 0.000000, 0),
	(552, 1276, NULL, 'J8-3145-D353', 'RECETA -H- INYECTADO AZUL MATE -PAT METAL', '17600', 1, '', '', 0.000000, 0),
	(553, 1276, NULL, 'J8-3152-E339', 'RECETA -H- INYECTADO NEGRO MATE', '17600', 1, '', '', 0.000000, 0),
	(554, 1276, NULL, 'J8-3152-E340', 'RECETA -H- INYECTADO GRIS OSC MATE', '17600', 1, '', '', 0.000000, 0),
	(555, 1276, NULL, 'J8-3161-E973', 'RECETA -H- INYECTADO AZUL', '17600', 1, '', '', 0.000000, 0),
	(556, 1276, NULL, 'J8-3171-F568', 'RECETA -H- INYECTADO AZUL MATE', '17600', 1, '', '', 0.000000, 0),
	(557, 1276, NULL, 'J8-3179-G486', 'RECETA -H- INYECTADO NEGRO MATE -PAT METAL', '17600', 1, '', '', 0.000000, 0),
	(558, 1276, NULL, 'J8-3179-H485', 'RECETA -H- INYECTADO GRIS TRANSP -PAT METAL', '17600', 1, '', '', 0.000000, 0),
	(559, 1276, NULL, 'J8-3187-G726', 'RECETA -H- INYECTADO NEGRO MATE/TRANSP -PAT AZUL', '17600', 1, '', '', 0.000000, 0),
	(560, 1276, NULL, 'J8-3187-G728', 'RECETA  -H- INYECTADO AZULMATE INT GRIS MATE', '17600', 1, '', '', 0.000000, 0),
	(561, 1276, NULL, 'J8-3195-H246', 'RECETA -H- INYECTADO GRIS MATE/TRANSPARENTE', '16500', 1, '', '', 0.000000, 0),
	(562, 1276, NULL, 'J8-3195-H247', 'RECETA -H- INYECTADO AZUL MATE', '16500', 1, '', '', 0.000000, 0),
	(563, 1276, NULL, 'J8-3205-H890', 'RECETA -H- INYECTADO NEGRO MATE -PAT AZUL OSC', '16500', 1, '', '', 0.000000, 0),
	(564, 1276, NULL, 'J8-3207-H881', 'RECETA -H- INYECTADO NEGRO MATE', '17600', 1, '', '', 0.000000, 0),
	(565, 1276, NULL, 'J8-3207-H882', 'RECETA -H- INYECTADO NEGRO MATE', '17600', 1, '', '', 0.000000, 0),
	(566, 1276, NULL, 'J8-3207-H883', 'RECETA -H- INYECTADO GRIS MATE -PAT BORDO', '17600', 1, '', '', 0.000000, 0),
	(567, 1276, NULL, 'J8-3211-I177', 'RECETA -H- INYECTADO NEGRO MATE -PAT METAL', '17600', 1, '', '', 0.000000, 0),
	(568, 1276, NULL, 'J8-3211-I178', 'RECETA -H- INYECTADO AZUL MATE/MARRON -PAT METAL', '17600', 1, '', '', 0.000000, 0),
	(569, 1276, NULL, 'J8-3211-I179', 'RECETA -H- INYECTADO GRIS MATE INT BORDO -PAT METAL', '17600', 1, '', '', 0.000000, 0),
	(570, 1276, NULL, 'J8-3211-I586', 'RECETA -H- INYECTADO GRIS TRANSP -PAT METAL', '17600', 1, '', '', 0.000000, 0),
	(571, 1276, NULL, 'J8-3217-I556', 'RECETA -H- INYECTADO NEGRO MATE -PAT METAL', '17600', 1, '', '', 0.000000, 0),
	(572, 1276, NULL, 'J8-3215-I552', 'RECETA -M- INYECTADO RED NEGRO -PAT METAL', '17600', 1, '', '', 0.000000, 0),
	(573, 1276, NULL, 'J8-3210-I584', 'RECETA -M- INYECTADO MARRON TRANSP/BORDO -PAT METAL', '17600', 1, '', '', 0.000000, 0),
	(574, 1276, NULL, 'J8-3215-I553', 'RECETA -M- INYECTADO RED MARRON MOT TRANSP -PAT METAL', '17600', 1, '', '', 0.000000, 0),
	(575, 1276, NULL, 'J8-3215-I555', 'RECETA -M- INYECTADO TRANSPARENTE -PAT METAL', '17600', 1, '', '', 0.000000, 0),
	(576, 1276, NULL, 'J8-3142-D331', 'RECETA -M- INYECTADO BORDO TRANSP -PAT METAL', '17600', 1, '', '', 0.000000, 0),
	(577, 1276, NULL, 'J8-3142-D330', 'RECETA -M- INYECTADO NEGRO -PAT METAL', '17600', 1, '', '', 0.000000, 0),
	(578, 1276, NULL, 'J8-3184-G715', 'RECETA -M- INYECTADO NEGRO- PAT BEIGE', '16500', 1, '', '', 0.000000, 0),
	(579, 1276, NULL, 'J8-3184-G717', 'RECETA -M- INYECTADO NUDE TRANSP -PAT BLANCAS', '16500', 1, '', '', 0.000000, 0),
	(580, 1276, NULL, 'J8-3190-G965', 'RECETA -M- INYECTADO NEGRO/TRANSPARENTE', '17600', 1, '', '', 0.000000, 0),
	(581, 1276, NULL, 'J8-3193-H237', 'RECETA -M-  INYECTADO BORDO TRANSP -PAT METAL', '17600', 1, '', '', 0.000000, 0),
	(582, 1276, NULL, 'J8-3194-H241', 'RECETA -M- INYECTADO TRANSPARENTE -PAT METAL', '17600', 1, '', '', 0.000000, 0),
	(583, 1276, NULL, 'J8-3194-H243', 'RECETA -M- INYECTADO GRIS TRANSP -PAT METAL', '17600', 1, '', '', 0.000000, 0),
	(584, 1276, NULL, 'J8-3194-I196', 'RECETA -M- INYECTADO NEGRO INT BORDO TRANSP -PAT METAL', '17600', 1, '', '', 0.000000, 0),
	(585, 1276, NULL, 'J8-3199-I363', 'RECETA -M- INYECTADO GRIS TRANSPARENTE', '17600', 1, '', '', 0.000000, 0),
	(586, 1276, NULL, 'J8-3199-H696', 'RECETA -M- INYECTADO BORDO MOT TRANSP -PAT ROJA', '17600', 1, '', '', 0.000000, 0),
	(587, 1276, NULL, 'J8-3201-I365', 'RECETA -M- INYECTADO NEGRO', '17600', 1, '', '', 0.000000, 0),
	(588, 1276, NULL, 'J8-3201-H698', 'RECETA -M- INYECTADO TRANSPARENTE', '17600', 1, '', '', 0.000000, 0),
	(589, 1276, NULL, 'J8-3210-I173', 'RECETA -M- INYECTADO BORDO TRANSP -PAT METAL', '17600', 1, '', '', 0.000000, 0),
	(590, 1248, NULL, 'AN7113L-2292', 'RECETA -H- INYECTADO NEGRO MATE', '23200', 1, '', '', 0.000000, 0),
	(591, 1248, NULL, 'AN7168L-2652', 'RECETA -H- INYECTADO AZUL MATE', '20400', 1, '', '', 0.000000, 0),
	(592, 1248, NULL, 'AN7168L-2651', 'RECETA -H- INYECTADO GRIS MATE INT VERDE', '20400', 1, '', '', 0.000000, 0),
	(593, 1272, NULL, 'P9-3173-I149', 'RECETA -M- INYECTADO NEGRO', '20100', 1, '', '', 0.000000, 0),
	(594, 1272, NULL, 'P9-3174-I634', 'RECETA -M- INYECTADO NUDE TRANSP -PAT METAL CALADA', '20100', 1, '', '', 0.000000, 0),
	(595, 1272, NULL, 'P9-3174-I631', 'RECETA -M- INYECTADO NEGRO -PAT METAL CALADO', '20100', 1, '', '', 0.000000, 0),
	(596, 1276, NULL, 'J8-3215-I554', 'RECETA -M- INYECTADO RED MARRON VET -PAT METAL', '17600', 1, '', '', 0.000000, 0),
	(597, 1276, NULL, 'J8-3217-I558', 'RECETA -H- INYECTADO NEGRO', '17600', 1, '', '', 0.000000, 0),
	(598, 1276, NULL, 'J8-3195-H245', 'RECETA -H- INYECTADO NEGRO MATE -PAT BORDO', '16500', 1, '', '', 0.000000, 0),
	(599, 1271, NULL, 'KP-3144-I643', 'RECETA -M- INYECTADO BORDO TRANSP -PAT METAL', '22500', 1, '', '', 0.000000, 0),
	(600, 1271, NULL, 'KP-3145-I653', 'RECETA -M- INYECTADO BORDO TRANSP', '21200', 1, '', '', 0.000000, 0),
	(601, 1282, NULL, 'D1005C1', 'RECETA -U- CAREY NEGRO -PAT METAL DOR', '4900', 1, '', '', 0.000000, 0),
	(602, 1282, NULL, 'D1005C3', 'RECETA CAREY BORDO', '4900', 1, '', '', 0.000000, 0),
	(603, 1282, NULL, 'D1005C8', 'RECETA CAREY MARRON', '4900', 1, '', '', 0.000000, 0),
	(604, 1282, NULL, 'D1013C1', 'RECETA -U- CAREY NEGRO -PAT METAL PLAT', '4900', 1, '', '', 0.000000, 0),
	(605, 1282, NULL, 'D1013C17', 'RECETA CAREY MARRON VET', '4900', 1, '', '', 0.000000, 0),
	(606, 1282, NULL, 'D1013C3', 'RECETA CAREY BORDO', '4900', 1, '', '', 0.000000, 0),
	(607, 1282, NULL, 'D1015C2', 'RECETA CAREY AZUL', '4900', 1, '', '', 0.000000, 0),
	(608, 1282, NULL, 'D1015C8', 'RECETA CAREY MARRON', '4900', 1, '', '', 0.000000, 0),
	(609, 1282, NULL, 'D1017C2', 'RECETA CAREY AZUL', '4900', 1, '', '', 0.000000, 0),
	(610, 1282, NULL, 'D1017C8', 'RECETA CAREY MARRON', '4900', 1, '', '', 0.000000, 0),
	(611, 1282, NULL, 'D1148C1', 'RECETA CAREY NEGRO', '4900', 1, '', '', 0.000000, 0),
	(612, 1282, NULL, 'D1148C1-1', 'RECETA CAREY NEGRO/CEL', '4900', 1, '', '', 0.000000, 0),
	(613, 1282, NULL, 'D1148C16', 'RECETA CAREY NEGRO MATE', '4900', 1, '', '', 0.000000, 0),
	(614, 1282, NULL, 'D1189C1', 'RECETA -H- CAREY NEGRO -PAT CELESTE', '4900', 1, '', '', 0.000000, 0),
	(615, 1282, NULL, 'D1189C16', 'RECETA CAREY NEGRO MATE', '4900', 1, '', '', 0.000000, 0),
	(616, 1282, NULL, 'D1189C2', 'RECETA CAREY AZUL', '4900', 1, '', '', 0.000000, 0),
	(617, 1282, NULL, 'D1189C8', 'RECETA CAREY MARRON', '4900', 1, '', '', 0.000000, 0),
	(618, 1282, NULL, 'D1252C1', 'RECETA METAL M/M NEGRO', '4900', 1, '', '', 0.000000, 0),
	(619, 1282, NULL, 'D1252C11', 'RECETA METAL M/M GRIS PLAT', '4900', 1, '', '', 0.000000, 0),
	(620, 1282, NULL, 'D1252C15', 'RECETA METAL M/M MARRON', '4900', 1, '', '', 0.000000, 0),
	(621, 1282, NULL, 'D1252C9', 'RECETA METAL M/M DORADO', '4900', 1, '', '', 0.000000, 0),
	(622, 1282, NULL, 'D1277C1', 'RECETA -U- METAL NEGRO', '4900', 1, '', '', 0.000000, 0),
	(623, 1282, NULL, 'D1277C7', 'RECETA METAL GRIS PLAT', '4900', 1, '', '', 0.000000, 0),
	(624, 1282, NULL, 'D1277C9', 'RECETA METAL DORADO', '4900', 1, '', '', 0.000000, 0),
	(625, 1282, NULL, 'D1286C1', 'RECETA -U- METAL/CAREY NEGRO', '4900', 1, '', '', 0.000000, 0),
	(626, 1282, NULL, 'D1286C11', 'RECETA METAL/CAREY NEGRO/PELTRE', '4900', 1, '', '', 0.000000, 0),
	(627, 1282, NULL, 'D1286C9', 'RECETA METAL/CAREY NEGRO/DOR', '4900', 1, '', '', 0.000000, 0),
	(628, 1282, NULL, 'D1293C21', 'RECETA METAL MARRON', '4900', 1, '', '', 0.000000, 0),
	(629, 1282, NULL, 'D1293C7', 'RECETA METAL GRIS PLAT', '4900', 1, '', '', 0.000000, 0),
	(630, 1282, NULL, 'D1298C1', 'RECETA -U- METAL RANURADO (RED) NEGRO', '4900', 1, '', '', 0.000000, 0),
	(631, 1282, NULL, 'D1298C14', 'RECETA METAL (RED) M/M NEGRO/BORDO', '4900', 1, '', '', 0.000000, 0),
	(632, 1282, NULL, 'D1298C6', 'RECETA -U- METAL RANURADO (RED) PLATEADO -PAT NEGRA', '4900', 1, '', '', 0.000000, 0),
	(633, 1282, NULL, 'D1298C7', 'RECETA METAL (RED) M/M PELTRE', '4900', 1, '', '', 0.000000, 0),
	(634, 1282, NULL, 'D1300C16', 'RECETA METAL M/M NEGRO MATE', '4900', 1, '', '', 0.000000, 0),
	(635, 1282, NULL, 'D1300C7', 'RECETA -U- METAL RANURADO GRIS PLAT', '4900', 1, '', '', 0.000000, 0),
	(636, 1282, NULL, 'D1306C1', 'RECETA -U- METAL NEGRO', '4900', 1, '', '', 0.000000, 0),
	(637, 1282, NULL, 'D1306C7', 'RECETA METAL GRIS PLAT', '4900', 1, '', '', 0.000000, 0),
	(638, 1282, NULL, 'D1306C9', 'RECETA METAL DORADO', '4900', 1, '', '', 0.000000, 0),
	(639, 1282, NULL, 'D1308C1-9', 'RECETA METAL NEGRO/DOR', '4900', 1, '', '', 0.000000, 0),
	(640, 1282, NULL, 'D1308C16', 'RECETA METAL NEGRO MATE', '4900', 1, '', '', 0.000000, 0),
	(641, 1282, NULL, 'D1308C3-9', 'RECETA METAL BORDO/DOR', '4900', 1, '', '', 0.000000, 0),
	(642, 1282, NULL, 'D1309C1', 'RECETA -U- METAL NEGRO ', '4900', 1, '', '', 0.000000, 0),
	(643, 1282, NULL, 'D1309C11', 'RECETA METAL GRIS PLAT/NEGRO ', '4900', 1, '', '', 0.000000, 0),
	(644, 1282, NULL, 'D1309C20', 'RECETA METAL VIOLETA/NEGRO ', '4900', 1, '', '', 0.000000, 0),
	(645, 1282, NULL, 'D1309C21', 'RECETA METAL MARRON', '4900', 1, '', '', 0.000000, 0),
	(646, 1282, NULL, 'D1311C14', 'RECETA METAL/CAREY (RED) NEGRO/BORDO', '4900', 1, '', '', 0.000000, 0),
	(647, 1282, NULL, 'D1311C5', 'RECETA -M- METAL/CAREY (RED) NUDE/ROSA', '4900', 1, '', '', 0.000000, 0),
	(648, 1282, NULL, 'D1311C9', 'RECETA METAL/CAREY (RED) ROJO VET/DOR', '4900', 1, '', '', 0.000000, 0),
	(649, 1282, NULL, 'D1312C1', 'RECETA -U- METAL/CAREY (RED) NEGRO -PAT MOT', '4900', 1, '', '', 0.000000, 0),
	(650, 1282, NULL, 'D1312C1-14', 'RECETA METAL/CAREY (RED) NEGRO/BORDO', '4900', 1, '', '', 0.000000, 0),
	(651, 1282, NULL, 'D1312C3-9', 'RECETA METAL/CAREY (RED) ROJO/DOR', '4900', 1, '', '', 0.000000, 0),
	(652, 1282, NULL, 'D1315C1', 'RECETA -U- METAL RANURADO NEGRO', '4900', 1, '', '', 0.000000, 0),
	(653, 1282, NULL, 'D1315C21', 'RECETA METAL M/M NEGRO/MARRON', '4900', 1, '', '', 0.000000, 0),
	(654, 1282, NULL, 'D1315C7', 'RECETA METAL M/M PELTRE', '4900', 1, '', '', 0.000000, 0),
	(655, 1282, NULL, 'D1316C1', 'RECETA -M- METAL/CAREY (RED) NEGRO MATE -PAT LABRADA', '4900', 1, '', '', 0.000000, 0),
	(656, 1282, NULL, 'D1316C21', 'RECETA METAL/CAREY (RED) MARRON VET/BRONCE', '4900', 1, '', '', 0.000000, 0),
	(657, 1282, NULL, 'D1316C9', 'RECETA METAL/CAREY (RED) MARRON VET/DOR', '4900', 1, '', '', 0.000000, 0),
	(658, 1282, NULL, 'D1317C1', 'RECETA METAL/CAREY FUCSIA/NEGRO', '4900', 1, '', '', 0.000000, 0),
	(659, 1282, NULL, 'D1317C21', 'RECETA METAL/CAREY NEGRO/BORDO', '4900', 1, '', '', 0.000000, 0),
	(660, 1282, NULL, 'D1317C9', 'RECETA METAL/CAREY BORDO/DOR', '4900', 1, '', '', 0.000000, 0),
	(661, 1282, NULL, 'D1320C1', 'RECETA CAREY (RED) NEGRO MATE', '4900', 1, '', '', 0.000000, 0),
	(662, 1282, NULL, 'D1320C7', 'RECETA CAREY (RED) NEGRO MATE', '4900', 1, '', '', 0.000000, 0),
	(663, 1282, NULL, 'D1320C9', 'RECETA CAREY (RED) MARRON VET/DOR', '4900', 1, '', '', 0.000000, 0),
	(664, 1282, NULL, 'D1334C16', 'RECETA METAL/CAREY NEGRO MATE', '4900', 1, '', '', 0.000000, 0),
	(665, 1282, NULL, 'D1334C16-7', 'RECETA -U- METAL/CAREY NEGRO MATE/PELTRE', '4900', 1, '', '', 0.000000, 0),
	(666, 1282, NULL, 'D1334C16-9', 'RECETA METAL/CAREY NEGRO MATE/DOR', '4900', 1, '', '', 0.000000, 0),
	(667, 1282, NULL, 'D1349C16-1', 'RECETA -U- CAREY (RED) NEGRO MATE', '4900', 1, '', '', 0.000000, 0),
	(668, 1282, NULL, 'D1349C16-6', 'RECETA CAREY (RED) NEGRO MATE/PLAT', '4900', 1, '', '', 0.000000, 0),
	(669, 1282, NULL, 'D1365C1', 'RECETA -U- CAREY NEGRO/NEGRO MATE -PAT METAL', '4900', 1, '', '', 0.000000, 0),
	(670, 1282, NULL, 'D1365C11', 'RECETA METAL/CAREY GRIS/PLAT', '4900', 1, '', '', 0.000000, 0),
	(671, 1282, NULL, 'D1365C8', 'RECETA METAL/CAREY MARRON', '4900', 1, '', '', 0.000000, 0),
	(672, 1282, NULL, 'D1365C9', 'RECETA METAL/CAREY MARRON/DOR', '4900', 1, '', '', 0.000000, 0),
	(673, 1282, NULL, 'D1380C1', 'RECETA METAL (RED) NEGRO', '4900', 1, '', '', 0.000000, 0),
	(674, 1282, NULL, 'D1380C11', 'RECETA METAL (RED) GRIS PLAT/NEGRO', '4900', 1, '', '', 0.000000, 0),
	(675, 1282, NULL, 'D1380C14', 'RECETA METAL (RED) ROJO/NEGRO', '4900', 1, '', '', 0.000000, 0),
	(676, 1282, NULL, 'D1380C7', 'RECETA METAL (RED) PELTRE', '4900', 1, '', '', 0.000000, 0),
	(677, 1282, NULL, 'D1381C1', 'RECETA -U- METAL RANURADO (RED) NEGRO', '4900', 1, '', '', 0.000000, 0),
	(678, 1282, NULL, 'D1381C14', 'RECETA METAL M/M (RED) BORDO', '4900', 1, '', '', 0.000000, 0),
	(679, 1282, NULL, 'D1381C9', 'RECETA METAL M/M (RED) DORADO', '4900', 1, '', '', 0.000000, 0),
	(680, 1282, NULL, 'D1384C1', 'RECETA -U- METAL RANURADO NEGRO MATE', '4900', 1, '', '', 0.000000, 0),
	(681, 1282, NULL, 'D1384C7', 'RECETA METAL M/M NEGRO/GRIS PLAT', '4900', 1, '', '', 0.000000, 0),
	(682, 1282, NULL, 'D1384C9', 'RECETA METAL M/M MARRON/DOR', '4900', 1, '', '', 0.000000, 0),
	(683, 1282, NULL, 'D1610C3', 'RECETA -M- METAL ROJO/DOR -PAT C/CUBIC', '4900', 1, '', '', 0.000000, 0),
	(684, 1282, NULL, 'D1610C4', 'RECETA METAL VIOLETA/PLAT', '4900', 1, '', '', 0.000000, 0),
	(685, 1282, NULL, 'D9695C1', 'RECETA -M- METAL RANURADO NEGRO -PAT CALADA', '4900', 1, '', '', 0.000000, 0),
	(686, 1282, NULL, 'D9695C3', 'RECETA METAL M/M BORDO', '4900', 1, '', '', 0.000000, 0),
	(687, 1282, NULL, 'D9695C4', 'RECETA METAL M/M VIOLETA', '4900', 1, '', '', 0.000000, 0),
	(688, 1282, NULL, 'D9787C85', 'RECETA METAL M/M NEGRO', '4900', 1, '', '', 0.000000, 0),
	(689, 1282, NULL, 'D9787C94', 'RECETA METAL M/M BORDO', '4900', 1, '', '', 0.000000, 0),
	(690, 1282, NULL, 'D9792C46', 'RECETA METAL M/M MARRON', '4900', 1, '', '', 0.000000, 0),
	(691, 1282, NULL, 'D9792C52', 'RECETA METAL M/M NEGRO', '4900', 1, '', '', 0.000000, 0),
	(692, 1282, NULL, 'D9912C1', 'RECETA METAL M/M NEGRO', '4900', 1, '', '', 0.000000, 0),
	(693, 1282, NULL, 'D9912C3', 'RECETA METAL M/M BORDO', '4900', 1, '', '', 0.000000, 0),
	(694, 1282, NULL, 'D9912C5', 'RECETA METAL M/M ROSA', '4900', 1, '', '', 0.000000, 0),
	(695, 1282, NULL, 'D9942C40', 'RECETA METAL M/M NEGRO', '4900', 1, '', '', 0.000000, 0),
	(696, 1282, NULL, 'D9942C94', 'RECETA METAL M/M BORDO', '4900', 1, '', '', 0.000000, 0),
	(697, 1282, NULL, 'D9989C1', 'RECETA METAL M/M NEGRO', '4900', 1, '', '', 0.000000, 0),
	(698, 1282, NULL, 'D9989C3', 'RECETA METAL M/M BORDO', '4900', 1, '', '', 0.000000, 0),
	(699, 1282, NULL, 'D9989C4', 'RECETA METAL M/M VIOLETA', '4900', 1, '', '', 0.000000, 0),
	(700, 1282, NULL, 'D9989C5', 'RECETA METAL M/M ROSA', '4900', 1, '', '', 0.000000, 0),
	(701, 1282, NULL, 'D9994C1', 'RECETA METAL M/M NEGRO', '4900', 1, '', '', 0.000000, 0),
	(702, 1282, NULL, 'D9994C3', 'RECETA METAL M/M BORDO', '4900', 1, '', '', 0.000000, 0),
	(703, 1282, NULL, 'D9994C4', 'RECETA METAL M/M VIOLETA', '4900', 1, '', '', 0.000000, 0),
	(704, 1282, NULL, 'D9994C5', 'RECETA METAL M/M ROSA', '4900', 1, '', '', 0.000000, 0),
	(705, 1276, NULL, 'J8-3217-I557', 'RECETA -H- INYECTADO AZUL MATE -PAT METAL', '17600', 1, '', '', 0.000000, 0),
	(706, 1276, NULL, 'J8-3187-G727', 'RECETA -H- INYECTADO NEGRO MATE', '17600', 1, '', '', 0.000000, 0),
	(707, 1276, NULL, 'J8-3194-H242', 'RECETA -M- INYECTADO CORAL TRANSP -PAT METAL', '17600', 1, '', '', 0.000000, 0),
	(708, 1276, NULL, 'J8-3195-I197', 'RECETA -H- INYECTADO NEGRO MATE', '16500', 1, '', '', 0.000000, 0),
	(709, 1276, NULL, 'J8-3205-H888', 'RECETA -H- INYECTADO GRIS TRANSP MATE', '16500', 1, '', '', 0.000000, 0),
	(710, 1276, NULL, 'J8-3210-I175', 'RECETA -M- INYECTADO GRIS/TRANSP -PAT METAL', '17600', 1, '', '', 0.000000, 0),
	(711, 817, NULL, 'SUM-DYNAMO', 'RECETA VARIOS', '7500', 1, '', '', 0.000000, 0),
	(712, 1036, NULL, 'SUM-LUXURE', 'RECETA VARIOS', '7500', 1, '', '', 0.000000, 0),
	(713, 1272, NULL, 'P9-3166-I386', 'RECETA -M- INYECTADO CHERRY', '20100', 1, '', '', 0.000000, 0),
	(714, 1276, NULL, 'J8-3199-I364', 'RECETA -M- INYECTADO MARRON', '17600', 1, '', '', 0.000000, 0),
	(715, 681, NULL, 'SH2022C1E', 'SOL -U- INYECTADO ESPEJ NEGRO MATE (NAR)', '15500', 1, '', '', 0.000000, 0),
	(716, 681, NULL, 'SH3029C1', 'SOL -U- INYECTADO ENVOL NEGRO (G)', '15500', 1, '', '', 0.000000, 0),
	(717, 681, NULL, 'SH3029C1-1E', 'SOL -U- INYECTADO ENVOL ESPEJ NEGRO (NAR)', '15500', 1, '', '', 0.000000, 0),
	(718, 681, NULL, 'SH3040C1-2', 'SOL -U- INYECTADO ENVOL NEGRO/GRIS CUADRIC (G)', '11800', 1, '', '', 0.000000, 0),
	(719, 681, NULL, 'SH3040C1E', 'SOL -U- INYECTADO ENVOL ESPEJ NEGRO MATE/TRANSP (G)', '15500', 1, '', '', 0.000000, 0),
	(720, 681, NULL, 'SH3040C3', 'SOL -U- INYECTADO ENVOL MARRON MATE (M)', '15500', 1, '', '', 0.000000, 0),
	(721, 681, NULL, 'SH3041C1', 'SOL -U- INYECTADO NEGRO MATE (G)', '15500', 1, '', '', 0.000000, 0),
	(722, 681, NULL, 'SH3041C1E', 'SOL -U- INYECTADO ESPEJ NEGRO/CELESTE (AZ)', '15500', 1, '', '', 0.000000, 0),
	(723, 681, NULL, 'SH3046C1', 'SOL -U- INYECTADO ENVOL NEGRO MATE (G)', '15500', 1, '', '', 0.000000, 0),
	(724, 681, NULL, 'SH3046C1-2', 'SOL -U- INYECTADO ENVOL NEGRO/GRIS CUADRIC (G)', '11800', 1, '', '', 0.000000, 0),
	(725, 681, NULL, 'SH3048C1-2', 'SOL -U- INYECTADO ENVOL NEGRO MATE/AZUL (G)', '15500', 1, '', '', 0.000000, 0),
	(726, 681, NULL, 'SH3048C1-3', 'SOL -U- INYECTADO ENVOL NEGRO MATE/GRIS (G)', '15500', 1, '', '', 0.000000, 0),
	(727, 681, NULL, 'SH3048C1-5', 'SOL -U- INYECTADO ENVOL NEGRO MATE/ROJO (G)', '15500', 1, '', '', 0.000000, 0),
	(728, 681, NULL, 'SH3051C1', 'SOL -U- INYECTADO ENVOL NEGRO MATE (G)', '15500', 1, '', '', 0.000000, 0),
	(729, 681, NULL, 'SH3051C1-2', 'SOL -U- INYECTADO ENVOL NEGRO/GRIS CUADRIC (G)', '11800', 1, '', '', 0.000000, 0),
	(730, 681, NULL, 'SH3051C1E', 'SOL -U- INYECTADO ENVOL ESPEJ NEGRO MATE (AZ)', '15500', 1, '', '', 0.000000, 0),
	(731, 681, NULL, 'SH5307C1', 'SOL -U- INYECTADO ENVOL NEGRO MATE (G)', '15500', 1, '', '', 0.000000, 0),
	(732, 681, NULL, 'SH5307C1E', 'SOL -U- INYECTADO ENVOL ESPEJ NEGRO MATE (AZ)', '15500', 1, '', '', 0.000000, 0),
	(733, 681, NULL, 'SH55412C1', 'SOL -U- INYECTADO ENVOL NEGRO MATE (G)', '15500', 1, '', '', 0.000000, 0),
	(734, 681, NULL, 'SHA607C1', 'SOL -U- INYECTADO ENVOL NEGRO (G)', '15500', 1, '', '', 0.000000, 0),
	(735, 681, NULL, 'SHA607C2', 'SOL -U- INYECTADO ENVOL NEGRO MATE (G)', '15500', 1, '', '', 0.000000, 0),
	(736, 681, NULL, 'SHA621C1', 'SOL -U- INYECTADO ENVOL NEGRO MATE (G)', '15500', 1, '', '', 0.000000, 0),
	(737, 681, NULL, 'SHS002C1', 'SOL -U- INYECTADO ENVOL NEGRO MATE (V)', '15500', 1, '', '', 0.000000, 0),
	(738, 681, NULL, 'SHS002C1E', 'SOL -U- INYECTADO ENVOL ESPEJ NEGRO (G)', '15500', 1, '', '', 0.000000, 0),
	(739, 681, NULL, 'SHSP8008C3', 'SOL -U- INYECTADO ENVOL ESPEJ NEGRO MATE/GRIS (G)', '15500', 1, '', '', 0.000000, 0),
	(740, 681, NULL, 'SHSP8008C4', 'SOL -U- INYECTADO ENVOL BRONCE/NARANJA (G)', '11800', 1, '', '', 0.000000, 0),
	(741, 681, NULL, 'SHSP9002C1', 'SOL -U- INYECTADO ENVOL ESPEJ NEGRO MATE/VERDE MZA (V)', '15500', 1, '', '', 0.000000, 0),
	(742, 681, NULL, 'SHSP9002C2', 'SOL -U- INYECTADO ENVOL ESPEJ AZUL MATE/ROJO (NAR)', '15500', 1, '', '', 0.000000, 0),
	(743, 681, NULL, 'SHSP9002C3', 'SOL -U- INYECTADO ENVOL NEGRO MATE/GRIS (TRANSP)', '15500', 1, '', '', 0.000000, 0),
	(744, 681, NULL, 'SHSP9005C3', 'SOL -U- INYECTADO BRONCE (G)', '11800', 1, '', '', 0.000000, 0),
	(745, 681, NULL, 'SHSP9007C3', 'SOL -U- INYECTADO BRONCE (G)', '11800', 1, '', '', 0.000000, 0),
	(746, 1286, NULL, '8307C1', 'RECETA -M- METAL PLATEADO/NEGRO MATE/ESTAMP SALMON', '30200', 1, '', '', 0.000000, 0),
	(747, 1286, NULL, '8307C2', 'RECETA -M- METAL PLATEADO/NEGRO MATE/ESTAMP GRIS', '30200', 1, '', '', 0.000000, 0),
	(748, 1286, NULL, '8318C2', 'RECETA -U- METAL RANURADO PLATEADO', '21400', 1, '', '', 0.000000, 0),
	(749, 1237, NULL, 'M82C5', 'RECETA -M- CAREY RED BLANCO INT NEGRO -PAT BLANCAS', '3250', 1, '', '', 0.000000, 0),
	(750, 1288, NULL, '18006C1', 'RECETA -U- CAREY AZUL MATE', '25300', 1, '', '', 0.000000, 0),
	(751, 1288, NULL, '18011C1', 'RECETA -U- CAREY AZUL MATE', '25300', 1, '', '', 0.000000, 0),
	(752, 1288, NULL, '18011C3', 'RECETA -U- CAREY NEGRO', '25300', 1, '', '', 0.000000, 0),
	(753, 1288, NULL, 'GSP023C2', 'RECETA -U- CAREY NEGRO/BORDO', '25300', 1, '', '', 0.000000, 0),
	(754, 1288, NULL, 'GSP023C3', 'RECETA -U- CAREY NEGRO/TRANSPARENTE', '25300', 1, '', '', 0.000000, 0),
	(755, 1288, NULL, 'GSP023C4', 'RECETA -U- CAREY AZUL OSCURO', '25300', 1, '', '', 0.000000, 0),
	(756, 1288, NULL, 'GSP024C1', 'RECETA -U- CAREY NEGRO', '25300', 1, '', '', 0.000000, 0),
	(757, 1288, NULL, 'GSP024C3', 'RECETA -U- CAREY AZUL TRANSPARENTE', '25300', 1, '', '', 0.000000, 0),
	(758, 1288, NULL, 'GSP024C4', 'RECETA -U- CAREY NEGRO/TRANSPARENTE', '25300', 1, '', '', 0.000000, 0),
	(759, 1288, NULL, 'GSP027C3', 'RECETA -U- CAREY GRISTRANSPARENTE/BEIGE MOT', '25300', 1, '', '', 0.000000, 0),
	(760, 1288, NULL, 'W2338-GC1', 'RECETA -U- CAREY NEGRO MATE', '24800', 1, '', '', 0.000000, 0),
	(761, 1288, NULL, 'W2338-GC4', 'RECETA -U- CAREY MARRON MATE', '24800', 1, '', '', 0.000000, 0),
	(762, 1288, NULL, 'W2351-HC3', 'RECETA -U- CAREY NEGRO MATE -PAT MARRON', '24800', 1, '', '', 0.000000, 0),
	(763, 1288, NULL, 'W2351-HC4', 'RECETA -U- CAREY NEGRO MATE -PAT AZUL', '24800', 1, '', '', 0.000000, 0),
	(764, 1288, NULL, 'W2353-GC3', 'RECETA -U- CAREY GRIS MATE TRANSP', '24800', 1, '', '', 0.000000, 0),
	(765, 1288, NULL, 'W2513C1', 'RECETA -U- CAREY NEGRO MATE ', '24800', 1, '', '', 0.000000, 0),
	(766, 1288, NULL, 'W2513C6', 'RECETA -U- CAREY NEGRO MATE- PAT C/DET MARRON', '24800', 1, '', '', 0.000000, 0),
	(767, 1288, NULL, 'XC61023C3', 'RECETA -H- METAL VERDE/PLATEADO -PAT MOTEADAS', '24400', 1, '', '', 0.000000, 0),
	(768, 1288, NULL, 'XC61082C2', 'RECETA -H- METAL AZUL/PLATEADO', '24400', 1, '', '', 0.000000, 0),
	(769, 1289, NULL, 'REEF024C026', 'SOL -U- ACETATO ENVOL  *POL NEGRO MATE (G)', '52900', 1, '', '', 0.000000, 0),
	(770, 1289, NULL, 'REEF132C012', 'SOL -U- ACETATO ENVOL  *POL NEGRO MATE -PAT DET ROJO (G)', '55400', 1, '', '', 0.000000, 0),
	(771, 1289, NULL, 'REEF132C014', 'SOL -U- ACETATO ENVOL  *POL NEGRO MATE -PAT DET AZUL (G)', '55400', 1, '', '', 0.000000, 0),
	(772, 1276, NULL, 'J8-3220-J348', 'RECETA -M- INYECTADO MARRON TRANSP C/ONDAS', '17600', 1, '', '', 0.000000, 0),
	(773, 1276, NULL, 'J8-3221-J316', 'RECETA -H- INYECTADO NEGRO MATE', '16500', 1, '', '', 0.000000, 0),
	(774, 1276, NULL, 'J8-3225-J021', 'RECETA -M- INYECTADO TRANSPARENTE -PAT NUDE', '17600', 1, '', '', 0.000000, 0),
	(775, 1271, NULL, 'KP-3127-G990', 'RECETA -M- NEGRO INTTRANSP -PAT MOT', '21200', 1, '', '', 0.000000, 0),
	(776, 1278, NULL, 'PR887C2', 'RECETA -M- ACETATO MARRON CLARO MOTEADO -PAT NATURAL', '39600', 1, '', '', 0.000000, 0),
	(777, 1278, NULL, 'PR887C3', 'RECETA -M- ACETATO MARRON MOTEADO -PAT ROSA', '39600', 1, '', '', 0.000000, 0),
	(778, 1110, NULL, '8R1-NAKYMA-09C1', 'RECETA -H- METAL NEGRO/PELTRE', '34400', 1, '', '', 0.000000, 0),
	(779, 1110, NULL, '8R1-NAKYMA-09C2', 'RECETA -H- METAL PELTRE/NEGRO', '34400', 1, '', '', 0.000000, 0),
	(780, 1110, NULL, '8R1-NAKYMA-09C3', 'RECETA -H- METAL AZUL/PELTRE', '34400', 1, '', '', 0.000000, 0),
	(781, 1110, NULL, '8R1-NAKYMA-11C1', 'RECETA -H- METAL NEGRO/PELTRE', '34400', 1, '', '', 0.000000, 0),
	(782, 1110, NULL, '8R1-NAKYMA-11C2', 'RECETA -H- METAL PELTRE/NEGRO', '34400', 1, '', '', 0.000000, 0),
	(783, 1110, NULL, '8R1-NAKYMA-11C3', 'RECETA -H- METAL AZUL/PELTRE', '34400', 1, '', '', 0.000000, 0),
	(784, 1110, NULL, '2RN-NAKYMA-10C1', 'RECETA -U- METAL NEGRO', '31800', 1, '', '', 0.000000, 0),
	(785, 1110, NULL, '2RN-NAKYMA-10C8', 'RECETA -U- METAL NEGRO/PLATEADO', '31800', 1, '', '', 0.000000, 0),
	(786, 1297, NULL, 'GLOX2346C1', 'SOL -U- ACETATO *POL NEGRO (G DEG)', '38200', 1, '', '', 0.000000, 0),
	(787, 1299, NULL, 'VIV2543C2', 'SOL -U- ACETATO RECTO *POL MARRON MOT (M DEG)', '48900', 1, '', '', 0.000000, 0),
	(788, 1299, NULL, 'VIV670C2', 'SOL -M- METAL *POL DORADO/VERTICE MOT (M DEG)', '35900', 1, '', '', 0.000000, 0),
	(789, 1276, NULL, 'J8-3203-H893', 'RECETA -M- INYECTADO AZUL TRANSPARENTE', '17600', 1, '', '', 0.000000, 0),
	(790, 1276, NULL, 'J8-3214-J054', 'RECETA -M- INYECTADO BORDO TRANSP -PAT METAL', '17600', 1, '', '', 0.000000, 0),
	(791, 1276, NULL, 'J8-3204-H898', 'RECETA -M- INYECTADO MARRON TRANSPARENTE', '17600', 1, '', '', 0.000000, 0),
	(792, 1276, NULL, 'J8-3225-J019', 'RECETA -M- INYECTADO MARRON MOT TRANSP -PAT METAL', '17600', 1, '', '', 0.000000, 0),
	(793, 1237, NULL, 'M96C5BLACK-CYAN', 'RECETA -N- CAREY NEGRO INT CELESTE', '3250', 1, '', '', 0.000000, 0),
	(794, 1237, NULL, 'M96C1BLUE-TURQUOISE', 'RECETA -N- CAREY AZUL INT TURQUESA', '3250', 1, '', '', 0.000000, 0),
	(795, 1237, NULL, 'M96C4BLACK', 'RECETA -N- CAREY NEGRO', '3250', 1, '', '', 0.000000, 0),
	(796, 1237, NULL, 'M95C2BROWN', 'RECETA -H- CAREY MARRON OSCURO -PAT C/LINEA BLANCA', '3250', 1, '', '', 0.000000, 0),
	(797, 1237, NULL, 'M95C6BROWN', 'RECETA -H- CAREY MARRON -PAT MOTEADAS', '3250', 1, '', '', 0.000000, 0),
	(798, 1237, NULL, 'M95C8BLACK', 'RECETA -H- CAREY NEGRO -PAT MOTEADAS', '3250', 1, '', '', 0.000000, 0),
	(799, 1237, NULL, 'M95C9DARKBLUE-CYAN', 'RECETA -H- CAREY NEGRO INT TURQUESA -PAT MOTEADAS', '3250', 1, '', '', 0.000000, 0),
	(800, 1237, NULL, 'M95C3DARKBLUE-CYAN', 'RECETA -H- CAREY AZUL OSC INT TURQUESA', '3250', 1, '', '', 0.000000, 0),
	(801, 1218, NULL, 'SH14PE', 'RECETA -U- METAL CLIPPER PELTRE', '18500', 1, '', '', 0.000000, 0),
	(802, 1218, NULL, 'SH14NE', 'RECETA -U- METAL CLIPPER NEGRO', '18500', 1, '', '', 0.000000, 0),
	(803, 1218, NULL, 'SH35BR', 'RECETA -H- METAL BRONCE/DORADO', '18500', 1, '', '', 0.000000, 0),
	(804, 1218, NULL, 'SH35PE', 'RECETA -H- METAL PELTRE', '18500', 1, '', '', 0.000000, 0),
	(805, 1218, NULL, 'SH35NE', 'RECETA -H- METAL NEGRO MATE/PLATEADO', '18500', 1, '', '', 0.000000, 0),
	(806, 1218, NULL, 'SH15NA', 'RECETA -M- METAL NATURAL/DORADO', '15500', 1, '', '', 0.000000, 0),
	(807, 1218, NULL, 'SH15ROS', 'RECETA -M- METAL ROSA/DORADO ROSE', '15500', 1, '', '', 0.000000, 0),
	(808, 1218, NULL, 'SH15VE', 'RECETA -M- METAL VERDE AGUA/DORADO', '15500', 1, '', '', 0.000000, 0),
	(809, 1276, NULL, 'J8-3173-F871', 'RECETA -H- INYECTADO AZUL MATE', '16500', 1, '', '', 0.000000, 0),
	(810, 1276, NULL, 'J8-3199-H697', 'RECETA -M- INYECTADO BORDO MOT TRANSP -PAT GRIS', '17600', 1, '', '', 0.000000, 0),
	(811, 1276, NULL, 'J8-3204-H895', 'RECETA -M- INYECTADO MARRON MOT TRANSPARENTE', '17600', 1, '', '', 0.000000, 0),
	(812, 1276, NULL, 'J8-3204-I583', 'RECETA -M- INYECTADO CHERRY', '17600', 1, '', '', 0.000000, 0),
	(813, 1276, NULL, 'J8-3205-H889', 'RECETA -H- INYECTADO NEGRO MATE', '16500', 1, '', '', 0.000000, 0),
	(814, 1276, NULL, 'J8-3208-I380', 'RECETA -M- INYECTADO GRIS TRANSPARENTE', '16500', 1, '', '', 0.000000, 0),
	(815, 1276, NULL, 'J8-3208-I382', 'RECETA -M- INYECTADO ROSA VIEJO TRANSP -PAT BORDO', '16500', 1, '', '', 0.000000, 0),
	(816, 1276, NULL, 'J8-3208-I383', 'RECETA -M- INYECTADO TRANSPARENTE -PAT NUDE', '16500', 1, '', '', 0.000000, 0),
	(817, 1276, NULL, 'J8-3210-I174', 'RECETA -M- INYECTADO MARRON MOT TRANSP -PAT METAL ', '17600', 1, '', '', 0.000000, 0),
	(818, 1276, NULL, 'J8-3213-I567', 'RECETA -M- INYECTADO NEGRO/NEGRO MATE', '17600', 1, '', '', 0.000000, 0),
	(819, 1276, NULL, 'J8-3213-I568', 'RECETA -M- INYECTADO MARRON/MARRON MATE', '17600', 1, '', '', 0.000000, 0),
	(820, 1276, NULL, 'J8-3213-I569', 'RECETA -M- INYECTADO GRIS TRANSPARENTE', '17600', 1, '', '', 0.000000, 0),
	(821, 1276, NULL, 'J8-3213-J095', 'RECETA -M- INYECTADO NUDE', '17600', 1, '', '', 0.000000, 0),
	(822, 1276, NULL, 'J8-3214-I548', 'RECETA -M- INYECTADO GRIS TRANSP -PAT METAL', '17600', 1, '', '', 0.000000, 0),
	(823, 1276, NULL, 'J8-3214-I550', 'RECETA -M- INYECTADO MARRON TRANSP/MARRON MOT -PAT METAL', '17600', 1, '', '', 0.000000, 0),
	(824, 1276, NULL, 'J8-3214-I551', 'RECETA -M- INYECTADO ROSA VIEJO TRANSP -PAT METAL', '17600', 1, '', '', 0.000000, 0),
	(825, 1276, NULL, 'J8-3216-I571', 'RECETA -H- INYECTADO NEGRO MATE INT NEGRO', '17600', 1, '', '', 0.000000, 0),
	(826, 1276, NULL, 'J8-3216-I572', 'RECETA -H- INYECTADO GRIS MATE INT GRIS', '17600', 1, '', '', 0.000000, 0),
	(827, 1276, NULL, 'J8-3216-I573', 'RECETA -H- INYECTADO AZUL MATE INT AZUL', '17600', 1, '', '', 0.000000, 0),
	(828, 1276, NULL, 'J8-3218-J296', 'RECETA -U- INYECTADO NEGRO MATE', '16500', 1, '', '', 0.000000, 0),
	(829, 1276, NULL, 'J8-3218-J297', 'RECETA -U- INYECTADO NEGRO MATE -PAT BORDO', '16500', 1, '', '', 0.000000, 0),
	(830, 1276, NULL, 'J8-3218-J298', 'RECETA -U- INYECTADO GRIS MATE/TRANSP -PAT AZUL', '16500', 1, '', '', 0.000000, 0),
	(831, 1276, NULL, 'J8-3219-J011', 'RECETA -H- INYECTADO NEGRO MATE -PAT METAL', '17600', 1, '', '', 0.000000, 0),
	(832, 1276, NULL, 'J8-3219-J012', 'RECETA -H- INYECTADO AZUL MATE -PAT METAL', '17600', 1, '', '', 0.000000, 0),
	(833, 1276, NULL, 'J8-3219-J013', 'RECETA -H- INYECTADO GRIS TRANSP -PAT METAL AZUL', '17600', 1, '', '', 0.000000, 0),
	(834, 1276, NULL, 'J8-3220-J346', 'RECETA -M- INYECTADO TRANSPARENTE C/ONDAS', '17600', 1, '', '', 0.000000, 0),
	(835, 1276, NULL, 'J8-3220-J347', 'RECETA -M- INYECTADO BORDO TRANSP C/ONDAS', '17600', 1, '', '', 0.000000, 0),
	(836, 1276, NULL, 'J8-3220-J349', 'RECETA -M- INYECTADO GRIS TRANSPARENTE C/ONDAS', '17600', 1, '', '', 0.000000, 0),
	(837, 1276, NULL, 'J8-3221-J317', 'RECETA -H- INYECTADO GRIS MATE', '16500', 1, '', '', 0.000000, 0),
	(838, 1276, NULL, 'J8-3221-J318', 'RECETA -H- INYECTADO AZUL MATE', '16500', 1, '', '', 0.000000, 0),
	(839, 1276, NULL, 'J8-3222-J014', 'RECETA -M- INYECTADO GRIS TRANSP- PAT METAL', '17600', 1, '', '', 0.000000, 0),
	(840, 1276, NULL, 'J8-3222-J015', 'RECETA -M- INYECTADO MARRON MOT TRANSP- PAT METAL', '17600', 1, '', '', 0.000000, 0),
	(841, 1276, NULL, 'J8-3222-J016', 'RECETA -M- INYECTADO BORDO TRANSP- PAT METAL', '17600', 1, '', '', 0.000000, 0),
	(842, 1276, NULL, 'J8-3222-J017', 'RECETA -M- INYECTADO MARRON TRANSP- PAT METAL', '17600', 1, '', '', 0.000000, 0),
	(843, 1276, NULL, 'J8-3224-J319', 'RECETA -H- INYECTADO NEGRO MATE', '16500', 1, '', '', 0.000000, 0),
	(844, 1276, NULL, 'J8-3224-J320', 'RECETA -H- INYECTADO AZUL MATE', '16500', 1, '', '', 0.000000, 0),
	(845, 1276, NULL, 'J8-3225-J018', 'RECETA -M- INYECTADO NEGRO -PAT METAL', '17600', 1, '', '', 0.000000, 0),
	(846, 1271, NULL, 'KP-3127-G988', 'RECETA -M- TRANSPARENTE -PAT BLANCA', '21200', 1, '', '', 0.000000, 0),
	(847, 1271, NULL, 'KP-3130-H352', 'RECETA -M- INYECTADO BORDO/TRANSP', '21200', 1, '', '', 0.000000, 0),
	(848, 1271, NULL, 'KP-3133-H513', 'RECETA -M- INYECTADO RED NEGRO -PAT METAL', '22500', 1, '', '', 0.000000, 0),
	(849, 1271, NULL, 'KP-3134-H520', 'RECETA -M- INYECTADO MARRON MOT TRANSP -PAT METAL', '22500', 1, '', '', 0.000000, 0),
	(850, 1271, NULL, 'KP-3136-H521', 'RECETA -M- INYECTADO AZUL TRANSP- PAT GRIS', '21200', 1, '', '', 0.000000, 0),
	(851, 1271, NULL, 'KP-3136-I357', 'RECETA -M- INYECTADO NEGRO INT NUDE TRANSP', '21200', 1, '', '', 0.000000, 0),
	(852, 1271, NULL, 'KP-3139-H844', 'RECETA -M- INYECTADO NEGRO  -PAT METAL', '22500', 1, '', '', 0.000000, 0),
	(853, 1271, NULL, 'KP-3139-H845', 'RECETA -M- INYECTADO MARRON MOT -PAT METAL', '22500', 1, '', '', 0.000000, 0),
	(854, 1271, NULL, 'KP-3139-H847', 'RECETA -M- INYECTADO NUDE -PAT METAL', '22500', 1, '', '', 0.000000, 0),
	(855, 1271, NULL, 'KP-3139-I605', 'RECETA -M- INYECTADO GRIS TRANSP -PAT METAL', '22500', 1, '', '', 0.000000, 0),
	(856, 1271, NULL, 'KP-3122-G745', 'RECETA -M- INYECTADO AZUL TRANSP -PAT METAL', '22500', 1, '', '', 0.000000, 0),
	(857, 1301, NULL, 'ENZOC1S', 'SOL -N- ACETATO AZUL TURQUESA (G)', '9800', 1, '', '', 0.000000, 0),
	(858, 1218, NULL, 'SH12DO', 'RECETA -M- METAL DORADO', '18500', 1, '', '', 0.000000, 0),
	(859, 1218, NULL, 'SH12NA', 'RECETA -M- METAL NATURAL/DORADO', '18500', 1, '', '', 0.000000, 0),
	(860, 1218, NULL, 'SH12PE', 'RECETA -M- METAL PELTRE', '18500', 1, '', '', 0.000000, 0),
	(861, 1218, NULL, 'SH34NA', 'RECETA -M- METAL NATURAL/DORADO', '18500', 1, '', '', 0.000000, 0),
	(862, 1218, NULL, 'SH34NE', 'RECETA -M- METAL NEGRO/PLATEADO', '18500', 1, '', '', 0.000000, 0),
	(863, 1218, NULL, 'SH34VE', 'RECETA -M- METAL VERDE AGUA/DORADO', '18500', 1, '', '', 0.000000, 0),
	(864, 1237, NULL, 'M97C5LADYVIOLET', 'RECETA -M- CAREY AZUL OSC INT LILA', '3250', 1, '', '', 0.000000, 0),
	(865, 1237, NULL, 'M97C6LADYPURPLE', 'RECETA -M- CAREY NEGRO INT VIOLETA', '3250', 1, '', '', 0.000000, 0),
	(866, 1272, NULL, 'P9-3131-E681', 'RECETA -M- INYECTADO AZUL -PAT METAL', '18500', 1, '', '', 0.000000, 0),
	(867, 1272, NULL, 'P9-3174-I785', 'RECETA -M- INYECTADO BORDO TRANSP -PAT METAL RED', '20100', 1, '', '', 0.000000, 0),
	(868, 1237, NULL, 'M100C03', 'RECETA -N- CAREY AZUL OSC INT VERDE', '3250', 1, '', '', 0.000000, 0),
	(869, 1237, NULL, 'M100C05', 'RECETA -N- CAREY BEIGE TRANSPARENTE', '3250', 1, '', '', 0.000000, 0),
	(870, 1237, NULL, 'M100C06', 'RECETA -N- CAREY NUDE TRANSPARENTE', '3250', 1, '', '', 0.000000, 0),
	(871, 1237, NULL, 'M100C08', 'RECETA -N- CAREY BLANCO -PAT VIOLETA/ROSA', '3250', 1, '', '', 0.000000, 0),
	(872, 1237, NULL, 'M100C09', 'RECETA -N- CAREY VIOLETA INT ROSA', '3250', 1, '', '', 0.000000, 0),
	(873, 1237, NULL, 'M99C05DARKPURPLE', 'RECETA -U- CAREY AZUL OSC INT VIOLETA', '3250', 1, '', '', 0.000000, 0),
	(874, 1237, NULL, 'M100C01', 'RECETA -N- CAREY NEGRO INT AMARILLO/MOT', '3250', 1, '', '', 0.000000, 0),
	(875, 1237, NULL, 'M100C02', 'RECETA -N- CAREY MARRON INT NARANJA', '3250', 1, '', '', 0.000000, 0),
	(876, 1237, NULL, 'M100C04', 'RECETA -N- CAREY NEGRO -PAT NARANJA', '3250', 1, '', '', 0.000000, 0),
	(877, 1237, NULL, 'M100C07', 'RECETA -N- CAREY MORADO', '3250', 1, '', '', 0.000000, 0),
	(878, 1237, NULL, 'M100C11', 'RECETA -N- CAREY VIOLETA', '3250', 1, '', '', 0.000000, 0),
	(879, 1299, NULL, 'VIV2458C1', 'SOL -M- ACETATO *POL NEGRO INT MOT (G)', '35900', 1, '', '', 0.000000, 0),
	(880, 1299, NULL, 'VIV2458C2', 'SOL -M- ACETATO *POL MARRON MOT (M DEG)', '35900', 1, '', '', 0.000000, 0),
	(881, 1299, NULL, 'VIV692C1', 'SOL -M- METAL *POL NEGRO LATERAL BEIGE MOT (G DEG)', '43100', 1, '', '', 0.000000, 0),
	(882, 1299, NULL, 'VIV692C3', 'SOL -M- METAL *POL PLATEADO LATERAL FUCSIA MOT (G DEG)', '43100', 1, '', '', 0.000000, 0),
	(883, 1299, NULL, 'VIV698C1', 'SOL -M- METAL HEXAG NEGRO DET NATURAL (G)', '35900', 1, '', '', 0.000000, 0),
	(884, 1299, NULL, 'VIV2549C1', 'SOL -M- ACETATO HEXAG NEGRO INT MOT (G)', '43200', 1, '', '', 0.000000, 0),
	(885, 1299, NULL, 'VIV631C3', 'SOL -U- METAL PLATEADO (G DEG)', '43100', 1, '', '', 0.000000, 0),
	(886, 1299, NULL, 'VIV670C1', 'SOL -M- METAL *POL NEGRO/VERTICE MOT (G DEG)', '35900', 1, '', '', 0.000000, 0),
	(887, 1299, NULL, 'VIV2308M', 'SOL -M- ACETATO *POL MARRON MOT (M)', '43100', 1, '', '', 0.000000, 0),
	(888, 1096, NULL, '1R1-ROOTS-05C2', 'RECETA -U- METAL GRIS OSCURO/PLATEADO', '42500', 1, '', '', 0.000000, 0),
	(889, 1096, NULL, '1R1-ROOTS-06C3', 'RECETA -U- METAL RANURADO NEGRO MATE', '42500', 1, '', '', 0.000000, 0),
	(890, 1110, NULL, '1R1-NAKYMA-10C1', 'RECETA -H- METAL NEGRO', '38200', 1, '', '', 0.000000, 0),
	(891, 1110, NULL, '1R1-NAKYMA-10C2', 'RECETA -H- METAL GRIS PLOMO', '38200', 1, '', '', 0.000000, 0),
	(892, 1110, NULL, '1R1-NAKYMA-10C3', 'RECETA -H- METAL AZUL/PELTRE', '38200', 1, '', '', 0.000000, 0),
	(893, 1110, NULL, '2RN-NAKYMA-05C2', 'RECETA -U- ACETATO NEGRO MATE -PAT METAL', '26200', 1, '', '', 0.000000, 0),
	(894, 1312, NULL, 'FBD05-07C01', 'RECETA -U- ACETATO CLIP ON NEGRO MATE', '23200', 1, '', '', 0.000000, 0),
	(895, 1312, NULL, 'FBD05-07C02', 'RECETA -U- ACETATO CLIP ON GRIS TRANSP MATE', '23200', 1, '', '', 0.000000, 0),
	(896, 1312, NULL, 'FBD05-07C04', 'RECETA -U- ACETATO CLIP ON AZUL MATE', '23200', 1, '', '', 0.000000, 0),
	(897, 1312, NULL, 'FBD05-07C07', 'RECETA -U- ACETATO CLIP ON GRIS CLARO TRANSP MATE -PAT DET AZUL', '23200', 1, '', '', 0.000000, 0),
	(898, 1312, NULL, 'MJD08-12C01E', 'RECETA -U- ACETATO CLIP ON NEGRO MATE -PAT DET GRIS/BLANCO', '19800', 1, '', '', 0.000000, 0),
	(899, 1312, NULL, 'MJD08-12C01M', 'RECETA -U- ACETATO CLIP ON NEGRO MATE -PAT DET GRIS/ROJO', '19800', 1, '', '', 0.000000, 0),
	(900, 1312, NULL, 'MJD08-12C02R', 'RECETA -U- ACETATO CLIP ON NEGRO MATE -PAT DET GRIS/NEGRO', '19800', 1, '', '', 0.000000, 0),
	(901, 1312, NULL, 'MJD08-12C03Q', 'RECETA -U- ACETATO CLIP ON MARRON MATE -PAT DET GRIS/NARANJA', '19800', 1, '', '', 0.000000, 0),
	(902, 1312, NULL, 'MJD08-12C04L', 'RECETA -U- ACETATO CLIP ON AZUL MATE -PAT DET AZUL/ROJO', '19800', 1, '', '', 0.000000, 0),
	(903, 1172, NULL, 'REEF132C016', 'SOL -U- ACETATO ENVOL *POL NEGRO MATE -PAT DET MOT (G)', '55400', 1, '', '', 0.000000, 0),
	(904, 1172, NULL, 'REEF186C018', 'SOL -M- ACETATO ENVOL *POL NEGRO -PAT DET BLANCO (G)', '57400', 1, '', '', 0.000000, 0),
	(905, 1172, NULL, 'REEF217C012', 'SOL -U- ACETATO ENVOL *POL AZUL TRANSP MOT (G)', '54400', 1, '', '', 0.000000, 0),
	(906, 1172, NULL, 'REEF224C012', 'SOL -U- ACETATO *POL NEGRO MATE -PAT METAL DET BLANCO (G)', '50700', 1, '', '', 0.000000, 0),
	(907, 1172, NULL, 'REEF283C003', 'SOL -U- METAL ENVOL *POL PLATEADO -PAT ACETATO TURQ (G)', '59500', 1, '', '', 0.000000, 0),
	(908, 1172, NULL, 'REEF186C016', 'SOL -M- ACETATO ENVOL *POL BORDO TRANSP (G)', '57400', 1, '', '', 0.000000, 0),
	(909, 1180, NULL, 'VM6172C1', 'SOL -M- ACETATO NEGRO CADENA ACC -PAT BLANCA (G)', '56200', 1, '', '', 0.000000, 0),
	(910, 1180, NULL, 'VM6172C2', 'SOL -M- ACETATO MARRON OSC CADENA ACC -PAT BEIGE (M)', '56200', 1, '', '', 0.000000, 0),
	(911, 1180, NULL, 'VM6172C3', 'SOL -M- ACETATO NEGRO CADENA ACC -PAT NEGRA (G)', '56200', 1, '', '', 0.000000, 0),
	(912, 1180, NULL, 'VM6172C4', 'SOL -M- ACETATO MARRON MOT CADENA ACC -PAT NATURAL (V)', '56200', 1, '', '', 0.000000, 0),
	(913, 1315, NULL, '60001C1', 'RECETA -M- ACETATO LABRADO NEGRO -PAT METAL', '22400', 1, '', '', 0.000000, 0),
	(914, 1315, NULL, '60001C3', 'RECETA -M- ACETATO LABRADO NUDE TRANSP -PAT METAL', '22400', 1, '', '', 0.000000, 0),
	(915, 1315, NULL, '60001C4', 'RECETA -M- ACETATO LABRADO ROSA TRANSP -PAT METAL', '22400', 1, '', '', 0.000000, 0),
	(916, 1315, NULL, '60001C6', 'RECETA -M- ACETATO LABRADO MARRON -PAT METAL', '22400', 1, '', '', 0.000000, 0),
	(917, 1315, NULL, '60005C4', 'RECETA -M- ACETATO GAT LILA MOTEADO -PAT METAL', '28400', 1, '', '', 0.000000, 0),
	(918, 1315, NULL, '60005C6', 'RECETA -M- ACETATO GAT GRIS/TRANSP -PAT METAL', '28400', 1, '', '', 0.000000, 0),
	(919, 1315, NULL, '60007C1', 'RECETA -M- ACETATO GAT NEGRO -PAT METAL', '23800', 1, '', '', 0.000000, 0),
	(920, 1315, NULL, '60007C4', 'RECETA -M- ACETATO GAT MARRON/MOT -PAT METAL', '23800', 1, '', '', 0.000000, 0),
	(921, 1315, NULL, '60015C1', 'RECETA -M- ACETATO NEGRO -PAT METAL LABRADO', '33900', 1, '', '', 0.000000, 0),
	(922, 1315, NULL, '60015C5', 'RECETA -M- ACETATO NUDE TRANSP -PAT METAL LABRADO', '33900', 1, '', '', 0.000000, 0),
	(923, 1315, NULL, '60017C2', 'RECETA -M- ACETATO/METAL NATURAL/NUDE TRANSP -PAT METAL ', '29500', 1, '', '', 0.000000, 0),
	(924, 1315, NULL, '60017C5', 'RECETA -M- ACETATO/METAL GRIS OSC/TRANSP -PAT METAL ', '29500', 1, '', '', 0.000000, 0),
	(925, 1315, NULL, '60020C1', 'RECETA -M- ACETATO NEGRO -PAT METAL ', '25300', 1, '', '', 0.000000, 0),
	(926, 1315, NULL, '60021C2', 'RECETA -M- ACETATO TRANSP VERTICE METAL DORADO -PAT METAL ', '24400', 1, '', '', 0.000000, 0),
	(927, 1315, NULL, '60021C3', 'RECETA -M- ACETATO DURAZNO VERTICE METAL DORADO -PAT METAL ', '24400', 1, '', '', 0.000000, 0),
	(928, 1315, NULL, '60023C1', 'RECETA -M- ACETATO NEGRO VERTICE BLANCO -PAT METAL ', '33900', 1, '', '', 0.000000, 0),
	(929, 1315, NULL, '60023C2', 'RECETA -M- ACETATO CORAL TRANSP VERTICE NUDE -PAT METAL ', '33900', 1, '', '', 0.000000, 0),
	(930, 1315, NULL, '60023C4', 'RECETA -M- ACETATO CELESTE TRANSP VERTICE AZUL -PAT METAL ', '33900', 1, '', '', 0.000000, 0),
	(931, 1315, NULL, '60026C2', 'RECETA -M- ACETATO TRANSP -PAT METAL ', '30200', 1, '', '', 0.000000, 0),
	(932, 1315, NULL, '60026C3', 'RECETA -M- ACETATO ROSA/TRANSP -PAT METAL ', '30200', 1, '', '', 0.000000, 0),
	(933, 1315, NULL, '60026C5', 'RECETA -M- ACETATO LILA TRANSP -PAT METAL ', '30200', 1, '', '', 0.000000, 0),
	(934, 1315, NULL, '60026C6', 'RECETA -M- ACETATO GRIS TRANSP -PAT METAL ', '30200', 1, '', '', 0.000000, 0),
	(935, 1315, NULL, '60031C1', 'RECETA -M- ACETATO NEGRO -PAT METAL ', '29900', 1, '', '', 0.000000, 0),
	(936, 1315, NULL, '60031C7', 'RECETA -M- ACETATO NUDE/MOTEADO -PAT METAL ', '29900', 1, '', '', 0.000000, 0),
	(937, 1315, NULL, '60034C1', 'RECETA -M- ACETATO GAT NEGRO/TRANSP -PAT METAL ', '33500', 1, '', '', 0.000000, 0),
	(938, 1315, NULL, '60034C2', 'RECETA -M- ACETATO GAT NUDE/TRANSP -PAT METAL ', '33500', 1, '', '', 0.000000, 0),
	(939, 1315, NULL, '60034C3', 'RECETA -M- ACETATO GAT ROJO/TRANSP -PAT METAL ', '33500', 1, '', '', 0.000000, 0),
	(940, 1315, NULL, '60034C5', 'RECETA -M- ACETATO GAT NATURAL/TRANSP -PAT METAL ', '33500', 1, '', '', 0.000000, 0),
	(941, 1315, NULL, '60035C4', 'RECETA -M- ACETATO GAT ROSA/ROSA TRANSP -PAT METAL ', '27800', 1, '', '', 0.000000, 0),
	(942, 1315, NULL, '60035C5', 'RECETA -M- ACETATO GAT BORDO TRANSP -PAT METAL ', '27800', 1, '', '', 0.000000, 0),
	(943, 1315, NULL, '60035C6', 'RECETA -M- ACETATO GAT NUDE/NUDE TRANSP -PAT METAL ', '27800', 1, '', '', 0.000000, 0),
	(944, 1315, NULL, '60035C7', 'RECETA -M- ACETATO GAT AZUL/CEL TRANSP -PAT METAL ', '27800', 1, '', '', 0.000000, 0),
	(945, 1315, NULL, '60035C9', 'RECETA -M- ACETATO GAT NEGRO -PAT METAL ', '27800', 1, '', '', 0.000000, 0),
	(946, 1315, NULL, '60041C1', 'RECETA -M- ACETATO NEGRO -PAT METAL', '22900', 1, '', '', 0.000000, 0),
	(947, 1315, NULL, '60041C2', 'RECETA -M- ACETATO NUDE TRANSP -PAT METAL', '22900', 1, '', '', 0.000000, 0),
	(948, 1315, NULL, '60046C1', 'RECETA -M- ACETATO NEGRO -PAT C/CUBIC', '27800', 1, '', '', 0.000000, 0),
	(949, 1315, NULL, '60046C2', 'RECETA -M- ACETATO NEGRO/ROSA TRANSP -PAT C/CUBIC', '27800', 1, '', '', 0.000000, 0),
	(950, 1315, NULL, '60046C7', 'RECETA -M- ACETATO LILA TRANSP -PAT C/CUBIC', '27800', 1, '', '', 0.000000, 0),
	(951, 1315, NULL, '60047C1', 'RECETA -M- ACETATO NEGRO -PAT METAL DORADO ', '30200', 1, '', '', 0.000000, 0),
	(952, 1315, NULL, '60047C2', 'RECETA -M- ACETATO NEGRO/ROSA TRANSP -PAT METAL DORADO ', '30200', 1, '', '', 0.000000, 0),
	(953, 1315, NULL, '60047C6', 'RECETA -M- ACETATO GRIS TRANSP/TRANSP -PAT METAL DORADO ', '30200', 1, '', '', 0.000000, 0),
	(954, 1315, NULL, '60048C1', 'RECETA -M- ACETATO GAT NEGRO -PAT DET BLANCO', '25300', 1, '', '', 0.000000, 0),
	(955, 1315, NULL, '60048C3', 'RECETA -M- ACETATO GAT BORDO TRANSP/TRANSP -PAT DET NEGRO', '25300', 1, '', '', 0.000000, 0),
	(956, 1315, NULL, '60048C4', 'RECETA -M- ACETATO GAT CELESTE TRANSP -PAT DET AZUL', '25300', 1, '', '', 0.000000, 0),
	(957, 1315, NULL, '60048C6', 'RECETA -M- ACETATO GAT LILA TRANSP -PAT DET ROSA', '25300', 1, '', '', 0.000000, 0),
	(958, 1315, NULL, '60049C1', 'RECETA -M- ACETATO NEGRO -PAT METAL DORADO ', '29900', 1, '', '', 0.000000, 0),
	(959, 1315, NULL, '60049C2', 'RECETA -M- ACETATO TRANSPARENTE -PAT METAL DORADO ', '29900', 1, '', '', 0.000000, 0),
	(960, 1315, NULL, '60049C5', 'RECETA -M- ACETATO BORDO/TRANSP -PAT METAL DORADO ', '29900', 1, '', '', 0.000000, 0),
	(961, 1315, NULL, '60051C1', 'RECETA -M- ACETATO GAT LABRADO NEGRO -PAT METAL DORADO ', '20700', 1, '', '', 0.000000, 0),
	(962, 1315, NULL, '60051C5', 'RECETA -M- ACETATO GAT LABRADO NEGRO/ROSA TRANSP -PAT METAL DORADO ', '20700', 1, '', '', 0.000000, 0),
	(963, 1315, NULL, '60051C6', 'RECETA -M- ACETATO GAT LABRADO GRIS TRANSP/TRANSP -PAT METAL DORADO ', '20700', 1, '', '', 0.000000, 0),
	(964, 1315, NULL, '60054C2', 'RECETA -M- ACETATO LILA/TRANSP LATERAL GLITTER', '33500', 1, '', '', 0.000000, 0),
	(965, 1315, NULL, '60054C3', 'RECETA -M- ACETATO TRANSP LATERAL GLITTER', '33500', 1, '', '', 0.000000, 0),
	(966, 1315, NULL, '60059C1', 'RECETA -M- ACETATO/METAL GAT NEGRO/DORADO', '26200', 1, '', '', 0.000000, 0),
	(967, 1315, NULL, '60059C4', 'RECETA -M- ACETATO/METAL GAT GRIS TRANSP/DORADO', '26200', 1, '', '', 0.000000, 0),
	(968, 1315, NULL, '60059C5', 'RECETA -M- ACETATO/METAL GAT BORDO MOT/DORADO', '26200', 1, '', '', 0.000000, 0),
	(969, 1315, NULL, '60059C6', 'RECETA -M- ACETATO/METAL GAT MARRON/DORADO', '26200', 1, '', '', 0.000000, 0),
	(970, 1315, NULL, '60064C1', 'RECETA -M- ACETATO GAT NEGRO -PAT METAL DORADO', '23800', 1, '', '', 0.000000, 0),
	(971, 1315, NULL, '60064C2', 'RECETA -M- ACETATO GAT NUDE -PAT METAL DORADO', '23800', 1, '', '', 0.000000, 0),
	(972, 1315, NULL, '60064C5', 'RECETA -M- ACETATO GAT AZUL -PAT METAL DORADO', '23800', 1, '', '', 0.000000, 0),
	(973, 1315, NULL, '60064C6', 'RECETA -M- ACETATO GAT GRIS TRANSP/ROSA TRANSP -PAT METAL DORADO', '23800', 1, '', '', 0.000000, 0),
	(974, 1315, NULL, '60068C1', 'RECETA -M- ACETATO NEGRO/GLITTER PLAT -PAT METAL DORADO', '32200', 1, '', '', 0.000000, 0),
	(975, 1315, NULL, '60068C2', 'RECETA -M- ACETATO NUDE TRANSP/GLITTER DOR -PAT METAL DORADO', '32200', 1, '', '', 0.000000, 0),
	(976, 1315, NULL, '60068C4', 'RECETA -M- ACETATO GRIS TRANSP/GLITTER PLAT -PAT METAL DORADO', '32200', 1, '', '', 0.000000, 0),
	(977, 1315, NULL, '60069C1', 'RECETA -M- ACETATO NEGRO LATERAL GLITTER PLAT -PAT METAL DORADO', '29900', 1, '', '', 0.000000, 0),
	(978, 1315, NULL, '60069C2', 'RECETA -M- ACETATO NUDE/TRANSP LATERAL GLITTER ROSA -PAT METAL DORADO', '29900', 1, '', '', 0.000000, 0),
	(979, 1315, NULL, '60069C3', 'RECETA -M- ACETATO BORDO/TRANSP LATERAL GLITTER ROJO -PAT METAL DORADO', '29900', 1, '', '', 0.000000, 0),
	(980, 1315, NULL, '60069C6', 'RECETA -M- ACETATO AZUL/TRANSP LATERAL GLITTER AZUL -PAT METAL DORADO', '29900', 1, '', '', 0.000000, 0),
	(981, 1315, NULL, '60070C1', 'RECETA -M- ACETATO NEGRO VERT DET COLOR -PAT METAL DORADO', '26900', 1, '', '', 0.000000, 0),
	(982, 1315, NULL, '60070C3', 'RECETA -M- ACETATO ROSA TRANSP VERT DET COLOR -PAT METAL DORADO', '26900', 1, '', '', 0.000000, 0),
	(983, 1315, NULL, '60070C5', 'RECETA -M- ACETATO BORDO VERT DET COLOR -PAT METAL DORADO', '26900', 1, '', '', 0.000000, 0),
	(984, 1315, NULL, '60072C1', 'RECETA -M- ACETATO NEGRO VERT DET METAL -PAT METAL DORADO', '29900', 1, '', '', 0.000000, 0),
	(985, 1315, NULL, '60072C2', 'RECETA -M- ACETATO NUDE/TRANSP VERT DET METAL -PAT METAL DORADO', '29900', 1, '', '', 0.000000, 0),
	(986, 1315, NULL, '60072C3', 'RECETA -M- ACETATO BORDO/TRANSP VERT DET METAL -PAT METAL DORADO', '29900', 1, '', '', 0.000000, 0),
	(987, 1315, NULL, '60072C4', 'RECETA -M- ACETATO GRIS OSC/TRANSP VERT DET METAL -PAT METAL DORADO', '29900', 1, '', '', 0.000000, 0),
	(988, 1315, NULL, '60074C4', 'RECETA -M- ACETATO/METAL NUDE/DORADO', '30200', 1, '', '', 0.000000, 0),
	(989, 1315, NULL, '60074C5', 'RECETA -M- ACETATO/METAL ROSA TRANSP/DORADO', '30200', 1, '', '', 0.000000, 0),
	(990, 1315, NULL, '60077C4', 'RECETA -M- ACETATO/METAL GAT BORDO/DORADO', '31800', 1, '', '', 0.000000, 0),
	(991, 1315, NULL, '60077C5', 'RECETA -M- ACETATO/METAL GAT NUDE/DORADO', '31800', 1, '', '', 0.000000, 0),
	(992, 1315, NULL, '60077C6', 'RECETA -M- ACETATO/METAL GAT AZUL OSC/DORADO', '31800', 1, '', '', 0.000000, 0),
	(993, 1315, NULL, '60083C1', 'RECETA -M- ACETATO GAT NEGRO -PAT METAL DORADO', '23800', 1, '', '', 0.000000, 0),
	(994, 1315, NULL, '60083C3', 'RECETA -M- ACETATO GAT NUDE -PAT METAL DORADO', '23800', 1, '', '', 0.000000, 0),
	(995, 1315, NULL, '60083C5', 'RECETA -M- ACETATO GAT NUDE/TRANSP -PAT METAL DORADO', '23800', 1, '', '', 0.000000, 0),
	(996, 1315, NULL, '60086C1', 'RECETA -M- ACETATO NEGRO -PAT METAL DORADO LABR', '27500', 1, '', '', 0.000000, 0),
	(997, 1315, NULL, '60086C3', 'RECETA -M- ACETATO TRANSPARENTE -PAT METAL DORADO LABR', '27500', 1, '', '', 0.000000, 0),
	(998, 1315, NULL, '60088C1', 'RECETA -M- ACETATO NEGRO -PAT METAL DORADO', '29900', 1, '', '', 0.000000, 0),
	(999, 1315, NULL, '60088C5', 'RECETA -M- ACETATO BORDO -PAT METAL DORADO', '29900', 1, '', '', 0.000000, 0),
	(1000, 1315, NULL, '60088C7', 'RECETA -M- ACETATO GRIS TRANSP DET TURQUESA -PAT METAL DORADO', '29900', 1, '', '', 0.000000, 0),
	(1001, 1315, NULL, '60089C1', 'RECETA -M- ACETATO NEGRO -PAT METAL DORADO', '29900', 1, '', '', 0.000000, 0),
	(1002, 1315, NULL, '60089C3', 'RECETA -M- ACETATO TRANSPARENTE -PAT METAL DORADO', '29900', 1, '', '', 0.000000, 0),
	(1003, 1315, NULL, '60089C6', 'RECETA -M- ACETATO BORDO TRANSP/TRANSP -PAT METAL DORADO', '29900', 1, '', '', 0.000000, 0),
	(1004, 1315, NULL, '60054C5', 'RECETA -M- ACETATO NUDE/TRANSP LATERAL GLITTER', '33500', 1, '', '', 0.000000, 0),
	(1005, 1315, NULL, '100702C5', 'RECETA -M- METAL RED ROSA VIEJO', '22400', 1, '', '', 0.000000, 0),
	(1006, 1315, NULL, '100702C7', 'RECETA -M- METAL RED BORDO/DORADO', '22400', 1, '', '', 0.000000, 0),
	(1007, 1315, NULL, '100704C1', 'RECETA -M- METAL RED NEGRO MATE -PAT DET DORADO', '22400', 1, '', '', 0.000000, 0),
	(1008, 1315, NULL, '100704C4', 'RECETA -M- METAL RED MARRON/DORADO', '22400', 1, '', '', 0.000000, 0),
	(1009, 1315, NULL, '100704C5', 'RECETA -M- METAL RED ROSA VIEJO', '22400', 1, '', '', 0.000000, 0),
	(1010, 1315, NULL, '100704C7', 'RECETA -M- METAL RED BORDO/DORADO', '22400', 1, '', '', 0.000000, 0),
	(1011, 1315, NULL, '100705C1', 'RECETA -M- METAL RED NEGRO MATE/DORADO', '24400', 1, '', '', 0.000000, 0),
	(1012, 1315, NULL, '100705C2', 'RECETA -M- METAL RED NUDE/NAT/DORADO', '24400', 1, '', '', 0.000000, 0),
	(1013, 1315, NULL, '100708C6', 'RECETA -M- METAL RED MORADO/PLATEADO', '22400', 1, '', '', 0.000000, 0),
	(1014, 1318, NULL, '98003C1CLIP', 'RECETA -M- ACETATO CLIP ON *POL NEGRO ', '32800', 1, '', '', 0.000000, 0),
	(1015, 1318, NULL, '98003C2CLIP', 'RECETA -M- ACETATO CLIP ON *POL NEGRO ', '32800', 1, '', '', 0.000000, 0),
	(1016, 1318, NULL, '98003C3CLIP', 'RECETA -M- ACETATO CLIP ON *POL NEGRO -PAT NUDE', '32800', 1, '', '', 0.000000, 0),
	(1017, 1318, NULL, '98003C4CLIP', 'RECETA -M- ACETATO CLIP ON *POL GRIS TRANSP', '32800', 1, '', '', 0.000000, 0),
	(1018, 1318, NULL, '98004C1CLIP', 'RECETA -M- ACETATO CLIP ON *POL NEGRO', '32800', 1, '', '', 0.000000, 0),
	(1019, 1318, NULL, '98004C2CLIP', 'RECETA -M- ACETATO CLIP ON *POL NEGRO', '32800', 1, '', '', 0.000000, 0),
	(1020, 1318, NULL, '98004C6CLIP', 'RECETA -M- ACETATO CLIP ON *POL GRIS TRANSP', '32800', 1, '', '', 0.000000, 0),
	(1021, 1318, NULL, '98005C1CLIP', 'RECETA -M- ACETATO CLIP ON *POL NEGRO', '32800', 1, '', '', 0.000000, 0),
	(1022, 1318, NULL, '98005C2CLIP', 'RECETA -M- ACETATO CLIP ON *POL NATURAL TRANSP', '32800', 1, '', '', 0.000000, 0),
	(1023, 1318, NULL, '98005C4CLIP', 'RECETA -M- ACETATO CLIP ON *POL GRIS TRANSP', '32800', 1, '', '', 0.000000, 0),
	(1024, 1318, NULL, '98007C1CLIP', 'RECETA -M- ACETATO CLIP ON *POL NEGRO', '32800', 1, '', '', 0.000000, 0),
	(1025, 1318, NULL, '98007C4CLIP', 'RECETA -M- ACETATO CLIP ON *POL GRIS TRANSP', '32800', 1, '', '', 0.000000, 0),
	(1026, 1318, NULL, '98007C6CLIP', 'RECETA -M- ACETATO CLIP ON *POL NUDE TRANSP', '32800', 1, '', '', 0.000000, 0),
	(1027, 1318, NULL, '98009C1CLIP', 'RECETA -M- ACETATO CLIP ON *POL NEGRO', '32800', 1, '', '', 0.000000, 0),
	(1028, 1318, NULL, '98009C2CLIP', 'RECETA -M- ACETATO CLIP ON *POL NEGRO', '32800', 1, '', '', 0.000000, 0),
	(1029, 1318, NULL, '98009C6CLIP', 'RECETA -M- ACETATO CLIP ON *POL GRIS TRANSP', '32800', 1, '', '', 0.000000, 0),
	(1030, 1318, NULL, '98010C1CLIP', 'RECETA -M- ACETATO CLIP ON *POL NEGRO', '32800', 1, '', '', 0.000000, 0),
	(1031, 1318, NULL, '98010C2CLIP', 'RECETA -M- ACETATO CLIP ON *POL NEGRO', '32800', 1, '', '', 0.000000, 0),
	(1032, 1318, NULL, '98010C4CLIP', 'RECETA -M- ACETATO CLIP ON *POL GRIS TRANSP', '32800', 1, '', '', 0.000000, 0),
	(1033, 1318, NULL, '98010C6CLIP', 'RECETA -M- ACETATO CLIP ON *POL GRIS OSC TRANSP', '32800', 1, '', '', 0.000000, 0),
	(1034, 1318, NULL, '98011C1CLIP', 'RECETA -M- ACETATO CLIP ON *POL NEGRO', '32800', 1, '', '', 0.000000, 0),
	(1035, 1318, NULL, '98011C2CLIP', 'RECETA -M- ACETATO CLIP ON *POL NEGRO', '32800', 1, '', '', 0.000000, 0),
	(1036, 1318, NULL, '98011C6CLIP', 'RECETA -M- ACETATO CLIP ON *POL NUDE TRANSP', '32800', 1, '', '', 0.000000, 0),
	(1037, 1318, NULL, '98013C1CLIP', 'RECETA -M- ACETATO CLIP ON *POL NEGRO', '32800', 1, '', '', 0.000000, 0),
	(1038, 1318, NULL, '98013C2CLIP', 'RECETA -M- ACETATO CLIP ON *POL NEGRO', '32800', 1, '', '', 0.000000, 0),
	(1039, 1318, NULL, '98013C6CLIP', 'RECETA -M- ACETATO CLIP ON *POL GRIS OSC TRANSP', '32800', 1, '', '', 0.000000, 0),
	(1040, 1318, NULL, '98014C1CLIP', 'RECETA -M- ACETATO CLIP ON *POL NEGRO', '32800', 1, '', '', 0.000000, 0),
	(1041, 1318, NULL, '98014C2CLIP', 'RECETA -M- ACETATO CLIP ON *POL NEGRO', '32800', 1, '', '', 0.000000, 0),
	(1042, 1318, NULL, '98014C3CLIP', 'RECETA -M- ACETATO CLIP ON *POL NEGRO', '32800', 1, '', '', 0.000000, 0),
	(1043, 1318, NULL, '98015C1CLIP', 'RECETA -M- ACETATO CLIP ON *POL NEGRO', '32800', 1, '', '', 0.000000, 0),
	(1044, 1318, NULL, '98015C2CLIP', 'RECETA -M- ACETATO CLIP ON *POL NEGRO', '32800', 1, '', '', 0.000000, 0),
	(1045, 1318, NULL, '98015C4CLIP', 'RECETA -M- ACETATO CLIP ON *POL GRIS TRANSP', '32800', 1, '', '', 0.000000, 0),
	(1046, 1318, NULL, 'EF9012C1', 'RECETA -M- ACETATO CLIP ON DOBLE PUENTE NEGRO INT MOTEADO', '32800', 1, '', '', 0.000000, 0),
	(1047, 1318, NULL, 'EF9012C2', 'RECETA -M- ACETATO CLIP ON DOBLE PUENTE GRIS MOTEADO', '32800', 1, '', '', 0.000000, 0),
	(1048, 1318, NULL, 'EF9014C1', 'RECETA -M- ACETATO CLIP ON GRIS TRANSP MOT', '32800', 1, '', '', 0.000000, 0),
	(1049, 1318, NULL, 'EF9014C2', 'RECETA -M- ACETATO CLIP ON AZUL TRANSP', '32800', 1, '', '', 0.000000, 0),
	(1050, 1318, NULL, 'EF9014C3', 'RECETA -M- ACETATO CLIP ON MARRON TRANSP MOT (V)', '32800', 1, '', '', 0.000000, 0),
	(1051, 1315, NULL, 'EM1122C2', 'RECETA -M- METAL GAT BORDO/DORADO C/MOÑO- PAT ZIG ZAG', '28400', 1, '', '', 0.000000, 0),
	(1052, 1315, NULL, 'EM1135C1', 'RECETA -M- METAL GAT DORADO/NEGRO/NAT- PAT ZIG ZAG', '22400', 1, '', '', 0.000000, 0),
	(1053, 1315, NULL, 'EM1135C2', 'RECETA -M- METAL GAT DORADO/LILA/ROSA- PAT ZIG ZAG', '22400', 1, '', '', 0.000000, 0),
	(1054, 1315, NULL, 'EM1135C4', 'RECETA -M- METAL GAT DORADO/BORDO/LILA- PAT ZIG ZAG', '22400', 1, '', '', 0.000000, 0),
	(1055, 1315, NULL, 'EM1139C1', 'RECETA -M- METAL GAT NEGRO/DORADO', '24800', 1, '', '', 0.000000, 0),
	(1056, 1315, NULL, 'EM1139C3', 'RECETA -M- METAL GAT NUDE/PLATEADO', '24800', 1, '', '', 0.000000, 0),
	(1057, 1315, NULL, 'EM1139C4', 'RECETA -M- METAL GAT VIOLETA/DORADO', '24800', 1, '', '', 0.000000, 0),
	(1058, 1315, NULL, 'EM6006C1', 'RECETA -M- METAL NEGRO MATE/DORADO', '26200', 1, '', '', 0.000000, 0),
	(1059, 1315, NULL, 'EM6006C2', 'RECETA -M- METAL BORDO/DORADO', '26200', 1, '', '', 0.000000, 0),
	(1060, 1315, NULL, 'EM6006C3', 'RECETA -M- METAL MARRON/DORADO ROSE', '26200', 1, '', '', 0.000000, 0),
	(1061, 1315, NULL, 'EM6006C4', 'RECETA -M- METAL VERDE OLIVA/PLATEADO', '26200', 1, '', '', 0.000000, 0),
	(1062, 1315, NULL, 'MG3671C1', 'RECETA -M- METAL GAT GRIS/NEGRO/DORADO', '33500', 1, '', '', 0.000000, 0),
	(1063, 1315, NULL, 'MG3671C2', 'RECETA -M- METAL GAT MARRON/NUDE/DORADO ROSE', '33500', 1, '', '', 0.000000, 0),
	(1064, 1315, NULL, 'MG3671C3', 'RECETA -M- METAL GAT NUDE/ROSA/DORADO', '33500', 1, '', '', 0.000000, 0),
	(1065, 1315, NULL, 'MG3671C4', 'RECETA -M- METAL GAT ROSA/BORDO/DORADO', '33500', 1, '', '', 0.000000, 0),
	(1066, 1315, NULL, 'MG3677C1', 'RECETA -M- METAL NEGRO/DORADO VERT C/CUBICS', '33500', 1, '', '', 0.000000, 0),
	(1067, 1315, NULL, 'MG3677C3', 'RECETA -M- METAL NUDE/DORADO VERT C/CUBICS', '33500', 1, '', '', 0.000000, 0),
	(1068, 1315, NULL, 'MG3677C4', 'RECETA -M- METAL NATURAL/DORADO VERT C/CUBICS', '33500', 1, '', '', 0.000000, 0),
	(1069, 1315, NULL, 'MG3677C5', 'RECETA -M- METAL BORDO/DORADO VERT C/CUBICS', '33500', 1, '', '', 0.000000, 0),
	(1070, 1315, NULL, 'MG3678C4', 'RECETA -M- METAL NATURAL/DORADO VERT C/CUBICS', '33500', 1, '', '', 0.000000, 0),
	(1071, 1315, NULL, 'MG3678C5', 'RECETA -M- METAL NUDE/DORADO VERT C/CUBICS', '33500', 1, '', '', 0.000000, 0),
	(1072, 1315, NULL, 'MG3679C1', 'RECETA -M- METAL NEGRO/DORADO -PAT C/CUBICS', '30800', 1, '', '', 0.000000, 0),
	(1073, 1315, NULL, 'MG3679C2', 'RECETA -M- METAL BORDO/DORADO -PAT C/CUBICS', '30800', 1, '', '', 0.000000, 0),
	(1074, 1315, NULL, 'MG3679C3', 'RECETA -M- METAL BEIGE/DORADO -PAT C/CUBICS', '30800', 1, '', '', 0.000000, 0),
	(1075, 1315, NULL, 'MG3684C1', 'RECETA -M- METAL EXAG NEGRO MATE/DORADO ', '30800', 1, '', '', 0.000000, 0),
	(1076, 1315, NULL, 'MG3684C4', 'RECETA -M- METAL EXAG NUDE/DORADO', '30800', 1, '', '', 0.000000, 0),
	(1077, 1315, NULL, 'MG3684C5', 'RECETA -M- METAL EXAG NATURAL/DORADO ROSE', '30800', 1, '', '', 0.000000, 0),
	(1078, 1315, NULL, 'MG3698C1', 'RECETA -M- METAL NEGRO/DORADO VERT C/CUBIC', '33500', 1, '', '', 0.000000, 0),
	(1079, 1315, NULL, 'MG3718C1', 'RECETA -M- METAL RANURADO NEGRO/DORADO ', '31800', 1, '', '', 0.000000, 0),
	(1080, 1315, NULL, 'MG3718C2', 'RECETA -M- METAL RANURADO MARRON/DORADO ', '31800', 1, '', '', 0.000000, 0),
	(1081, 1315, NULL, 'MG3718C5', 'RECETA -M- METAL RANURADO NUDE/DORADO ROSE', '31800', 1, '', '', 0.000000, 0),
	(1082, 1315, NULL, 'MG3753C2', 'RECETA -M- METAL EXAG MARRON/DORADO', '22900', 1, '', '', 0.000000, 0),
	(1083, 1315, NULL, 'MG3753C3', 'RECETA -M- METAL EXAG BORDO/DORADO', '22900', 1, '', '', 0.000000, 0),
	(1084, 1315, NULL, 'MG3763C1', 'RECETA -M- METAL NEGRO MATE/DORADO C/ROMBOS -PAT C/CUBIC', '31800', 1, '', '', 0.000000, 0),
	(1085, 1315, NULL, 'MG3763C2', 'RECETA -M- METAL BEIGE/DORADO ROSE C/ROMBOS -PAT C/CUBIC', '31800', 1, '', '', 0.000000, 0),
	(1086, 1315, NULL, 'MG3763C3', 'RECETA -M- METAL MARRON/DORADO ROSE C/ROMBOS -PAT C/CUBIC', '31800', 1, '', '', 0.000000, 0),
	(1087, 1315, NULL, 'MG3763C4', 'RECETA -M- METAL DURAZNO/DORADO C/ROMBOS -PAT C/CUBIC', '31800', 1, '', '', 0.000000, 0),
	(1088, 1315, NULL, 'MG3764C1', 'RECETA -M- METAL RANURADO NEGRO MATE C/ROMBOS- PAT C/ CUBIC', '28400', 1, '', '', 0.000000, 0),
	(1089, 1315, NULL, 'MG3764C2', 'RECETA -M- METAL RANURADO DURAZNO C/ROMBOS- PAT C/ CUBIC', '28400', 1, '', '', 0.000000, 0),
	(1090, 1315, NULL, 'MG3764C3', 'RECETA -M- METAL RANURADO ROSA VIEJO C/ROMBOS- PAT C/ CUBIC', '28400', 1, '', '', 0.000000, 0),
	(1091, 1315, NULL, 'MG3764C4', 'RECETA -M- METAL RANURADO MARRON C/ROMBOS- PAT C/ CUBIC', '28400', 1, '', '', 0.000000, 0),
	(1092, 1315, NULL, 'MG3770C1', 'RECETA -M- METAL NEGRO/DORADO', '26300', 1, '', '', 0.000000, 0),
	(1093, 1315, NULL, 'MG3770C2', 'RECETA -M- METAL MARRON/DORADO ROSE', '26300', 1, '', '', 0.000000, 0),
	(1094, 1315, NULL, 'MG3770C4', 'RECETA -M- METAL NATURAL/DORADO ', '26300', 1, '', '', 0.000000, 0),
	(1095, 1315, NULL, 'MG6263C1', 'RECETA -M- ACETATO NEGRO -PAT DET DORADO', '32200', 1, '', '', 0.000000, 0),
	(1096, 1315, NULL, 'MG6263C2', 'RECETA -M- ACETATO BORDO -PAT DET DORADO', '32200', 1, '', '', 0.000000, 0),
	(1097, 1315, NULL, 'MG6263C4', 'RECETA -M- ACETATO NUDE/TRANSP -PAT DET DORADO', '32200', 1, '', '', 0.000000, 0),
	(1098, 1315, NULL, 'MG6280C1', 'RECETA -M- ACETATO NEGRO -PAT DET FLOR DORADA', '28400', 1, '', '', 0.000000, 0),
	(1099, 1315, NULL, 'MG6280C2', 'RECETA -M- ACETATO MARRON -PAT DET FLOR DORADA', '28400', 1, '', '', 0.000000, 0),
	(1100, 1315, NULL, 'MG6280C3', 'RECETA -M- ACETATO BORDO/TRANSP -PAT DET FLOR DORADA', '28400', 1, '', '', 0.000000, 0),
	(1101, 1315, NULL, 'MG6280C4', 'RECETA -M- ACETATO NUDE/TRANSP -PAT DET FLOR DORADA', '28400', 1, '', '', 0.000000, 0),
	(1102, 1315, NULL, 'MG6288C1', 'RECETA -M- ACETATO NEGRO -PAT C/CUBIC', '30800', 1, '', '', 0.000000, 0),
	(1103, 1315, NULL, 'MG6288C3', 'RECETA -M- ACETATO LILA TRANSP -PAT C/CUBIC', '30800', 1, '', '', 0.000000, 0),
	(1104, 1315, NULL, 'MG6300C1', 'RECETA -M- ACETATO NEGRO- PAT DET METAL', '30800', 1, '', '', 0.000000, 0),
	(1105, 1315, NULL, 'MG6301C1', 'RECETA -M- ACETATO NEGRO- PAT DET METAL', '30800', 1, '', '', 0.000000, 0),
	(1106, 1315, NULL, 'MG6301C4', 'RECETA -M- ACETATO LILA TRANSP/NUDE- PAT DET METAL', '30800', 1, '', '', 0.000000, 0),
	(1107, 1315, NULL, 'MG6301C5', 'RECETA -M- ACETATO BORDO TRANSP/NUDE- PAT DET METAL', '30800', 1, '', '', 0.000000, 0),
	(1108, 1315, NULL, 'TL3682C1', 'RECETA -M- METAL RED NEGRO/DORADO -PAT C/CORAZON', '24800', 1, '', '', 0.000000, 0),
	(1109, 1315, NULL, 'TL3682C2', 'RECETA -M- METAL RED MARRON/DORADO -PAT C/CORAZON', '24800', 1, '', '', 0.000000, 0),
	(1110, 1315, NULL, 'TL3682C3', 'RECETA -M- METAL RED BORDO/DORADO -PAT C/CORAZON', '24800', 1, '', '', 0.000000, 0),
	(1111, 1315, NULL, 'TL3745C1', 'RECETA -M- METAL NEGRO/DORADO -PAT C/CUBIC', '33500', 1, '', '', 0.000000, 0),
	(1112, 1315, NULL, 'TL3745C2', 'RECETA -M- METAL MARRON/DORADO -PAT C/CUBIC', '33500', 1, '', '', 0.000000, 0),
	(1113, 1315, NULL, 'TL3745C3', 'RECETA -M- METAL BORDO/DORADO -PAT C/CUBIC', '33500', 1, '', '', 0.000000, 0),
	(1114, 1315, NULL, 'TL3745C4', 'RECETA -M- METAL NUDE/DORADO -PAT C/CUBIC', '33500', 1, '', '', 0.000000, 0),
	(1115, 1315, NULL, 'TL3781C1', 'RECETA -M- METAL RANURADO NEGRO/DORADO -PAT C/CUBIC', '33500', 1, '', '', 0.000000, 0),
	(1116, 1315, NULL, 'TL3781C5', 'RECETA -M- METAL RANURADO AZUL/DORADO -PAT C/CUBIC', '33500', 1, '', '', 0.000000, 0),
	(1117, 1315, NULL, 'TP8003C1', 'RECETA -M- ACETATO NEGRO/NUDE', '27500', 1, '', '', 0.000000, 0),
	(1118, 1315, NULL, 'TP8003C2', 'RECETA -M- ACETATO TRANSPARENTE/NEGRO', '27500', 1, '', '', 0.000000, 0),
	(1119, 1315, NULL, 'TP8003C5', 'RECETA -M- ACETATO BEIGE/MARRON MOTEADO', '27500', 1, '', '', 0.000000, 0),
	(1120, 1315, NULL, 'TP8005C2', 'RECETA -M- ACETATO BORDO/MARRON MOTEADO', '30800', 1, '', '', 0.000000, 0),
	(1121, 1315, NULL, 'TP8005C4', 'RECETA -M- ACETATO MARRON/VERDE TURQ', '30800', 1, '', '', 0.000000, 0),
	(1122, 1315, NULL, 'TP8005C6', 'RECETA -M- ACETATO MARRON MOT/NUDE', '30800', 1, '', '', 0.000000, 0),
	(1123, 1315, NULL, 'TP8006C1', 'RECETA -M- ACETATO NEGRO DET NUDE', '32200', 1, '', '', 0.000000, 0),
	(1124, 1315, NULL, 'TP8006C4', 'RECETA -M- ACETATO NUDE DET MARRON MOT', '32200', 1, '', '', 0.000000, 0),
	(1125, 1315, NULL, 'TP8006C5', 'RECETA -M- ACETATO TRANSPARENTE DET AZUL', '32200', 1, '', '', 0.000000, 0),
	(1126, 1315, NULL, 'TP8007C1', 'RECETA -M- ACETATO NEGRO', '27500', 1, '', '', 0.000000, 0),
	(1127, 1315, NULL, 'TP8007C2', 'RECETA -M- ACETATO MARRON MOTEADO DET BEIGE', '27500', 1, '', '', 0.000000, 0),
	(1128, 1315, NULL, 'TP8007C5', 'RECETA -M- ACETATO AZUL DET NUDE/MOT', '27500', 1, '', '', 0.000000, 0),
	(1129, 1315, NULL, 'TP8010C1', 'RECETA -M- ACETATO NEGRO/NUDE', '32200', 1, '', '', 0.000000, 0),
	(1130, 1315, NULL, 'TP8010C3', 'RECETA -M- ACETATO AZUL MOTEADO', '32200', 1, '', '', 0.000000, 0),
	(1131, 1315, NULL, 'TP8010C4', 'RECETA -M- ACETATO MARRON MOTEADO', '32200', 1, '', '', 0.000000, 0),
	(1132, 1315, NULL, 'TP8011C1', 'RECETA -M- ACETATO GAT NEGRO DET GRIS', '26200', 1, '', '', 0.000000, 0),
	(1133, 1315, NULL, 'TP8011C2', 'RECETA -M- ACETATO GAT BORDO DET CUADRIC', '26200', 1, '', '', 0.000000, 0),
	(1134, 1315, NULL, 'TP8011C4', 'RECETA -M- ACETATO GAT MARRON MOT DET FUCSIA', '26200', 1, '', '', 0.000000, 0),
	(1135, 1315, NULL, '8601C1', 'RECETA -H- METAL NEGRO/PLATEADO', '19800', 1, '', '', 0.000000, 0),
	(1136, 1315, NULL, '8601C2', 'RECETA -H- METAL GRIS OSC/PLATEADO', '19800', 1, '', '', 0.000000, 0),
	(1137, 1315, NULL, '8601C3', 'RECETA -H- METAL AZUL/PLATEADO', '19800', 1, '', '', 0.000000, 0),
	(1138, 1315, NULL, '8622C1', 'RECETA -H- METAL NEGRO/PLATEADO', '19800', 1, '', '', 0.000000, 0),
	(1139, 1315, NULL, '8622C2', 'RECETA -H- METAL MARRON/BRONCE', '19800', 1, '', '', 0.000000, 0),
	(1140, 1315, NULL, '8623C1', 'RECETA -H- METAL NEGRO/PLATEADO', '19800', 1, '', '', 0.000000, 0),
	(1141, 1315, NULL, '8623C2', 'RECETA -H- METAL MARRON/BRONCE', '19800', 1, '', '', 0.000000, 0),
	(1142, 1315, NULL, '8623C3', 'RECETA -H- METAL AZUL/PLATEADO', '19800', 1, '', '', 0.000000, 0),
	(1143, 1315, NULL, '8638C1', 'RECETA -H- METAL NEGRO/PLATEADO', '19800', 1, '', '', 0.000000, 0),
	(1144, 1315, NULL, '8638C3', 'RECETA -H- METAL GRIS OSC/PLATEADO', '19800', 1, '', '', 0.000000, 0),
	(1145, 1315, NULL, '8638C4', 'RECETA -H- METAL AZUL/PLATEADO', '19800', 1, '', '', 0.000000, 0),
	(1146, 1315, NULL, '8640C1', 'RECETA -H- METAL NEGRO/PLATEADO', '19800', 1, '', '', 0.000000, 0),
	(1147, 1315, NULL, '8640C2', 'RECETA -H- METAL MARRON/DORADO', '19800', 1, '', '', 0.000000, 0),
	(1148, 1315, NULL, 'MG3721C1', 'RECETA -H- METAL RANURADO NEGRO MATE', '29900', 1, '', '', 0.000000, 0),
	(1149, 1315, NULL, 'MG3721C3', 'RECETA -H- METAL RANURADO AZUL -PAT MOT', '29900', 1, '', '', 0.000000, 0),
	(1150, 1315, NULL, 'MG3721C4', 'RECETA -H- METAL RANURADO NEGRO MATE/AZUL -PAT MOT', '29900', 1, '', '', 0.000000, 0),
	(1151, 1315, NULL, 'MG3728C1', 'RECETA -H- METAL NEGRO', '22400', 1, '', '', 0.000000, 0),
	(1152, 1315, NULL, 'MG3728C3', 'RECETA -H- METAL AZUL/PELTRE', '22400', 1, '', '', 0.000000, 0),
	(1153, 1315, NULL, 'MG3741C1', 'RECETA -H- METAL NEGRO MATE', '24400', 1, '', '', 0.000000, 0),
	(1154, 1315, NULL, 'MG3741C4', 'RECETA -H- METAL VERDE OLIVA/PELTRE', '24400', 1, '', '', 0.000000, 0),
	(1155, 1315, NULL, 'OLD7491AC1', 'RECETA -H- ACETATO NEGRO MATE -PAT METAL', '25800', 1, '', '', 0.000000, 0),
	(1156, 1315, NULL, 'OLD7491AC2', 'RECETA -H- ACETATO NEGRO -PAT METAL DET ROJO', '25800', 1, '', '', 0.000000, 0),
	(1157, 1315, NULL, 'OLD7491AC3', 'RECETA -H- ACETATO AZUL MOT TRANSP -PAT METAL ', '25800', 1, '', '', 0.000000, 0),
	(1158, 1315, NULL, 'OLD7491AC4', 'RECETA -H- ACETATO GRIS MOT TRANSP -PAT METAL ', '25800', 1, '', '', 0.000000, 0),
	(1159, 1315, NULL, 'OLD7492AC1', 'RECETA -H- ACETATO NEGRO MATE -PAT METAL ', '23400', 1, '', '', 0.000000, 0),
	(1160, 1315, NULL, 'OLD7492AC2', 'RECETA -H- ACETATO NEGRO -PAT METAL DET ROJO', '23400', 1, '', '', 0.000000, 0),
	(1161, 1315, NULL, 'OLD7492AC4', 'RECETA -H- ACETATO GRIS MOT TRANSP -PAT METAL', '23400', 1, '', '', 0.000000, 0),
	(1162, 1315, NULL, 'OLD7495AC1', 'RECETA -H- ACETATO NEGRO MATE -PAT METAL', '30200', 1, '', '', 0.000000, 0),
	(1163, 1315, NULL, 'OLD7495AC2', 'RECETA -H- ACETATO NEGRO -PAT METAL DET ROJO', '30200', 1, '', '', 0.000000, 0),
	(1164, 1315, NULL, 'OLD7495AC3', 'RECETA -H- ACETATO AZUL MOT TRANSP -PAT METAL ', '30200', 1, '', '', 0.000000, 0),
	(1165, 1315, NULL, 'OLD7495AC4', 'RECETA -H- ACETATO GRIS MOT TRANSP -PAT METAL ', '30200', 1, '', '', 0.000000, 0),
	(1166, 1315, NULL, 'TP3916C1', 'RECETA -H- ACETATO NEGRO', '29900', 1, '', '', 0.000000, 0),
	(1167, 1315, NULL, 'TP3916C4', 'RECETA -H- ACETATO GRIS TRANSPARENTE', '29900', 1, '', '', 0.000000, 0),
	(1168, 1315, NULL, 'TP3916C5', 'RECETA -H- ACETATO GRIS MOT TRANSPARENTE', '29900', 1, '', '', 0.000000, 0),
	(1169, 1315, NULL, 'TP3920C1', 'RECETA -U- ACETATO NEGRO', '29900', 1, '', '', 0.000000, 0),
	(1170, 1315, NULL, 'TP3920C4', 'RECETA -U- ACETATO AZUL MOTEADO TRANSP', '29900', 1, '', '', 0.000000, 0),
	(1171, 1315, NULL, 'TP3920C5', 'RECETA -U- ACETATO GRIS MOTEADO TRANSP', '29900', 1, '', '', 0.000000, 0),
	(1172, 1315, NULL, 'TP3920C6', 'RECETA -U- ACETATO MARRON MOTEADO TRANSP', '29900', 1, '', '', 0.000000, 0),
	(1173, 1315, NULL, 'TP3921C1', 'RECETA -H- ACETATO NEGRO', '29900', 1, '', '', 0.000000, 0),
	(1174, 1315, NULL, 'TP3921C2', 'RECETA -H- ACETATO NEGRO MATE', '29900', 1, '', '', 0.000000, 0),
	(1175, 1315, NULL, 'TP3921C4', 'RECETA -H- ACETATO AZUL MOTEADO TRANSP', '29900', 1, '', '', 0.000000, 0),
	(1176, 1315, NULL, 'TP3921C5', 'RECETA -H- ACETATO GRIS MOTEADO TRANSP', '29900', 1, '', '', 0.000000, 0),
	(1177, 1315, NULL, 'TP3925C1', 'RECETA -H- ACETATO NEGRO -PAT METAL', '27500', 1, '', '', 0.000000, 0),
	(1178, 1315, NULL, 'TP3925C2', 'RECETA -H- ACETATO NEGRO MATE -PAT METAL', '27500', 1, '', '', 0.000000, 0),
	(1179, 1315, NULL, 'TP3925C3', 'RECETA -H- ACETATO TRANSPARENTE -PAT METAL', '27500', 1, '', '', 0.000000, 0),
	(1180, 1315, NULL, 'TP3928C1', 'RECETA -H- ACETATO NEGRO -PAT METAL', '22400', 1, '', '', 0.000000, 0),
	(1181, 1315, NULL, 'TP3928C2', 'RECETA -H- ACETATO NEGRO MATE -PAT METAL', '22400', 1, '', '', 0.000000, 0),
	(1182, 1315, NULL, 'TP3928C4', 'RECETA -H- ACETATO GRIS MOTEADO TRANSP -PAT METAL', '22400', 1, '', '', 0.000000, 0),
	(1183, 1315, NULL, 'MG6286C1', 'RECETA -M- ACETATO GAT NEGRO -PAT C/ROMBOS', '30200', 1, '', '', 0.000000, 0),
	(1184, 1315, NULL, 'MG6286C4', 'RECETA -M- ACETATO GAT BORDO/LILA TRANSP -PAT C/ROMBOS', '30200', 1, '', '', 0.000000, 0),
	(1185, 1315, NULL, 'MG6308AC1', 'RECETA -M- ACETATO GAT NEGRO DET BEIGE', '30200', 1, '', '', 0.000000, 0),
	(1186, 1315, NULL, 'MG6308AC2', 'RECETA -M- ACETATO GAT NUDE TRANSP DET NUDE', '30200', 1, '', '', 0.000000, 0),
	(1187, 1315, NULL, 'MG6308AC3', 'RECETA -M- ACETATO GAT GRIS TRANSP DET GRIS', '30200', 1, '', '', 0.000000, 0),
	(1188, 1315, NULL, 'MG6308AC4', 'RECETA -M- ACETATO GAT MARRON MOT DET BORDO', '30200', 1, '', '', 0.000000, 0),
	(1189, 1315, NULL, 'MG6313C1', 'RECETA -M- ACETATO GRIS TRANSP DET NEGRO', '30200', 1, '', '', 0.000000, 0),
	(1190, 1315, NULL, 'MG6313C2', 'RECETA -M- ACETATO NUDE TRANSP DET BEIGE', '30200', 1, '', '', 0.000000, 0),
	(1191, 1315, NULL, 'MG6317C1', 'RECETA -M- ACETATO NEGRO/GRIS TRANSP', '32200', 1, '', '', 0.000000, 0),
	(1192, 1315, NULL, 'MG6321C1', 'RECETA -H- ACETATO NEGRO -PAT METAL', '22400', 1, '', '', 0.000000, 0),
	(1193, 1315, NULL, 'MG6321C3', 'RECETA -H- ACETATO AZUL MOT/GRIS TRANSP -PAT METAL', '22400', 1, '', '', 0.000000, 0),
	(1194, 1315, NULL, 'MG6344AC1', 'RECETA -M- ACETATO GAT NEGRO/GRIS TRANSP', '30200', 1, '', '', 0.000000, 0),
	(1195, 1315, NULL, 'MS8200C1', 'RECETA -M- ACETATO/METAL NEGRO', '29500', 1, '', '', 0.000000, 0),
	(1196, 1315, NULL, 'MS8200C2', 'RECETA -M- ACETATO/METAL BEIGE/NEGRO MOT', '29500', 1, '', '', 0.000000, 0),
	(1197, 1315, NULL, 'MS8200C5', 'RECETA -M- ACETATO/METAL BEIGE MOTEADO', '29500', 1, '', '', 0.000000, 0),
	(1198, 1315, NULL, 'MS8232BC1', 'RECETA -M- ACETATO NEGRO -PAT METAL DORADO ZIG ZAG', '29500', 1, '', '', 0.000000, 0),
	(1199, 1315, NULL, 'MS8232BC2', 'RECETA -M- ACETATO BORDO -PAT METAL DORADO ZIG ZAG', '29500', 1, '', '', 0.000000, 0),
	(1200, 1315, NULL, 'MS8232BC4', 'RECETA -M- ACETATO AZUL MOT -PAT METAL DORADO ZIG ZAG', '29500', 1, '', '', 0.000000, 0),
	(1201, 1315, NULL, 'MS8239BC1', 'RECETA -M- METAL NEGRO/DORADO', '32200', 1, '', '', 0.000000, 0),
	(1202, 1315, NULL, 'MS8239BC2', 'RECETA -M- METAL BORDO MOT/DORADO ROSE', '32200', 1, '', '', 0.000000, 0),
	(1203, 1315, NULL, 'MS8239BC3', 'RECETA -M- METAL NATURAL MOT/DORADO', '32200', 1, '', '', 0.000000, 0),
	(1204, 1315, NULL, 'MS8239BC4', 'RECETA -M- METAL MARRON MOT/DORADO', '32200', 1, '', '', 0.000000, 0),
	(1205, 1315, NULL, 'ES6004C2', 'RECETA -M- ACETATO NEGRO -PAT METAL MOT C/ TACHAS ', '32200', 1, '', '', 0.000000, 0),
	(1206, 1315, NULL, 'ES6004C3', 'RECETA -M- ACETATO MARRON OSC -PAT METAL TURQ C/TACHAS', '32200', 1, '', '', 0.000000, 0),
	(1207, 1315, NULL, 'ES6004C4', 'RECETA -M- ACETATO BORDO OSC -PAT METAL MOT C/TACHAS', '32200', 1, '', '', 0.000000, 0),
	(1208, 1315, NULL, 'ES6006C1', 'RECETA -M- ACETATO NEGRO INT NUDE -PAT METAL C/CUBIC', '27800', 1, '', '', 0.000000, 0),
	(1209, 1315, NULL, 'ES6006C3', 'RECETA -M- ACETATO BORDO INT ROSA -PAT METAL C/CUBIC', '27800', 1, '', '', 0.000000, 0),
	(1210, 1315, NULL, 'ES6006C4', 'RECETA -M- ACETATO VIOLETA MOT TRANSP -PAT METAL C/CUBIC', '27800', 1, '', '', 0.000000, 0),
	(1211, 1315, NULL, 'ES6011C1', 'RECETA -M- ACETATO NEGRO INT GRIS -PAT METAL', '27800', 1, '', '', 0.000000, 0),
	(1212, 1315, NULL, 'ES6011C2', 'RECETA -M- ACETATO FUCSIA TRANSP/VIOLETA -PAT METAL', '27800', 1, '', '', 0.000000, 0),
	(1213, 1315, NULL, 'ES6011C3', 'RECETA -M- ACETATO MARRON INT NUDE -PAT METAL', '27800', 1, '', '', 0.000000, 0),
	(1214, 1315, NULL, 'ES6012C3', 'RECETA -M- ACETATO BEIGE MOT -PAT NUDE C/APLIQUE METAL', '32200', 1, '', '', 0.000000, 0),
	(1215, 1315, NULL, 'ES6012C4', 'RECETA -M- ACETATO MARRON OSC -PAT MOT C/APLIQUE METAL', '32200', 1, '', '', 0.000000, 0),
	(1216, 1315, NULL, 'ES6014C1', 'RECETA -M- ACETATO NEGRO -PAT METAL', '29900', 1, '', '', 0.000000, 0),
	(1217, 1315, NULL, 'ES6014C2', 'RECETA -M- ACETATO BEIGE INT NUDE -PAT METAL', '29900', 1, '', '', 0.000000, 0),
	(1218, 1315, NULL, 'ES6014C3', 'RECETA -M- ACETATO BORDO INT NUDE -PAT METAL', '29900', 1, '', '', 0.000000, 0),
	(1219, 1315, NULL, 'ES6016C1', 'RECETA -M- ACETATO NEGRO -PAT METAL C/CUBICS', '27800', 1, '', '', 0.000000, 0),
	(1220, 1315, NULL, 'ES6016C3', 'RECETA -M- ACETATO MARRON MOT -PAT METAL C/CUBICS', '27800', 1, '', '', 0.000000, 0),
	(1221, 1315, NULL, 'ES6017C1', 'RECETA -M- ACETATO NEGRO -PAT METAL', '27800', 1, '', '', 0.000000, 0),
	(1222, 1315, NULL, 'ES6017C2', 'RECETA -M- ACETATO VERDE OLIVA MOT INT CELESTE AGUA -PAT METAL', '27800', 1, '', '', 0.000000, 0),
	(1223, 1315, NULL, 'ES6017C3', 'RECETA -M- ACETATO BEIGE INT NUDE -PAT METAL', '27800', 1, '', '', 0.000000, 0),
	(1224, 1315, NULL, 'ES6027C1', 'RECETA -M- ACETATO NEGRO INTTRANSP -PAT DET DORADO', '27800', 1, '', '', 0.000000, 0),
	(1225, 1315, NULL, 'ES6027C2', 'RECETA -M- ACETATO BORDO INT FUCSIATRANSP -PAT DET DORADO', '27800', 1, '', '', 0.000000, 0),
	(1226, 1315, NULL, 'ES6027C3', 'RECETA -M- ACETATO AZUL TRANSP INT TRANSP -PAT DET DORADO', '27800', 1, '', '', 0.000000, 0),
	(1227, 1315, NULL, 'ES6037C3', 'RECETA -M- ACETATO NUDE INT NATURAL -PAT METAL', '29900', 1, '', '', 0.000000, 0),
	(1228, 1315, NULL, 'ES6037C4', 'RECETA -M- ACETATO ROSA/MARRON MOT -PAT METAL', '29900', 1, '', '', 0.000000, 0),
	(1229, 1315, NULL, 'ES6040C1', 'RECETA -M- ACETATO NEGRO -PAT MARRON MOT C/CUBIC', '27800', 1, '', '', 0.000000, 0),
	(1230, 1315, NULL, 'ES6040C2', 'RECETA -M- ACETATO AZUL -PAT MOT C/CUBIC', '27800', 1, '', '', 0.000000, 0),
	(1231, 1315, NULL, 'ES6040C4', 'RECETA -M- ACETATO NUDE TRANSP -PAT BORDO C/CUBIC', '27800', 1, '', '', 0.000000, 0),
	(1232, 1315, NULL, 'XE2120C2', 'RECETA -M- METAL LILA/DORADO', '26200', 1, '', '', 0.000000, 0),
	(1233, 1315, NULL, 'XE2120C4', 'RECETA -M- METAL AZUL/CELESTE', '26200', 1, '', '', 0.000000, 0),
	(1234, 1315, NULL, 'XE2121C1', 'RECETA -H- METAL NEGRO MATE/CHAMPAGNE', '21400', 1, '', '', 0.000000, 0),
	(1235, 1315, NULL, 'XE2121C2', 'RECETA -H- METAL MARRON MATE/CHAMPAGNE', '21400', 1, '', '', 0.000000, 0),
	(1236, 1315, NULL, 'XE2121C4', 'RECETA -H- METAL AZUL MATE/PLATEADO', '21400', 1, '', '', 0.000000, 0),
	(1237, 1315, NULL, 'XE2124C3', 'RECETA -H- METAL AZUL MATE/PLATEADO', '21400', 1, '', '', 0.000000, 0),
	(1238, 1315, NULL, 'XE2124C4', 'RECETA -H- METAL GRIS MATE/PLATEADO', '21400', 1, '', '', 0.000000, 0),
	(1239, 1315, NULL, 'XE2126C1', 'RECETA -H- METAL NEGRO MATE/PLATEADO', '21400', 1, '', '', 0.000000, 0),
	(1240, 1315, NULL, 'XE2126C3', 'RECETA -H- METAL AZUL MATE/PLATEADO', '21400', 1, '', '', 0.000000, 0),
	(1241, 1315, NULL, 'XE2127C1', 'RECETA -H- METAL NEGRO MATE/PLATEADO', '21400', 1, '', '', 0.000000, 0),
	(1242, 1315, NULL, 'XE2127C2', 'RECETA -H- METAL MARRON MATE/DORADO', '21400', 1, '', '', 0.000000, 0),
	(1243, 1315, NULL, 'XE2127C3', 'RECETA -H- METAL AZUL MATE/PLATEADO', '21400', 1, '', '', 0.000000, 0),
	(1244, 1315, NULL, 'YJ-0102CADC1', 'RECETA -M- METAL NEGRO/VERDE TURQ/DORADO', '26200', 1, '', '', 0.000000, 0),
	(1245, 1315, NULL, 'YJ-0102CADC2', 'RECETA -M- METAL NUDE/NEGRO/DORADO ROSE', '26200', 1, '', '', 0.000000, 0),
	(1246, 1315, NULL, 'YJ-0155C1', 'RECETA -M- METAL GAT NEGRO/BLANCO/DORADO', '26200', 1, '', '', 0.000000, 0),
	(1247, 1315, NULL, 'YJ-0155C2', 'RECETA -M- METAL GAT BORDO/BLANCO/DORADO ROSE', '26200', 1, '', '', 0.000000, 0),
	(1248, 1315, NULL, 'YJ-0155C3', 'RECETA -M- METAL GAT MARRON OSC/MARRON/DORADO', '26200', 1, '', '', 0.000000, 0),
	(1249, 1315, NULL, 'YJ-0169C1', 'RECETA -M- METAL NEGRO/DORADO -PAT C/CUBICS/ESFERAS', '24400', 1, '', '', 0.000000, 0),
	(1250, 1315, NULL, 'YJ-0169C2', 'RECETA -M- METAL ROSA/DORADO ROSE -PAT C/CUBICS/ESFERAS', '24400', 1, '', '', 0.000000, 0),
	(1251, 1315, NULL, 'YJ-0169C3', 'RECETA -M- METAL AZUL/DORADO -PAT C/CUBICS/ESFERAS', '24400', 1, '', '', 0.000000, 0),
	(1252, 1315, NULL, 'YJ-0176C4', 'RECETA -M- METAL BORDO/DORADO ', '33500', 1, '', '', 0.000000, 0),
	(1253, 1315, NULL, 'YJ-0194C1', 'RECETA -M- METAL NEGRO/DORADO ', '31800', 1, '', '', 0.000000, 0),
	(1254, 1315, NULL, 'YJ-0194C4', 'RECETA -M- METAL AZUL/DORADO ', '31800', 1, '', '', 0.000000, 0),
	(1255, 1315, NULL, 'YJ-0230C3', 'RECETA -M- METAL RED ROJO/DORADO ROSE', '24400', 1, '', '', 0.000000, 0),
	(1256, 1312, NULL, 'FBD06-02C01', 'RECETA -U- ACETATO CLIP ON NEGRO MATE ', '23200', 1, '', '', 0.000000, 0),
	(1257, 1312, NULL, 'FBD06-02C01Y', 'RECETA -U- ACETATO CLIP ON NEGRO MATE -PAT DET GRIS', '23200', 1, '', '', 0.000000, 0),
	(1258, 1312, NULL, 'FBD06-02C03', 'RECETA -U- ACETATO CLIP ON MARRON MATE TRANSP', '23200', 1, '', '', 0.000000, 0),
	(1259, 1312, NULL, 'FBD06-02C04', 'RECETA -U- ACETATO CLIP ON AZUL MATE TRANSP', '23200', 1, '', '', 0.000000, 0),
	(1260, 1312, NULL, 'MFD01-01C01', 'RECETA -U- ACETATO CLIP ON NEGRO MATE', '23200', 1, '', '', 0.000000, 0),
	(1261, 1312, NULL, 'MFD01-01C01V', 'RECETA -U- ACETATO CLIP ON NEGRO MATE', '23200', 1, '', '', 0.000000, 0),
	(1262, 1312, NULL, 'MFD01-01C02', 'RECETA -U- ACETATO CLIP ON GRIS MATE TRANSP -PAT DET ROJO', '23200', 1, '', '', 0.000000, 0),
	(1263, 1312, NULL, 'MFD01-01C03', 'RECETA -U- ACETATO CLIP ON MARRON MATE', '23200', 1, '', '', 0.000000, 0),
	(1264, 1312, NULL, 'MFD01-01C04', 'RECETA -U- ACETATO CLIP ON AZUL MATE', '23200', 1, '', '', 0.000000, 0),
	(1265, 1312, NULL, 'MFD02-03C01', 'RECETA -U- ACETATO CLIP ON NEGRO MATE', '23200', 1, '', '', 0.000000, 0),
	(1266, 1312, NULL, 'MFD02-03C01F', 'RECETA -U- ACETATO CLIP ON NEGRO MATE -PAT DET GRIS', '23200', 1, '', '', 0.000000, 0),
	(1267, 1312, NULL, 'MFD02-03C02', 'RECETA -U- ACETATO CLIP ON GRIS MATE TRANSP', '23200', 1, '', '', 0.000000, 0),
	(1268, 1312, NULL, 'MFD02-03C03', 'RECETA -U- ACETATO CLIP ON MARRON MATE ', '23200', 1, '', '', 0.000000, 0),
	(1269, 1248, NULL, 'AN7161L-2574', 'RECETA -H- INYECTADO NEGRO MATE', '20400', 1, '', '', 0.000000, 0),
	(1270, 1276, NULL, 'J8-3204-H896', 'RECETA -M- INYECTADO MARRON MOTEADO TRANSP', '17600', 1, '', '', 0.000000, 0),
	(1271, 1248, NULL, 'AN7192L-2759', 'RECETA -H- INYECTADO AZUL MATE -PAT GRIS', '25800', 1, '', '', 0.000000, 0),
	(1272, 1248, NULL, 'AN7199L-2753', 'RECETA -H- INYECTADO NEGRO', '20400', 1, '', '', 0.000000, 0),
	(1273, 1248, NULL, 'AN7199L-2754', 'RECETA -H- INYECTADO AZUL MATE', '20400', 1, '', '', 0.000000, 0),
	(1274, 1248, NULL, 'AN7199L-2788', 'RECETA -H- INYECTADO NEGRO MATE', '20400', 1, '', '', 0.000000, 0),
	(1275, 1272, NULL, 'P9-3151-G540', 'RECETA -H- INYECTADO AZUL MATE', '18500', 1, '', '', 0.000000, 0),
	(1276, 1272, NULL, 'P9-3169-I372', 'RECETA -M- INYECTADO TRANSPARENTE -PAT METAL', '20100', 1, '', '', 0.000000, 0),
	(1277, 1272, NULL, 'P9-3175-I823', 'RECETA -M- INYECTADO GAT MARRON MOT TRANSP', '23200', 1, '', '', 0.000000, 0),
	(1278, 1272, NULL, 'P9-3175-I824', 'RECETA -M- INYECTADO GAT NUDE TRANSPARENTE', '23200', 1, '', '', 0.000000, 0),
	(1279, 1276, NULL, 'J8-3196-H249', 'RECETA -H- INYECTADO GRIS MATE TRANSP', '16500', 1, '', '', 0.000000, 0),
	(1280, 1276, NULL, 'J8-3198-H706', 'RECETA -H- INYECTADO NEGRO MATE', '17600', 1, '', '', 0.000000, 0),
	(1281, 1276, NULL, 'J8-3198-H707', 'RECETA -H- INYECTADO AZUL MATE TRANSP', '17600', 1, '', '', 0.000000, 0),
	(1282, 1276, NULL, 'J8-3203-H892', 'RECETA -M- INYECTADO MARRON OSC', '17600', 1, '', '', 0.000000, 0),
	(1283, 1180, NULL, 'VM7373C1', 'SOL -M- METAL CUADRADO *POL PLATEADO/NEGRO (G)', '58700', 1, '', '', 0.000000, 0),
	(1284, 1180, NULL, 'VM7373C3', 'SOL -M- METAL CUADRADO *POL DORADO/BEIGE (M)', '58700', 1, '', '', 0.000000, 0),
	(1285, 1237, NULL, 'M44C01', 'RECETA -M- CAREY NEGRO -PAT ROJA', '3250', 1, '', '', 0.000000, 0),
	(1286, 1237, NULL, 'M44C02', 'RECETA -M- CAREY AZUL', '3250', 1, '', '', 0.000000, 0),
	(1287, 1237, NULL, 'M44C03', 'RECETA -M- CAREY NEGRO -PAT MOTEADAS', '3250', 1, '', '', 0.000000, 0),
	(1288, 1237, NULL, 'M44C04', 'RECETA -M- CAREY MARRON OSC INT BEIGE', '3250', 1, '', '', 0.000000, 0),
	(1289, 1237, NULL, 'M44C05', 'RECETA -M- CAREY BORDO -PAT NEGRAS', '3250', 1, '', '', 0.000000, 0),
	(1290, 1237, NULL, 'M99C01BLACKGREEN', 'RECETA -U- CAREY NEGRO INT VERDE TRANSP', '3250', 1, '', '', 0.000000, 0),
	(1291, 1237, NULL, 'M99C03BLACKVIOLET', 'RECETA -U- CAREY NEGRO INT VIOLETA', '3250', 1, '', '', 0.000000, 0),
	(1292, 1237, NULL, 'M99C04BLACK', 'RECETA -U- CAREY NEGRO ', '3250', 1, '', '', 0.000000, 0),
	(1293, 1237, NULL, 'M101C01BROWN', 'RECETA -U- CAREY MARRON', '3250', 1, '', '', 0.000000, 0),
	(1294, 1237, NULL, 'M101C02BLACKWHITE', 'RECETA -U- CAREY NEGRO INT BLANCO', '3250', 1, '', '', 0.000000, 0),
	(1295, 1237, NULL, 'M101C03BLACKGRAY', 'RECETA -U- CAREY NEGRO INT GRIS', '3250', 1, '', '', 0.000000, 0),
	(1296, 1237, NULL, 'M101C04BLUE', 'RECETA -U- CAREY AZUL INT AZUL GRIS', '3250', 1, '', '', 0.000000, 0),
	(1297, 1237, NULL, 'M79C3LADYRED', 'RECETA -M- CAREY ROJO', '3250', 1, '', '', 0.000000, 0),
	(1298, 1237, NULL, 'M79C4LADYTORTOISE', 'RECETA -M- CAREY MARRON MOT-PAT BEIGE', '3250', 1, '', '', 0.000000, 0),
	(1299, 1237, NULL, 'M79C5LADYPURPLE', 'RECETA -M- CAREY MORADO', '3250', 1, '', '', 0.000000, 0),
	(1300, 1237, NULL, 'M79C6LADYPURPLE', 'RECETA -M- CAREY MORADO -PAT LILAS', '3250', 1, '', '', 0.000000, 0),
	(1301, 1272, NULL, 'P9-1197-I611', 'RECETA -M- METAL RANURADO NEGRO -PAT CALADA', '21600', 1, '', '', 0.000000, 0),
	(1302, 1272, NULL, 'P9-3154-G773', 'RECETA -M- INYECTADO MARRON TRANSP -PAT MOTEADAS', '20100', 1, '', '', 0.000000, 0),
	(1303, 1272, NULL, 'P9-3154-H468', 'RECETA -M- INYECTADO ROSA TRANSP -PAT MOTEADAS', '20100', 1, '', '', 0.000000, 0),
	(1304, 1272, NULL, 'P9-3158-H014', 'RECETA -M- INYECTADO MARRON MOT TRANSP -PAT METAL EN OCHO', '21600', 1, '', '', 0.000000, 0),
	(1305, 1272, NULL, 'P9-3161-H413', 'RECETA -M- INYECTADO NEGRO MOT/AZUL TRANSP -PAT METAL', '20100', 1, '', '', 0.000000, 0),
	(1306, 1272, NULL, 'P9-3175-I822', 'RECETA -M- INYECTADO NEGRO -PAT METAL', '23200', 1, '', '', 0.000000, 0),
	(1307, 1272, NULL, 'P9-3176-I826', 'RECETA -M- INYECTADO GRIS TRANSPARENTE -PAT METAL', '23200', 1, '', '', 0.000000, 0),
	(1308, 1272, NULL, 'P9-3176-I829', 'RECETA -M- INYECTADO NUDETRANSP/ VERT MOTEADO -PAT METAL', '23200', 1, '', '', 0.000000, 0),
	(1309, 1276, NULL, 'J8-3209-I379', 'RECETA -M- INYECTADO NUDE', '16500', 1, '', '', 0.000000, 0),
	(1310, 1276, NULL, 'J8-3223-J312', 'RECETA -M- INYECTADO GRIS TRANSP CON ONDAS', '17600', 1, '', '', 0.000000, 0),
	(1311, 1272, NULL, 'P9-1197-I613', 'RECETA -M- METAL DORADO CHAMPAGNE -PAT CALADAS', '21600', 1, '', '', 0.000000, 0),
	(1312, 1272, NULL, 'P9-3164-H646', 'RECETA -H- INYECTADO AZUL MATE', '20100', 1, '', '', 0.000000, 0),
	(1313, 1272, NULL, 'P9-3169-H954', 'RECETA -M- INYECTADO MARRON MOT -PAT METAL', '20100', 1, '', '', 0.000000, 0),
	(1314, 1272, NULL, 'P9-3169-H955', 'RECETA -M- INYECTADO BEIGE TRANSP -PAT METAL', '20100', 1, '', '', 0.000000, 0),
	(1315, 1272, NULL, 'P9-3170-H947', 'RECETA -M- INYECTADO ROJO OSC -PAT METAL', '23200', 1, '', '', 0.000000, 0),
	(1316, 1272, NULL, 'P9-3176-I827', 'RECETA -M- INYECTADO AZUL OSC -PAT METAL', '23200', 1, '', '', 0.000000, 0),
	(1317, 1276, NULL, 'J8-3175-F878', 'RECETA -M- INYECTADO MARRON MOT -PAT NEGRA', '17600', 1, '', '', 0.000000, 0),
	(1318, 1276, NULL, 'J8-3209-J094', 'RECETA -M- INYECTADO MARRON TRANSP C/ DET ARRIBA', '16500', 1, '', '', 0.000000, 0),
	(1319, 1276, NULL, 'J8-3212-I180', 'RECETA -H- INYECTADO NEGRO MATE', '16500', 1, '', '', 0.000000, 0),
	(1320, 1276, NULL, 'J8-3196-H248', 'RECETA -H- INYECTADO NEGRO MATE', '16500', 1, '', '', 0.000000, 0),
	(1321, 1276, NULL, 'J8-3197-H709', 'RECETA -H- INYECTADO NEGRO MATE', '17600', 1, '', '', 0.000000, 0),
	(1322, 1276, NULL, 'J8-3197-H710', 'RECETA -H- INYECTADO AZUL MATE -PAT GRIS', '17600', 1, '', '', 0.000000, 0),
	(1323, 1276, NULL, 'J8-3197-I367', 'RECETA -H- INYECTADO NEGRO', '17600', 1, '', '', 0.000000, 0),
	(1324, 1276, NULL, 'J8-3199-H695', 'RECETA -M- INYECTADO MARRON MOT TRANSP -PAT AZUL', '17600', 1, '', '', 0.000000, 0),
	(1325, 1276, NULL, 'J8-3201-H699', 'RECETA -M- INYECTADO MARRON MOT TRANSP -PAT BEIGE', '17600', 1, '', '', 0.000000, 0),
	(1326, 1276, NULL, 'J8-3209-I376', 'RECETA -M- INYECTADO GRIS TRANSPARENTE', '16500', 1, '', '', 0.000000, 0),
	(1327, 1276, NULL, 'J8-3209-I377', 'RECETA -M- INYECTADO BORDO TRANSPARENTE', '16500', 1, '', '', 0.000000, 0),
	(1328, 1276, NULL, 'J8-3209-I378', 'RECETA -M- INYECTADO BORDO OSC/BORDO TRANSP', '16500', 1, '', '', 0.000000, 0),
	(1329, 1276, NULL, 'J8-3212-I182', 'RECETA -H- INYECTADO AZUL MATE -PAT NEGRA', '16500', 1, '', '', 0.000000, 0),
	(1330, 637, NULL, 'OP577C2', 'OPTITECH RECETA -H- METAL GRIS -PAT ACETATO', '51300', 1, '', '', 0.000000, 0),
	(1331, 637, NULL, 'OP577C3', 'OPTITECH RECETA -H- METAL AZUL -PAT ACETATO', '51300', 1, '', '', 0.000000, 0),
	(1332, 1254, NULL, 'OP581C6', 'OPTITECH RECETA -U- TR90 BLANCO TRANSP MATE -PAT REGULABLE', '43400', 1, '', '', 0.000000, 0),
	(1333, 1254, NULL, 'OP582C4', 'OPTITECH RECETA -U- TR90 AZUL MATE -PAT REGULABLE', '43400', 1, '', '', 0.000000, 0),
	(1334, 1254, NULL, 'OP583C2', 'OPTITECH RECETA -U- TR90 NEGRO -PAT ROJA REGULABLE', '43400', 1, '', '', 0.000000, 0),
	(1335, 1254, NULL, 'OP583C4', 'OPTITECH RECETA -U- TR90 AZUL OSC MATE -PAT REGULABLE', '43400', 1, '', '', 0.000000, 0),
	(1336, 1254, NULL, 'OP584C1', 'OPTITECH RECETA -U- TR90 NEGRO MATE -PAT REGULABLE', '43400', 1, '', '', 0.000000, 0),
	(1337, 1237, NULL, 'M96C1BLACK-LIGHTBLUE', 'RECETA -N- CAREY NEGRO INT CELESTE', '3250', 1, '', '', 0.000000, 0),
	(1338, 1110, NULL, '1R1-NAKYMA-09C1', 'RECETA -H- METAL NEGRO', '38200', 1, '', '', 0.000000, 0),
	(1339, 1110, NULL, '1R1-NAKYMA-09C2', 'RECETA -H- METAL PELTRE', '38200', 1, '', '', 0.000000, 0),
	(1340, 1110, NULL, '1R1-NAKYMA-09C3', 'RECETA -H- METAL AZUL/PELTRE', '38200', 1, '', '', 0.000000, 0),
	(1341, 1110, NULL, '1R1-NAKYMA-11C1', 'RECETA -U- METAL NEGRO', '38200', 1, '', '', 0.000000, 0),
	(1342, 1110, NULL, '1R1-NAKYMA-11C2', 'RECETA -U- METAL PELTRE', '38200', 1, '', '', 0.000000, 0),
	(1343, 1110, NULL, '1R1-NAKYMA-11C3', 'RECETA -U- METAL AZUL/PELTRE', '38200', 1, '', '', 0.000000, 0),
	(1344, 1110, NULL, '8R1-NAKYMA-03C1', 'RECETA -H- METAL NEGRO/PELTRE', '38200', 1, '', '', 0.000000, 0),
	(1345, 1110, NULL, '8R1-NAKYMA-03C2', 'RECETA -H- METAL PELTRE/NEGRO', '38200', 1, '', '', 0.000000, 0),
	(1346, 1110, NULL, '8R1-NAKYMA-03C3', 'RECETA -H- METAL PELTRE', '38200', 1, '', '', 0.000000, 0),
	(1347, 1110, NULL, '8R1-NAKYMA-12C1', 'RECETA -H- METAL RANURADO NEGRO/PELTRE', '34400', 1, '', '', 0.000000, 0),
	(1348, 1110, NULL, '8R1-NAKYMA-12C2', 'RECETA -H- METAL RANURADO PELTRE/NEGRO', '34400', 1, '', '', 0.000000, 0),
	(1349, 1110, NULL, '8R1-NAKYMA-12C3', 'RECETA -H- METAL RANURADO AZUL/PELTRE', '34400', 1, '', '', 0.000000, 0),
	(1350, 1110, NULL, '2RN-NAKYMA-07C7', 'RECETA -U- ACETATO GRIS TRANSP', '26200', 1, '', '', 0.000000, 0),
	(1351, 1110, NULL, '2RN-NAKYMA-21C1', 'RECETA -H- METAL NEGRO MATE', '31800', 1, '', '', 0.000000, 0),
	(1352, 1110, NULL, '2RN-NAKYMA-21C3', 'RECETA -H- METAL GRIS PLOMO', '31800', 1, '', '', 0.000000, 0),
	(1353, 1110, NULL, '2RN-NAKYMA-28C1', 'RECETA -H- METAL NEGRO/DORADO -PAT ACETATO', '31800', 1, '', '', 0.000000, 0),
	(1354, 1110, NULL, '2RN-NAKYMA-28C2', 'RECETA -H- METAL BRONCE -PAT ACETATO', '31800', 1, '', '', 0.000000, 0),
	(1355, 1110, NULL, '2RN-NAKYMA-28C3', 'RECETA -H- METAL DORADO/GRIS -PAT ACETATO', '31800', 1, '', '', 0.000000, 0),
	(1356, 1110, NULL, '2RN-NAKYMA-28C4', 'RECETA -H- METAL PLATEADO/AZUL FR -PAT ACETATO', '31800', 1, '', '', 0.000000, 0),
	(1357, 1110, NULL, '2RN-NAKYMA-30C2', 'RECETA -H- METAL NEGRO MATE', '31800', 1, '', '', 0.000000, 0),
	(1358, 1110, NULL, '2RN-NAKYMA-30C3', 'RECETA -H- METAL GRIS MATE', '31800', 1, '', '', 0.000000, 0),
	(1359, 1110, NULL, '2RN-NAKYMA-30C5', 'RECETA -H- METAL MARRON MATE', '31800', 1, '', '', 0.000000, 0),
	(1360, 1110, NULL, '2RN-NAKYMA-31C1', 'RECETA -H- METAL NEGRO/PLATEADO', '31800', 1, '', '', 0.000000, 0),
	(1361, 1110, NULL, '2RN-NAKYMA-31C2', 'RECETA -H- METAL MARRON/PLATEADO', '31800', 1, '', '', 0.000000, 0),
	(1362, 1110, NULL, '2RN-NAKYMA-31C3', 'RECETA -H- METAL GRIS/PLATEADO', '31800', 1, '', '', 0.000000, 0),
	(1363, 1096, NULL, '1R1-ROOTS-01C1', 'RECETA -H- METAL PELTRE -PAT DET NARANJA', '42500', 1, '', '', 0.000000, 0),
	(1364, 1096, NULL, '1R1-ROOTS-01C3', 'RECETA -H- METAL GRIS  -PAT DET AZUL', '42500', 1, '', '', 0.000000, 0),
	(1365, 1096, NULL, '1R1-ROOTS-04C1', 'RECETA -H- METAL PLATEADO  -PAT DET AMARILLO', '42500', 1, '', '', 0.000000, 0),
	(1366, 1096, NULL, '1R1-ROOTS-04C3', 'RECETA -H- METAL GRIS  -PAT DET VERDE', '42500', 1, '', '', 0.000000, 0),
	(1367, 1096, NULL, '1R1-ROOTS-05C3', 'RECETA -U- METAL NEGRO MATE', '42500', 1, '', '', 0.000000, 0),
	(1368, 1096, NULL, '1R1-ROOTS-06C1', 'RECETA -U- METAL RANURADO GRIS', '42500', 1, '', '', 0.000000, 0),
	(1369, 1096, NULL, '1R1-ROOTS-10C3', 'RECETA -U- METAL RANURADO PLATEADO MATE -PAT DET AZUL', '59600', 1, '', '', 0.000000, 0),
	(1370, 1096, NULL, '1R1-ROOTS-11C1', 'RECETA -H- METAL GRIS/NEGRO', '59600', 1, '', '', 0.000000, 0),
	(1371, 1096, NULL, '1R1-ROOTS-11C2', 'RECETA -H- METAL NEGRO MATE', '59600', 1, '', '', 0.000000, 0),
	(1372, 1237, NULL, 'M103C1BLUEPURPLE', 'RECETA -M- CAREY RED AZUL OSC/VIOLETA', '3250', 1, '', '', 0.000000, 0),
	(1373, 1237, NULL, 'M103C4BLACKBLUE', 'RECETA -M- CAREY RED NEGRO/AZUL', '3250', 1, '', '', 0.000000, 0),
	(1374, 1237, NULL, 'M103C5BLACKBLUE', 'RECETA -M- CAREY RED NEGRO/AZUL -PAT CELESTE', '3250', 1, '', '', 0.000000, 0),
	(1375, 1321, NULL, '024C1', 'RECETA -M- RED MARRON MADERA', '25300', 1, '', '', 0.000000, 0),
	(1376, 1321, NULL, '087C1', 'RECETA -U-  MARRON OSC MADERA', '27500', 1, '', '', 0.000000, 0),
	(1377, 1321, NULL, '087C2', 'RECETA -U-  MARRON CLARO MADERA', '27500', 1, '', '', 0.000000, 0),
	(1378, 1321, NULL, '95291C3', 'RECETA -M-  ACETATO/METAL GRIS LABRADO/DORADO', '25300', 1, '', '', 0.000000, 0),
	(1379, 1321, NULL, '95291C5', 'RECETA -M-  ACETATO/METAL ROSA LABRADO/DORADO', '25300', 1, '', '', 0.000000, 0),
	(1380, 1321, NULL, '95959C1', 'RECETA -M-  ACETATO/METAL AZUL MATE/PLATEADO', '34200', 1, '', '', 0.000000, 0),
	(1381, 1321, NULL, '95959C4', 'RECETA -M-  ACETATO/METAL NEGRO/DORADO', '34200', 1, '', '', 0.000000, 0),
	(1382, 1321, NULL, '95966C1', 'RECETA -M-  ACETATO/METAL BORDO/ROSA/DORADO ROSE', '32500', 1, '', '', 0.000000, 0),
	(1383, 1321, NULL, 'ML007C1', 'RECETA -U- METAL NEGRO MATE/DORADO', '26900', 1, '', '', 0.000000, 0),
	(1384, 1321, NULL, 'ML007C3', 'RECETA -U- METAL AZUL MATE/PLATEADO', '26900', 1, '', '', 0.000000, 0),
	(1385, 1321, NULL, 'ML007C4', 'RECETA -U- METAL GRIS MATE/PLATEADO', '26900', 1, '', '', 0.000000, 0),
	(1386, 1321, NULL, 'ML008C1', 'RECETA -U- METAL MARRON/DORADO -PAT MOTEADAS', '30200', 1, '', '', 0.000000, 0),
	(1387, 1321, NULL, 'ML008C3', 'RECETA -U- METAL NEGRO MATE/PLATEADO -PAT MOTEADAS', '30200', 1, '', '', 0.000000, 0),
	(1388, 1321, NULL, 'ML008C4', 'RECETA -U- METAL AZUL MATE/PLATEADO -PAT MOTEADAS', '30200', 1, '', '', 0.000000, 0),
	(1389, 1321, NULL, 'ML010C1', 'RECETA -U- METAL RANURADO NEGRO MATE/DORADO', '21800', 1, '', '', 0.000000, 0),
	(1390, 1321, NULL, 'ML010C2', 'RECETA -U- METAL RANURADO DORADO ROSE MATE', '21800', 1, '', '', 0.000000, 0),
	(1391, 1321, NULL, 'ML010C3', 'RECETA -U- METAL RANURADO AZUL MATE/PLATEADO', '21800', 1, '', '', 0.000000, 0),
	(1392, 1321, NULL, 'ML011C1', 'RECETA -U- METAL NEGRO MATE/DORADO', '26900', 1, '', '', 0.000000, 0),
	(1393, 1321, NULL, 'ML011C2', 'RECETA -U- METAL DORADO ROSE MATE', '26900', 1, '', '', 0.000000, 0),
	(1394, 1321, NULL, 'ML011C4', 'RECETA -U- METAL GRIS MATE/PLATEADO', '26900', 1, '', '', 0.000000, 0),
	(1395, 1321, NULL, 'ML012C1', 'RECETA -U- METAL RANURADO MARRON/DORADO', '26900', 1, '', '', 0.000000, 0),
	(1396, 1321, NULL, 'ML012C2', 'RECETA -U- METAL RANURADO GRIS/DORADO', '26900', 1, '', '', 0.000000, 0),
	(1397, 1321, NULL, 'ML012C3', 'RECETA -U- METAL RANURADO NEGRO MATE/PLATEADO', '26900', 1, '', '', 0.000000, 0),
	(1398, 1321, NULL, 'ML012C4', 'RECETA -U- METAL RANURADO AZUL MATE/PLATEADO', '26900', 1, '', '', 0.000000, 0),
	(1399, 1321, NULL, 'ML019C1', 'RECETA -M- METAL NUDE/DORADO -PAT C/CUBIC', '32500', 1, '', '', 0.000000, 0),
	(1400, 1321, NULL, 'ML019C2', 'RECETA -M- METAL DURAZNO/DORADO ROSE -PAT C/CUBIC', '32500', 1, '', '', 0.000000, 0),
	(1401, 1321, NULL, 'ML019C3', 'RECETA -M- METAL NEGRO/PLATEADO -PAT C/CUBIC', '32500', 1, '', '', 0.000000, 0),
	(1402, 1321, NULL, 'ML019C4', 'RECETA -M- METAL LILA/PLATEADO -PAT C/CUBIC', '32500', 1, '', '', 0.000000, 0),
	(1403, 1321, NULL, 'ML020C1', 'RECETA -M- METAL RED NEGRO/DORADO -PAT C/APLIQUE', '30800', 1, '', '', 0.000000, 0),
	(1404, 1321, NULL, 'ML020C2', 'RECETA -M- METAL RED ROSA/DORADO -PAT C/APLIQUE', '30800', 1, '', '', 0.000000, 0),
	(1405, 1321, NULL, 'ML020C3', 'RECETA -M- METAL RED BORDO/DORADO ROSE -PAT C/APLIQUE', '30800', 1, '', '', 0.000000, 0),
	(1406, 1321, NULL, 'ML020C4', 'RECETA -M- METAL RED LILA/DORADO ROSE -PAT C/APLIQUE', '30800', 1, '', '', 0.000000, 0),
	(1407, 1321, NULL, 'ML021C1', 'RECETA -M- METAL NEGRO/DORADO -PAT ZIG ZAG C/CUBIC', '22700', 1, '', '', 0.000000, 0),
	(1408, 1321, NULL, 'ML021C2', 'RECETA -M- METAL BLANCO/DORADO -PAT ZIG ZAG C/CUBIC', '22700', 1, '', '', 0.000000, 0),
	(1409, 1321, NULL, 'ML021C3', 'RECETA -M- METAL AZUL/DORADO ROSE -PAT ZIG ZAG C/CUBIC', '22700', 1, '', '', 0.000000, 0),
	(1410, 1321, NULL, 'ML021C4', 'RECETA -M- METAL BORDO/PLATEADO -PAT ZIG ZAG C/CUBIC', '22700', 1, '', '', 0.000000, 0),
	(1411, 1323, NULL, 'OSSI6862C004', 'SOL -M- ACETATO ENVOL FUCSIA/GRIS TRANSP MOT (M DEG)', '50900', 1, '', '', 0.000000, 0),
	(1412, 1208, NULL, 'ORE977C3', 'RECETA -M- ACETATO ROJO TRANSP -PAT METAL', '63300', 1, '', '', 0.000000, 0),
	(1413, 1172, NULL, 'REEF132C013', 'SOL -U- ACETATO ENVOL *POL NEGRO MATE (G)', '55400', 1, '', '', 0.000000, 0),
	(1414, 1172, NULL, 'REEF186C019', 'SOL -M- ACETATO ENVOL *POL BORDO TRANSP (G)', '57400', 1, '', '', 0.000000, 0),
	(1415, 1172, NULL, 'REEF239C005', 'SOL -U- ACETATO ENVOL *POL NEGRO MATE -PAT DET ROJO (G)', '54400', 1, '', '', 0.000000, 0),
	(1416, 1172, NULL, 'REEF239C008', 'SOL -U- ACETATO ENVOL *POL AZUL OSC MATE INT BLANCO MOT (G)', '54400', 1, '', '', 0.000000, 0),
	(1417, 1172, NULL, 'REEF276C005', 'SOL -U- METAL *POL GRIS MATE -PAT DET TURQ (V)', '61400', 1, '', '', 0.000000, 0),
	(1418, 1185, NULL, 'REEF5144C5', 'RECETA -U- ACETATO RANURADO NEGRO INT TURQQUESA', '44900', 1, '', '', 0.000000, 0),
	(1419, 1133, NULL, 'REEF5228C1', 'RECETA -M- METAL RED NATURAL/DORADO', '46900', 1, '', '', 0.000000, 0),
	(1420, 1133, NULL, 'REEF5228C2', 'RECETA -M- METAL RED BLANCO/PLATEADO', '46900', 1, '', '', 0.000000, 0),
	(1421, 1133, NULL, 'REEF5228C5', 'RECETA -M- METAL RED CORAL/ROSA VIEJO', '46900', 1, '', '', 0.000000, 0),
	(1422, 1185, NULL, 'REEF5245C4', 'RECETA -U- ACETATO ENVOL GRIS MATE TRANSP -PAT EXTRA C/IMAN', '55800', 1, '', '', 0.000000, 0),
	(1423, 1172, NULL, 'REEF188C004', 'SOL -U- ACETATO ENVOL ESPEJ NEGRO -PAT GRIS (AM)', '49100', 1, '', '', 0.000000, 0),
	(1424, 1172, NULL, 'REEF256C004', 'SOL -U- ACETATO ENVOL *POL AZUL MATE -PAT METAL (G)', '49100', 1, '', '', 0.000000, 0),
	(1425, 1172, NULL, 'REEF238C001', 'SOL -U- METAL RED PLATEADO/BLANCO (G)', '45000', 1, '', '', 0.000000, 0),
	(1426, 1308, NULL, 'MO-UNZENC2', 'SOL -U- METAL *POL PELTRE -PAT DET ROJO (G DEG)', '40600', 1, '', '', 0.000000, 0),
	(1427, 1326, NULL, 'MO-DAITORXC1', 'RECETA -U- INYECTADO NEGRO MATE', '31500', 1, '', '', 0.000000, 0),
	(1428, 1326, NULL, 'MO-LANINC7', 'RECETA -U- INYECTADO NEGRO MATE/MARRON', '31500', 1, '', '', 0.000000, 0),
	(1429, 1237, NULL, 'M104VARIOS', 'RECETA -N- CAREY COLORES VARIOS', '3250', 1, '', '', 0.000000, 0),
	(1430, 1298, NULL, 'GLOX2399C1', 'RECETA -U- INYECCION NEGRO MATE -PAT VERDE', '28800', 1, '', '', 0.000000, 0),
	(1431, 1298, NULL, 'GLOX2399C2', 'RECETA -U- INYECCION NEGRO MATE -PAT BORDO', '28800', 1, '', '', 0.000000, 0),
	(1432, 1298, NULL, 'GLOX2553C3', 'RECETA -U- INYECCION AZUL MATE -PAT DET NARANJA', '32500', 1, '', '', 0.000000, 0),
	(1433, 1298, NULL, 'GLOX2553C5', 'RECETA -U- INYECCION NEGRO MATE -PAT DET GRIS', '32500', 1, '', '', 0.000000, 0),
	(1434, 1299, NULL, 'VIV670C4', 'SOL -M- METAL ESPEJ *POL PELTRE/VERTICE MOT (G)', '35900', 1, '', '', 0.000000, 0),
	(1435, 1299, NULL, 'VIV689C1', 'SOL -M- METAL *POL NEGRO/VERTICE ROSA (G DEG)', '35900', 1, '', '', 0.000000, 0),
	(1436, 1299, NULL, 'VIV2506C1', 'SOL -M- ACETATO RECTANG *POL NEGRO (G)', '35900', 1, '', '', 0.000000, 0),
	(1437, 1002, NULL, 'SUM-GENESIS', 'RECETA', '14900', 1, '', '', 0.000000, 0),
	(1438, 589, NULL, 'SUM-MORMAII', 'RECETA', '10900', 1, '', '', 0.000000, 0),
	(1439, 856, NULL, 'SUM-NIK03', 'RECETA', '7900', 1, '', '', 0.000000, 0),
	(1440, 1156, NULL, 'SUM-SIMPLEM', 'RECETA', '7500', 1, '', '', 0.000000, 0),
	(1441, 853, NULL, 'SUM-STEFFANI', 'RECETA', '9500', 1, '', '', 0.000000, 0),
	(1442, 767, NULL, 'SUM-TUSK', 'RECETA', '7500', 1, '', '', 0.000000, 0),
	(1443, 660, NULL, 'SUM-VERTE', 'RECETA', '9500', 1, '', '', 0.000000, 0),
	(1444, 1237, NULL, 'M105C1', 'RECETA -U- CAREY GRIS OSC -PAT MOTEADAS', '3250', 1, '', '', 0.000000, 0),
	(1445, 1237, NULL, 'M105C2', 'RECETA -U- CAREY VIOLETA MOTEADO', '3250', 1, '', '', 0.000000, 0),
	(1446, 1237, NULL, 'M105C3', 'RECETA -U- CAREY MARRON OSC -PAT MOTEADA', '3250', 1, '', '', 0.000000, 0),
	(1447, 1237, NULL, 'M105C4', 'RECETA -U- CAREY ROJO MOTEADO', '3250', 1, '', '', 0.000000, 0),
	(1448, 1237, NULL, 'M105C5', 'RECETA -U- CAREY NEGRO INT/PAT BEIGE', '3250', 1, '', '', 0.000000, 0),
	(1449, 1237, NULL, 'M106C1', 'RECETA -M- CAREY GRIS TRANSPARENTE', '3250', 1, '', '', 0.000000, 0),
	(1450, 1237, NULL, 'M106C2', 'RECETA -M- CAREY VERDE TRANSPARENTE', '3250', 1, '', '', 0.000000, 0),
	(1451, 1237, NULL, 'M106C3', 'RECETA -M- CAREY GRIS CLARO INT NEGRO', '3250', 1, '', '', 0.000000, 0),
	(1452, 1237, NULL, 'M106C4', 'RECETA -M- CAREY AZUL', '3250', 1, '', '', 0.000000, 0),
	(1453, 1330, NULL, '8298C1', 'RECETA -U- METAL DOBLE PUENTE NEGRO MATE', '28200', 1, '', '', 0.000000, 0),
	(1454, 1330, NULL, '8298C2', 'RECETA -U- METAL DOBLE PUENTE PELTRE', '28200', 1, '', '', 0.000000, 0),
	(1455, 1330, NULL, '8298C3', 'RECETA -U- METAL DOBLE PUENTE AZUL METAL/PLATEADO', '28200', 1, '', '', 0.000000, 0),
	(1456, 1330, NULL, '8305C1', 'RECETA -M- METAL VIOLETA MOT/PLATEADO', '27300', 1, '', '', 0.000000, 0),
	(1457, 1330, NULL, '8305C3', 'RECETA -M- METAL NEGRO MOT/PLATEADO', '27300', 1, '', '', 0.000000, 0),
	(1458, 1330, NULL, '8305C4', 'RECETA -M- METAL BORDO MOT/DORADO ROSE', '27300', 1, '', '', 0.000000, 0),
	(1459, 1330, NULL, '8307C4', 'RECETA -M- METAL BORDO MOT/DORADO ROSE', '30200', 1, '', '', 0.000000, 0),
	(1460, 1330, NULL, 'MH0057BC2', 'RECETA -U- ACETATO RED MARRON MOT -PAT METAL PLAT', '27600', 1, '', '', 0.000000, 0),
	(1461, 1330, NULL, 'MH0057BC3', 'RECETA -U- ACETATO RED NEGRO/TRANSP -PAT METAL PLAT', '27600', 1, '', '', 0.000000, 0),
	(1462, 1330, NULL, 'MH0057BC4', 'RECETA -U- ACETATO RED MARRON MOT -PAT METAL DORADO', '27600', 1, '', '', 0.000000, 0),
	(1463, 1330, NULL, 'RTA5003C1', 'RECETA -U- ACETATO NEGRO -PAT DET METAL', '27900', 1, '', '', 0.000000, 0),
	(1464, 1330, NULL, 'RTA5003C3', 'RECETA -U- ACETATO GRIS TRANSP -PAT DET METAL', '27900', 1, '', '', 0.000000, 0),
	(1465, 1330, NULL, 'RTA5003C4', 'RECETA -U- ACETATO AZUL -PAT DET METAL', '27900', 1, '', '', 0.000000, 0),
	(1466, 1330, NULL, 'RTA5004C4', 'RECETA -U- ACETATO VERDE OLIVA TRANSP -PAT MOT DET METAL', '26700', 1, '', '', 0.000000, 0),
	(1467, 1330, NULL, 'RTA5005C1', 'RECETA -U- ACETATO NEGRO -PAT DET METAL', '29700', 1, '', '', 0.000000, 0),
	(1468, 1330, NULL, 'RTA5005C3', 'RECETA -U- ACETATO GRIS TRANSP -PAT DET METAL', '29700', 1, '', '', 0.000000, 0),
	(1469, 1330, NULL, 'RTA5005C4', 'RECETA -U- ACETATO MARRON TRANSP -PAT DET METAL', '29700', 1, '', '', 0.000000, 0),
	(1470, 1330, NULL, 'RTM1007C1', 'RECETA -U- METAL DOBLE PTE DORADO -PAT ACETATO', '28200', 1, '', '', 0.000000, 0),
	(1471, 1330, NULL, 'RTM1007C3', 'RECETA -U- METAL DOBLE PTE PELTRE -PAT ACETATO', '28200', 1, '', '', 0.000000, 0),
	(1472, 1330, NULL, 'RTM1007C4', 'RECETA -U- METAL DOBLE PTE NEGRO -PAT ACETATO', '28200', 1, '', '', 0.000000, 0),
	(1473, 1330, NULL, 'WYA5004C2', 'RECETA -U- ACETATO MARRON MOT - PAT DET METAL', '26700', 1, '', '', 0.000000, 0),
	(1474, 1331, NULL, '3029C1', 'SOL -U- ACETATO RED NEGRO -PAT METAL (G)', '24200', 1, '', '', 0.000000, 0),
	(1475, 1331, NULL, '3029C5', 'SOL -U- ACETATO RED GRIS TRANSP -PAT METAL (G)', '24200', 1, '', '', 0.000000, 0),
	(1476, 1331, NULL, '3029C6', 'SOL -U- ACETATO RED MARRON MOT -PAT METAL (M DEG)', '24200', 1, '', '', 0.000000, 0),
	(1477, 1331, NULL, '8322AC1', 'SOL -U- ACETATO *POL NEGRO MATE -PAT DET GRIS (G)', '28000', 1, '', '', 0.000000, 0),
	(1478, 1331, NULL, '8322AC2', 'SOL -U- ACETATO *POL NEGRO MATE -PAT DET AZUL (G)', '28000', 1, '', '', 0.000000, 0),
	(1479, 1331, NULL, '8322AC3', 'SOL -U- ACETATO *POL NEGRO MATE -PAT DET ROJO (G DEG)', '28000', 1, '', '', 0.000000, 0),
	(1480, 1331, NULL, '8324C1', 'SOL -U- ACETATO *POL NEGRO MATE -PAT DET GRIS (G)', '28000', 1, '', '', 0.000000, 0),
	(1481, 1331, NULL, '8324C2', 'SOL -U- ACETATO *POL NEGRO MATE -PAT DET AZUL (G DEG)', '28000', 1, '', '', 0.000000, 0),
	(1482, 1331, NULL, '8324C3', 'SOL -U- ACETATO *POL NEGRO MATE -PAT DET ROJO (G)', '28000', 1, '', '', 0.000000, 0),
	(1483, 1331, NULL, '8346C1', 'SOL -U- ACETATO *POL NEGRO MATE -PAT METAL (G)', '28000', 1, '', '', 0.000000, 0),
	(1484, 1331, NULL, '8346C3', 'SOL -U- ACETATO *POL NEGRO MATE -PAT METAL DET ROJO (G)', '28000', 1, '', '', 0.000000, 0),
	(1485, 1331, NULL, '8346C4', 'SOL -U- ACETATO *POL MARRON MATE -PAT METAL DORADO (M DEG)', '28000', 1, '', '', 0.000000, 0),
	(1486, 1331, NULL, '8359C1', 'SOL -U- ACETATO RED *POL NEGRO -PAT METAL (G)', '26000', 1, '', '', 0.000000, 0),
	(1487, 1331, NULL, '8359C2', 'SOL -U- ACETATO RED *POL NEGRO MATE -PAT METAL DORADO (V)', '26000', 1, '', '', 0.000000, 0),
	(1488, 1331, NULL, '8359C4', 'SOL -U- ACETATO RED *POL GRIS MATE TRANSP -PAT METAL (G)', '26000', 1, '', '', 0.000000, 0),
	(1489, 1331, NULL, '8392C1', 'SOL -U- ACETATO *POL NEGRO MATE -PAT DET GRIS (G)', '28000', 1, '', '', 0.000000, 0),
	(1490, 1331, NULL, '8392C2', 'SOL -U- ACETATO *POL NEGRO MATE -PAT DET AZUL (G)', '28000', 1, '', '', 0.000000, 0),
	(1491, 1331, NULL, '8392C3', 'SOL -U- ACETATO *POL NEGRO MATE -PAT DET ROJO (G)', '28000', 1, '', '', 0.000000, 0),
	(1492, 1331, NULL, '9601C1', 'SOL -U- ACETATO TEXTURADO *POL NEGRO MATE -PAT DET METAL (G)', '21300', 1, '', '', 0.000000, 0),
	(1493, 1331, NULL, '9601C2', 'SOL -U- ACETATO TEXTURADO *POL NEGRO MATE -PAT DET METAL PELTRE (G)', '21300', 1, '', '', 0.000000, 0),
	(1494, 1331, NULL, '9601C3', 'SOL -U- ACETATO TEXTURADO *POL NEGRO MATE -PAT DET METAL PELTRE (G DEG)', '21300', 1, '', '', 0.000000, 0),
	(1495, 1331, NULL, '9602C1', 'SOL -U- ACETATO TEXTURADO *POL NEGRO MATE -PAT DET METAL (G)', '21300', 1, '', '', 0.000000, 0),
	(1496, 1331, NULL, '9602C2', 'SOL -U- ACETATO TEXTURADO *POL NEGRO MATE -PAT DET METAL PELTRE (G)', '21300', 1, '', '', 0.000000, 0),
	(1497, 1331, NULL, '9602C3', 'SOL -U- ACETATO TEXTURADO *POL NEGRO MATE -PAT DET METAL PELTRE (G DEG)', '21300', 1, '', '', 0.000000, 0),
	(1498, 1331, NULL, '9603C1', 'SOL -U- ACETATO TEXTURADO *POL NEGRO MATE -PAT DET METAL (G)', '21300', 1, '', '', 0.000000, 0),
	(1499, 1331, NULL, '9603C2', 'SOL -U- ACETATO TEXTURADO *POL NEGRO MATE -PAT DET METAL PELTRE (G)', '21300', 1, '', '', 0.000000, 0),
	(1500, 1331, NULL, '9603C3', 'SOL -U- ACETATO TEXTURADO *POL NEGRO MATE -PAT DET METAL PELTRE (G DEG)', '21300', 1, '', '', 0.000000, 0),
	(1501, 1331, NULL, '9605C1', 'SOL -U- ACETATO TEXTURADO *POL NEGRO MATE -PAT DET METAL (G)', '21300', 1, '', '', 0.000000, 0),
	(1502, 1331, NULL, '9605C2', 'SOL -U- ACETATO TEXTURADO *POL NEGRO MATE -PAT DET METAL PELTRE (G)', '21300', 1, '', '', 0.000000, 0),
	(1503, 1331, NULL, '9605C3', 'SOL -U- ACETATO TEXTURADO *POL NEGRO MATE -PAT DET METAL PELTRE (G DEG)', '21300', 1, '', '', 0.000000, 0),
	(1504, 1331, NULL, '9606C1', 'SOL -U- ACETATO TEXTURADO *POL NEGRO MATE -PAT DET METAL (G)', '21300', 1, '', '', 0.000000, 0),
	(1505, 1331, NULL, '9606C2', 'SOL -U- ACETATO TEXTURADO *POL NEGRO MATE -PAT DET METAL PELTRE (G)', '21300', 1, '', '', 0.000000, 0),
	(1506, 1331, NULL, '9606C3', 'SOL -U- ACETATO TEXTURADO *POL NEGRO MATE -PAT DET METAL PELTRE (G DEG)', '21300', 1, '', '', 0.000000, 0),
	(1507, 1331, NULL, '9607C1', 'SOL -U- ACETATO TEXTURADO *POL NEGRO MATE -PAT DET METAL (G)', '21300', 1, '', '', 0.000000, 0),
	(1508, 1331, NULL, '9607C2', 'SOL -U- ACETATO TEXTURADO *POL NEGRO MATE -PAT DET METAL PELTRE (G)', '21300', 1, '', '', 0.000000, 0),
	(1509, 1331, NULL, '9607C3', 'SOL -U- ACETATO TEXTURADO *POL NEGRO MATE -PAT DET METAL PELTRE (G DEG)', '21300', 1, '', '', 0.000000, 0),
	(1510, 1331, NULL, '9608C1', 'SOL -U- ACETATO TEXTURADO *POL NEGRO MATE -PAT DET METAL (G)', '21300', 1, '', '', 0.000000, 0),
	(1511, 1331, NULL, '9608C2', 'SOL -U- ACETATO TEXTURADO *POL NEGRO MATE -PAT DET METAL PELTRE (G)', '21300', 1, '', '', 0.000000, 0),
	(1512, 1331, NULL, '9608C3', 'SOL -U- ACETATO TEXTURADO *POL NEGRO MATE -PAT DET METAL PELTRE (G DEG)', '21300', 1, '', '', 0.000000, 0),
	(1513, 1331, NULL, '9609C1', 'SOL -U- ACETATO TEXTURADO DOBLE PTE *POL NEGRO MATE -PAT DET METAL (G)', '21300', 1, '', '', 0.000000, 0),
	(1514, 1331, NULL, '9609C2', 'SOL -U- ACETATO TEXTURADO DOBLE PTE *POL NEGRO MATE -PAT DET METAL PELTRE (G)', '21300', 1, '', '', 0.000000, 0),
	(1515, 1331, NULL, '9609C3', 'SOL -U- ACETATO TEXTURADO DOBLE PTE *POL NEGRO MATE -PAT DET METAL PELTRE (G DEG)', '21300', 1, '', '', 0.000000, 0),
	(1516, 1331, NULL, '9610C1', 'SOL -U- ACETATO TEXTURADO *POL NEGRO MATE -PAT DET METAL (G)', '21300', 1, '', '', 0.000000, 0),
	(1517, 1331, NULL, '9610C2', 'SOL -U- ACETATO TEXTURADO *POL NEGRO MATE -PAT DET METAL PELTRE (G)', '21300', 1, '', '', 0.000000, 0),
	(1518, 1331, NULL, '9610C3', 'SOL -U- ACETATO TEXTURADO *POL NEGRO MATE -PAT DET METAL PELTRE (G DEG)', '21300', 1, '', '', 0.000000, 0),
	(1519, 1331, NULL, 'MB1016C4', 'SOL -M- ACETATO RECTO GAT *POL MARRON MOTEADO (G)', '26700', 1, '', '', 0.000000, 0),
	(1520, 1331, NULL, 'MB1195C3', 'SOL -M- ACETATO *POL GRIS/NEGRO -PAT MOT (G)', '26500', 1, '', '', 0.000000, 0),
	(1521, 1331, NULL, 'MB1195C4', 'SOL -M- ACETATO *POL RAYAS NEGRAS/TRANSP/NEGRO (G)', '26500', 1, '', '', 0.000000, 0),
	(1522, 1331, NULL, 'MB1195C5', 'SOL -M- ACETATO *POL FUCSIA/NEGRO -PAT MOT (G)', '25000', 1, '', '', 0.000000, 0),
	(1523, 1331, NULL, 'KA01-01C1', 'SOL -U- ACETATO ENVOL *POL NEGRO MATE (G)', '19600', 1, '', '', 0.000000, 0),
	(1524, 1331, NULL, 'KA01-01C2', 'SOL -U- ACETATO ENVOL *POL NEGRO -PAT DET CELESTE (G)', '19600', 1, '', '', 0.000000, 0),
	(1525, 1331, NULL, 'KA01-01C5', 'SOL -U- ACETATO ENVOL *POL AZUL OSC MATE -PAT DET VERDE (G)', '19600', 1, '', '', 0.000000, 0),
	(1526, 1331, NULL, 'KA01-01C7', 'SOL -U- ACETATO ENVOL ESPEJ *POL AZUL MATE -PAT DET CELESTE (AZ)', '17900', 1, '', '', 0.000000, 0),
	(1527, 1331, NULL, 'KA01-02C5', 'SOL -U- ACETATO ENVOL *POL NEGRO MATE -PAT DET ROJO (G)', '20700', 1, '', '', 0.000000, 0),
	(1528, 1331, NULL, 'KA03-05C7', 'SOL -U- ACETATO ENVOL *POL MARRON MOT MATE (M)', '20700', 1, '', '', 0.000000, 0),
	(1529, 1331, NULL, 'KA03-06C6', 'SOL -U- ACETATO ENVOL *POL AZUL TRANSP (G)', '21000', 1, '', '', 0.000000, 0),
	(1530, 1331, NULL, 'KA04-08C2', 'SOL -U- ACETATO ENVOL ESPEJ *POL NEGRO MATE (NA)', '19700', 1, '', '', 0.000000, 0),
	(1531, 1331, NULL, 'KA04-08C5', 'SOL -U- ACETATO ENVOL ESPEJ *POL NEGRO MATE (AZ)', '19700', 1, '', '', 0.000000, 0),
	(1532, 1331, NULL, 'KA04-08C8', 'SOL -U- ACETATO ENVOL *POL GRIS MOTEADO (G)', '21500', 1, '', '', 0.000000, 0),
	(1533, 1331, NULL, 'KA05-09C2', 'SOL -U- ACETATO ENVOL ESPEJ *POL NEGRO (AZ)', '17900', 1, '', '', 0.000000, 0),
	(1534, 1331, NULL, 'KA05-10C1', 'SOL -U- ACETATO ENVOL *POL NEGRO (G)', '19700', 1, '', '', 0.000000, 0),
	(1535, 1331, NULL, 'KA05-10C13', 'SOL -U- ACETATO ENVOL ESPEJ *POL AZUL MATE/ MOTAS NARANJA (AZ)', '18000', 1, '', '', 0.000000, 0),
	(1536, 1331, NULL, 'KA06-11C4', 'SOL -U- ACETATO ENVOL *POL MARRON MATE MOT (G)', '19700', 1, '', '', 0.000000, 0),
	(1537, 1331, NULL, 'KA06-11C5', 'SOL -U- ACETATO ENVOL *POL MARRON MATE MOT (M)', '18000', 1, '', '', 0.000000, 0),
	(1538, 1237, NULL, 'M104C1BLUE', 'RECETA -N- ACETATO AZUL', '3250', 1, '', '', 0.000000, 0),
	(1539, 1237, NULL, 'M104C2CYAN', 'RECETA -N- ACETATO CELESTE -PAT MARRON', '3250', 1, '', '', 0.000000, 0),
	(1540, 1237, NULL, 'M104C3WHITECRYSTAL', 'RECETA -N- ACETATO BLANCO/TRANSP', '3250', 1, '', '', 0.000000, 0),
	(1541, 1237, NULL, 'M104C4BLACKBLUE', 'RECETA -N- ACETATO NEGRO INT CELESTE', '3250', 1, '', '', 0.000000, 0),
	(1542, 1237, NULL, 'M104C5BLUEBLUE', 'RECETA -N- ACETATO AZUL OSC INT CELESTE', '3250', 1, '', '', 0.000000, 0),
	(1543, 1237, NULL, 'M108VARIOS', 'RECETA -H- CAREY COLORES VARIOS', '3250', 1, '', '', 0.000000, 0),
	(2177, 1333, NULL, 'GLOX637C1CLIP', 'METAL  NEGRO MATE/PLATEADO- PATILLAS ACETATO- CLIPON ACETATO NEGRO (G)', '11860', 1, 'masculino', 'adulto', 0.000000, 0),
	(2178, 1333, NULL, 'GLOX637C2CLIP', 'METAL AZUL METALIZADO/PELTRE- PATILLAS ACETATO- CLIPON ACETATO AZUL OSC (G)', '11860', 1, 'masculino', 'adulto', 0.000000, 0),
	(2179, 1333, NULL, 'GLOX638C1CLIP', 'METAL REDONDO NEGRO MATE- CLIPON (G)', '11860', 1, 'unisex', 'adulto', 0.000000, 0),
	(2180, 1333, NULL, 'GLOX638C3CLIP', 'METAL REDONDO PELTRE-  PAT DETALLE CELESTE- CLIPON (G)', '11860', 1, 'unisex', 'adulto', 0.000000, 0),
	(2181, 1333, NULL, 'GLOX2348C2CLIP', 'ACETATO NEGRO -CLIPON ACETATO NEGRO (G)', '11860', 1, 'unisex', 'adulto', 0.000000, 0),
	(2182, 1333, NULL, 'GLOX2389C1CLIP', 'ACETATO REDONDEADO NEGRO MATE- CLIPON ACETATO NEGRO MATE (G)', '11860', 1, 'unisex', 'adulto', 0.000000, 0),
	(2183, 1333, NULL, 'GLOX2451C3CLIP', 'ACETATO NEGRO MATE- CLIPON (G)', '11860', 1, 'unisex', 'adulto', 0.000000, 0),
	(2184, 1333, NULL, 'GLOX2451C1CLIP', 'ACETATO NEGRO MATE- PATILLA DET AZUL- CLIPON (G)', '11860', 1, 'unisex', 'adulto', 0.000000, 0),
	(2185, 1333, NULL, 'GLOX679C3', 'METAL AZUL OSC MATE', '10920', 1, 'masculino', 'adulto', 0.000000, 0),
	(2186, 1333, NULL, 'GLOX679C4', 'METAL NEGRO/PELTRE', '10920', 1, 'masculino', 'adulto', 0.000000, 0),
	(2187, 1333, NULL, 'GLOX2489C5', 'ACETATO NEGRO- PATILLA METAL', '10920', 1, 'unisex', 'adulto', 0.000000, 0),
	(2188, 1333, NULL, 'GLOX2466C1', 'ACETATO NEGRO- PATILLA METAL', '10920', 1, 'unisex', 'adulto', 0.000000, 0),
	(2189, 1333, NULL, 'GLOX2466C3', 'ACETATO AZUL/TRANSPARENTE- PATILLA METAL ', '10920', 1, 'unisex', 'adulto', 0.000000, 0),
	(2190, 1333, NULL, 'GLOX2528C1', 'ACETATO RECTANGULAR NEGRO MATE', '10920', 1, 'unisex', 'adulto', 0.000000, 0),
	(2191, 1333, NULL, 'GLOX2528C3', 'ACETATO RECTANGULAR AZUL OSC MATE/ AZUL TRANSP', '10920', 1, 'unisex', 'adulto', 0.000000, 0),
	(2192, 1333, NULL, 'GLOX2551C4', 'ACETATO GRIS MATE DET VERDE MZA', '10920', 1, 'unisex', 'adulto', 0.000000, 0),
	(2193, 1332, NULL, 'GLOX2502C1', 'ACETATO RECTANGULAR *POL NEGRO MATE -PAT BEIGE (G) ', '41300', 1, 'unisex', 'adulto', 0.000000, 0),
	(2194, 1332, NULL, 'GLOX2502C3', 'ACETATO RECTANGULAR *POL AZUL MATE (G DEG)', '41300', 1, 'unisex', 'adulto', 0.000000, 0),
	(2195, 1332, NULL, 'GLOX2539C1', 'ACETATO RECTO *POL NEGRO (G DEG)', '38200', 1, 'unisex', 'adulto', 0.000000, 0),
	(2196, 1334, NULL, 'VIV631C2', 'METAL REDONDEADO DORADO (M DEG)', '12320', 1, 'femenino', 'adulto', 0.000000, 0),
	(2197, 1334, NULL, 'VIV2543C1', 'ACETATO RECTO *POL TRANSPARENTE -PAT NEGRA (G)', '13960', 1, 'femenino', 'adulto', 0.000000, 0),
	(2198, 1334, NULL, 'VIV2543C4', 'ACETATO RECTO *POL TRANSPARENTE (G DEG)', '13960', 1, 'femenino', 'adulto', 0.000000, 0),
	(2199, 1334, NULL, 'VIV2308N', 'ACETATO GATITO *POL NEGRO (G) ', '12320', 1, 'femenino', 'adulto', 0.000000, 0),
	(2200, 1334, NULL, 'VIV2511C2', 'INYECTADO/METAL CLIPER  DOBLE PUENTE *POL MARRON MATE (M DEG)', '10860', 1, 'femenino', 'adulto', 0.000000, 0),
	(2201, 1334, NULL, 'VIV2511C1', 'INYECTADO/METAL CLIPER DOBLE PUENTE *POL NEGRO MATE (G)', '10860', 1, 'femenino', 'adulto', 0.000000, 0),
	(2202, 1334, NULL, 'VIV2511C5', 'INYECTADO/METAL CLIPER DOBLE PUENTE *POL GRIS OSC TRANSP MATE (G DEG)', '10860', 1, 'femenino', 'adulto', 0.000000, 0),
	(2203, 1315, NULL, 'YJ-0194C2', 'METAL NUDE/DORADO', '31800', 1, 'femenino', 'adulto', 0.000000, 0),
	(2204, 1326, NULL, 'MO-LEÑASC1', 'INYECTADO NEGRO', '29300', 1, 'unisex', 'adulto', 0.000000, 0),
	(2205, 1288, NULL, 'W2514C2', 'CAREY NEGRO MATE -PAT C/DET BORDO', '24800', 1, 'unisex', 'adulto', 0.000000, 0),
	(2206, 1271, NULL, 'KP-3144-J023', 'INYECTADO ROSA VIEJO TRANSP- PAT METAL', '22500', 1, 'femenino', 'adulto', 0.000000, 0),
	(2207, 1335, NULL, 'AX2044S-604871', 'METAL RECTANGULAR DORADO MATE (V)', '11380', 1, 'masculino', 'adulto', 0.000000, 0),
	(2208, 1335, NULL, 'AX2045S-6043W0', 'METAL ESPEJADO PLATEADO (V PL)', '11380', 1, 'femenino', 'adulto', 0.000000, 0),
	(2209, 1335, NULL, 'AX2045S-608511', 'METAL PELTRE (G)', '11380', 1, 'femenino', 'adulto', 0.000000, 0),
	(2210, 1335, NULL, 'AX2045S-61036X', 'METAL ESPEJADO DORADO ROSE (ROS)', '11380', 1, 'femenino', 'adulto', 0.000000, 0),
	(2211, 1335, NULL, 'AX2045S-611073', 'METAL DORADO (M)', '11380', 1, 'femenino', 'adulto', 0.000000, 0),
	(2212, 1335, NULL, 'AX4026S-812287', 'INYECTADO NEGRO MATE/NEGRO (G)', '10240', 1, 'masculino', 'adulto', 0.000000, 0),
	(2213, 1335, NULL, 'AX4026S-8239Z3', 'INYECTADO *POL GRIS TRANSP -PATILLAS NEGRAS (PL)', '12530', 1, 'masculino', 'adulto', 0.000000, 0),
	(2214, 1335, NULL, 'AX4041SL-80789A', 'INYECTADO *POL NEGRO MATE (V)', '11380', 1, 'masculino', 'adulto', 0.000000, 0),
	(2215, 1335, NULL, 'AX4041SL-815787', 'INYECTADO AZUL MATE (G)', '9100', 1, 'masculino', 'adulto', 0.000000, 0),
	(2216, 1335, NULL, 'AX4041SL-815871', 'INYECTADO NEGRO (G)', '9100', 1, 'masculino', 'adulto', 0.000000, 0),
	(2217, 1335, NULL, 'AX4045SL-817780', 'INYECTADO AZUL OSCURO (AZ)', '9100', 1, 'masculino', 'adulto', 0.000000, 0),
	(2218, 1335, NULL, 'AX4045SL-817871', 'INYECTADO NEGRO (V)', '9100', 1, 'masculino', 'adulto', 0.000000, 0),
	(2219, 1335, NULL, 'AX4049SL-818287', 'INYECTADO NEGRO MATE (G)', '9100', 1, 'masculino', 'adulto', 0.000000, 0),
	(2220, 1335, NULL, 'AX4068S-815887', 'INYECTADO DOBLE PUENTE METAL NEGRO/DORADO- PAT METAL (G)', '12530', 1, 'femenino', 'adulto', 0.000000, 0),
	(2221, 1335, NULL, 'AX4080SL-80786G', 'INYECTADO ESPEJADO NEGRO MATE (N)', '10240', 1, 'masculino', 'adulto', 0.000000, 0),
	(2222, 1335, NULL, 'AX4080SL-82786G', 'INYECTADO ESPEJADO AZUL MATE (PL) ', '10240', 1, 'masculino', 'adulto', 0.000000, 0),
	(2223, 1335, NULL, 'AX4093S-8078Z3', 'INYECTADO ESPEJADO *POL NEGRO MATE- PAT INT BLANCO (PL)', '13670', 1, 'masculino', 'adulto', 0.000000, 0),
	(2224, 1335, NULL, 'AX4112SU-818180', 'INYECTADO AZUL MATE (AZ)', '10240', 1, 'masculino', 'adulto', 0.000000, 0),
	(2225, 1335, NULL, 'AX4112SU-8294Z3', 'INYECTADO ESPEJADO *POL GRIS MATE (PL) ', '12530', 1, 'masculino', 'adulto', 0.000000, 0),
	(2226, 1335, NULL, 'AX4113S-8078T3', 'INYECTADO *POL NEGRO MATE- PAT AX (G DEG)', '11380', 1, 'masculino', 'adulto', 0.000000, 0),
	(2227, 1335, NULL, 'AX4114S-80786G', 'INYECTADO RED ESPEJADO NEGRO MATE (G)', '10240', 1, 'masculino', 'adulto', 0.000000, 0),
	(2228, 1335, NULL, 'AX4115SU-832525', 'INYECTADO ESPEJADO NEGRO MATE- PAT DET TURQUESA (AZ)  ', '11380', 1, 'masculino', 'adulto', 0.000000, 0),
	(2229, 1335, NULL, 'AX4116SU-821313', 'INYECTADO MARRON MOT TRANSP (M DEG)   ', '10240', 1, 'femenino', 'adulto', 0.000000, 0),
	(2230, 1335, NULL, 'AX4121S-818125', 'INYECTADO ESPEJADO AZUL MATE (AZ)   ', '10240', 1, 'masculino', 'adulto', 0.000000, 0),
	(2231, 1335, NULL, 'AX4121S-829487', 'INYECTADO GRIS MATE (G)   ', '10240', 1, 'masculino', 'adulto', 0.000000, 0),
	(2232, 1335, NULL, 'AX4124SU-807887', 'INYECTADO RECTO NEGRO MATE (G)  ', '10240', 1, 'masculino', 'adulto', 0.000000, 0),
	(2233, 1335, NULL, 'AX4127S-824113', 'INYECTADO BORDO TRANSPARENTE (M DEG)  ', '10240', 1, 'femenino', 'adulto', 0.000000, 0),
	(2234, 1335, NULL, 'AX4131SU-803271', 'INYECTADO VERDE OLIVA MATE (V)', '10240', 1, 'masculino', 'adulto', 0.000000, 0),
	(2235, 1335, NULL, 'AX4131SU-818155', 'INYECTADO ESPEJADO AZUL MATE (AZ)', '10240', 1, 'masculino', 'adulto', 0.000000, 0),
	(2236, 1335, NULL, 'AX4133S-807887', 'INYECTADO CLIPPER NEGRO MATE- PAT METAL (G)', '10240', 1, 'masculino', 'adulto', 0.000000, 0),
	(2237, 1335, NULL, 'AX4133S-812287', 'INYECTADO CLIPPER NEGRO MATE- PAT METAL (G)', '10240', 1, 'masculino', 'adulto', 0.000000, 0),
	(2238, 1335, NULL, 'AX4133S-818180', 'INYECTADO CLIPPER AZUL MATE- PAT METAL (AZ)', '10240', 1, 'masculino', 'adulto', 0.000000, 0),
	(2239, 1335, NULL, 'AX4134S-815811', 'INYECTADO REDONDO GAT NEGRO (G DEG)', '10240', 1, 'femenino', 'adulto', 0.000000, 0),
	(2240, 1336, NULL, 'MA348ROSEGOLD', 'METAL BORDO/DORADO ROSE- PAT ZIG ZAG', '14560', 1, 'femenino', 'adulto', 0.000000, 0),
	(2241, 1336, NULL, 'MA349BLANCO', 'ACETATO BLANCO- PAT METAL NACAR', '14560', 1, 'femenino', 'adulto', 0.000000, 0),
	(2242, 1336, NULL, 'MA349DEMI', 'ACETATO MARRON MOTEADO- PAT METAL NACAR', '14560', 1, 'femenino', 'adulto', 0.000000, 0),
	(2243, 1336, NULL, 'MA349NEGRO', 'ACETATO NEGRO- PAT METAL NACAR', '14560', 1, 'femenino', 'adulto', 0.000000, 0),
	(2244, 1336, NULL, 'MA353NEGROMATE', 'METAL NEGRO MATE/FUCSIA', '15190', 1, 'femenino', 'adulto', 0.000000, 0),
	(2245, 1336, NULL, 'MA353OROMATE', 'METAL CHAMPAGNE MATE/BLANCO', '15190', 1, 'femenino', 'adulto', 0.000000, 0),
	(2246, 1336, NULL, 'MA353PLATAMATE', 'METAL PLATEADO MATE/VERDE AGUA', '15190', 1, 'femenino', 'adulto', 0.000000, 0),
	(2247, 1336, NULL, 'MA354AZULINTENSO', 'METAL AZUL DET AZUL MOTEADO', '15190', 1, 'femenino', 'adulto', 0.000000, 0),
	(2248, 1336, NULL, 'MA354ORO', 'METAL DORADO CHAMP DET MARRON MOTEAD', '15190', 1, 'femenino', 'adulto', 0.000000, 0),
	(2249, 1336, NULL, 'MA354SILVER', 'METAL PLATEADO DET GRIS MOTEADO', '15190', 1, 'femenino', 'adulto', 0.000000, 0),
	(2250, 1336, NULL, 'MA355BEIGE', 'METAL BEIGE INT DORADO', '14560', 1, 'femenino', 'adulto', 0.000000, 0),
	(2251, 1336, NULL, 'MA355BLANCO', 'METAL BLANCO INT PELTRE', '14560', 1, 'femenino', 'adulto', 0.000000, 0),
	(2252, 1336, NULL, 'MA357AZULCRISTAL', 'ACETATO AZUL MOTEADO', '15190', 1, 'femenino', 'adulto', 0.000000, 0),
	(2253, 1336, NULL, 'MA357BEIGE', 'ACETATO BEIGE MOTEADO', '15190', 1, 'femenino', 'adulto', 0.000000, 0),
	(2254, 1336, NULL, 'MA357HABANOCRISTAL', 'ACETATO MARRON MOTEADO', '15190', 1, 'femenino', 'adulto', 0.000000, 0),
	(2255, 1336, NULL, 'MA357NEGRO', 'ACETATO NEGRO MOTEADO', '15190', 1, 'femenino', 'adulto', 0.000000, 0),
	(2256, 1336, NULL, 'MA358ORO', 'METAL DORADO CHAMPAGNE LATERAL NATURAL', '15190', 1, 'femenino', 'adulto', 0.000000, 0),
	(2257, 1336, NULL, 'MA358ROSEGOLD', 'METAL DORADO ROSE LATERAL ROSA', '15190', 1, 'femenino', 'adulto', 0.000000, 0),
	(2258, 1336, NULL, 'MA358SILVER', 'METAL PLATEADO LATERAL BLANCO', '15190', 1, 'femenino', 'adulto', 0.000000, 0),
	(2259, 1336, NULL, 'MA365ROSA', 'METAL EXAG DORADO ROSE', '13200', 1, 'femenino', 'adulto', 0.000000, 0),
	(2260, 1338, NULL, 'UR103BLACK', 'ACETATO NEGRO MATE/GRIS- PAT FLEX 180°', '7800', 1, 'unisex', 'niño', 0.000000, 0),
	(2261, 1338, NULL, 'UR103BLACKRED', 'ACETATO NEGRO MATE/ROJO- PAT FLEX 180°', '7800', 1, 'unisex', 'niño', 0.000000, 0),
	(2262, 1338, NULL, 'UR103BLUE', 'ACETATO AZUL MATE/TURQUESA- PAT FLEX 180°', '7800', 1, 'unisex', 'niño', 0.000000, 0),
	(2263, 1338, NULL, 'UR103MATTBLUE', 'ACETATO AZUL OSC MATE/AZUL FRANCIA- PAT FLEX 180°', '7800', 1, 'unisex', 'niño', 0.000000, 0),
	(2264, 1338, NULL, 'UR126CRISTALGREY', 'ACETATO GRIS TRANSP- PAT NEGRA EXTENS FLEX 180°', '8100', 1, 'unisex', 'niño', 0.000000, 0),
	(2265, 1338, NULL, 'UR126MATEBLACK', 'ACETATO NEGRO MATE- PAT ROJA EXTENS FLEX 180°', '8100', 1, 'unisex', 'niño', 0.000000, 0),
	(2266, 1338, NULL, 'UR126MATEBLUE', 'ACETATO AZUL OSC MATE- PAT CELESTE EXTENS FLEX 180°', '8100', 1, 'unisex', 'niño', 0.000000, 0),
	(2267, 1338, NULL, 'UR127BLACK', 'ACETATO NEGRO- PAT ROJA EXTENS FLEX 180°', '8100', 1, 'femenino', 'niño', 0.000000, 0),
	(2268, 1338, NULL, 'UR127CRISTALPINK', 'ACETATO ROSA TRANSP- PAT EXTENS FLEX 180°', '8100', 1, 'femenino', 'niño', 0.000000, 0),
	(2269, 1338, NULL, 'UR127RED', 'ACETATO ROJO TRANSP- PAT ROSA EXTENS FLEX 180°', '8100', 1, 'femenino', 'niño', 0.000000, 0),
	(2270, 1338, NULL, 'UR131BLUE', 'ACETATO TURQUESA INT GRIS- PAT GRIS FLEX 180°', '7280', 1, 'unisex', 'niño', 0.000000, 0),
	(2271, 1338, NULL, 'UR133CRISTALBLUE', 'ACETATO TURQUESA TRANSP- PAT ROSA', '7280', 1, 'femenino', 'niño', 0.000000, 0),
	(2272, 1338, NULL, 'UR134BLUE', 'ACETATO AZUL- PAT MOT', '7280', 1, 'unisex', 'niño', 0.000000, 0),
	(2273, 1338, NULL, 'UR135BLACK', 'ACETATO NEGRO MATE- PAT CELESTE', '7280', 1, 'unisex', 'niño', 0.000000, 0),
	(2274, 1338, NULL, 'UR135CRISTALGREY', 'ACETATO GRIS TRANSPARENTE- PAT NEGRA', '7280', 1, 'unisex', 'niño', 0.000000, 0),
	(2275, 1338, NULL, 'UR135LBLUE', 'ACETATO CELESTE TRANSPARENTE', '7280', 1, 'unisex', 'niño', 0.000000, 0),
	(2276, 1338, NULL, 'UR136BLACKRED', 'ACETATO NEGRO MATE- PAT DET BORDO', '7280', 1, 'unisex', 'niño', 0.000000, 0),
	(2277, 1338, NULL, 'UR137FUCSIA', 'ACETATO GAT FUCSIA- PAT BLANCA', '7280', 1, 'femenino', 'niño', 0.000000, 0),
	(2278, 1338, NULL, 'UR137RED', 'ACETATO GAT ROJO TRANSP- PAT NEGRA', '7280', 1, 'femenino', 'niño', 0.000000, 0),
	(2279, 1338, NULL, 'UR137WHITE', 'ACETATO GAT BLANCO- PAT NEGRA', '7280', 1, 'femenino', 'niño', 0.000000, 0),
	(2280, 1337, NULL, 'UR1162MATTGUN', 'METAL PELTRE DET SUPERIOR VERDE', '8320', 1, 'masculino', 'adulto', 0.000000, 0),
	(2281, 1337, NULL, 'UR1162MATTSILVER', 'METAL PLATEADO MATE DET SUPERIOR TURQUESA', '8320', 1, 'masculino', 'adulto', 0.000000, 0),
	(2282, 1337, NULL, 'UR1162MBLACK', 'METAL NEGRO MATE DET SUPERIOR BLANCO', '8320', 1, 'masculino', 'adulto', 0.000000, 0),
	(2283, 1337, NULL, 'UR1162MBLUE', 'METAL AZUL METALIZADO DET SUPERIOR GRIS', '8320', 1, 'masculino', 'adulto', 0.000000, 0),
	(2284, 1337, NULL, 'UR2143BLACK', 'METAL RANURADO NEGRO DET SUPERIOR BLANCO', '8320', 1, 'unisex', 'adulto', 0.000000, 0),
	(2285, 1337, NULL, 'UR2143BLUE', 'METAL RANURADO AZUL DET SUPERIOR CELESTE', '8320', 1, 'unisex', 'adulto', 0.000000, 0),
	(2286, 1337, NULL, 'UR2143DGUN', 'METAL RANURADO PELTRE DET SUPERIOR BLANCO', '8320', 1, 'unisex', 'adulto', 0.000000, 0),
	(2287, 1337, NULL, 'UR2143SILVER', 'METAL RANURADO PLATEADO DET SUPERIOR NEGRO', '8320', 1, 'unisex', 'adulto', 0.000000, 0),
	(2288, 1337, NULL, 'UR5056CRISTAL', 'ACETATO TRANSPARENTE -PAT AZUL', '8320', 1, 'unisex', 'adulto', 0.000000, 0),
	(2289, 1337, NULL, 'UR5056MATTCRISTAL', 'ACETATO BLANCO MATE TRANSP- PAT BLANCA', '8320', 1, 'unisex', 'adulto', 0.000000, 0),
	(2290, 1337, NULL, 'UR5056MATTGREY', 'ACETATO GRIS MATE- PAT NEGRA', '8320', 1, 'unisex', 'adulto', 0.000000, 0),
	(2291, 1337, NULL, 'UR5056MBLUE', 'ACETATO AZUL MATE ', '8320', 1, 'unisex', 'adulto', 0.000000, 0),
	(2292, 1339, NULL, 'WE772-55DGUN', 'METAL DOBLE MONTURA PELTRE', '12060', 1, 'masculino', 'adulto', 0.000000, 0),
	(2293, 1339, NULL, 'WE781BLACK', 'METAL CLIPPER NEGRO', '9990', 1, 'masculino', 'adulto', 0.000000, 0),
	(2294, 1339, NULL, 'WE781BROWN', 'METAL CLIPPER MARRON', '9990', 1, 'masculino', 'adulto', 0.000000, 0),
	(2295, 1339, NULL, 'WE781DGUN', 'METAL CLIPPER NEGRO MATE', '9990', 1, 'masculino', 'adulto', 0.000000, 0),
	(2296, 1339, NULL, 'WE782MATTBLACK', 'METAL NEGRO MATE  ', '12060', 1, 'masculino', 'adulto', 0.000000, 0),
	(2297, 1339, NULL, 'WE782MDGUN', 'METAL MARRON MATE', '12060', 1, 'masculino', 'adulto', 0.000000, 0),
	(2298, 1339, NULL, 'WE790BLACK', 'ACETATO NEGRO- PAT METAL  ', '12060', 1, 'masculino', 'adulto', 0.000000, 0),
	(2299, 1339, NULL, 'WE790GREY', 'ACETATO GRIS OSC/TRANSPARENTE- PAT METAL', '12060', 1, 'masculino', 'adulto', 0.000000, 0),
	(2300, 1237, NULL, 'M102C2BLUE', 'RECETA CAREY AZUL TRANSPARENTE', '3250', 1, 'unisex', 'adulto', 0.000000, 0),
	(2301, 1237, NULL, 'M109C1', 'RECETA CAREY NEGRO INT VIOLETA MOT- PAT VIOLETA', '3250', 1, 'femenino', 'adulto', 0.000000, 0),
	(2302, 1237, NULL, 'M109C1R', 'RECETA CAREY NEGRO LATERAL VIOLETA MOT C/RELIEVE', '3250', 1, 'femenino', 'adulto', 0.000000, 0),
	(2303, 1237, NULL, 'M109C2', 'RECETA CAREY BORDO INTERIOR ROJO', '3250', 1, 'femenino', 'adulto', 0.000000, 0),
	(2304, 1237, NULL, 'M109C3', 'RECETA CAREY NEGRO INTERIOR CELESTE', '3250', 1, 'femenino', 'adulto', 0.000000, 0),
	(2305, 1237, NULL, 'M109C4R', 'RECETA CAREY NEGRO LATERAL LILA C/RELIEVE', '3250', 1, 'femenino', 'adulto', 0.000000, 0),
	(2306, 1237, NULL, 'M68C3', 'RECETA CAREY VIOLETA MOTEADO', '3250', 1, 'femenino', 'adulto', 0.000000, 0),
	(2307, 1237, NULL, 'M76C2G', 'RECETA CAREY GRIS TRANSPARENTE', '3250', 1, 'femenino', 'adulto', 0.000000, 0),
	(2308, 1237, NULL, 'M76C4V', 'RECETA CAREY VIOLETA TRANSPARENTE', '3250', 1, 'femenino', 'adulto', 0.000000, 0),
	(2309, 1237, NULL, 'M84C1BLACK/BLUE', 'RECETA CAREY NEGRO LINEA AZUL', '3250', 1, 'unisex', 'adulto', 0.000000, 0),
	(2310, 1237, NULL, 'M84C2', 'RECETA CAREY NEGRO LINEA VERDE', '3250', 1, 'unisex', 'adulto', 0.000000, 0),
	(2311, 1237, NULL, 'M84C3BLACK/RED', 'RECETA CAREY NEGRO LINEA ROJA', '3250', 1, 'unisex', 'adulto', 0.000000, 0),
	(2312, 1237, NULL, 'M84C5BLUE', 'RECETA CAREY AZUL OSC LINEA TURQUESA', '3250', 1, 'unisex', 'adulto', 0.000000, 0),
	(2313, 1237, NULL, 'M84C6BLACK/GREEN', 'RECETA CAREY AZUL OSC LINEA VERDE MZA', '3250', 1, 'unisex', 'adulto', 0.000000, 0),
	(2314, 1237, NULL, 'M84C6BLACK/YELLOW', 'RECETA CAREY AZUL OSC LINEA AMARILLA', '3250', 1, 'unisex', 'adulto', 0.000000, 0),
	(2315, 1237, NULL, 'M84C6BLACK/GRAY', 'RECETA CAREY AZUL OSC LINEA GRIS', '3250', 1, 'unisex', 'adulto', 0.000000, 0),
	(2316, 1237, NULL, 'M87C1', 'RECETA CAREY CELESTE TRANSPARENTE', '3250', 1, 'unisex', 'adulto', 0.000000, 0),
	(2317, 1237, NULL, 'M87C2', 'RECETA CAREY NEGRO/AZUL MOTEADO', '3250', 1, 'unisex', 'adulto', 0.000000, 0),
	(2318, 1237, NULL, 'M87C3', 'RECETA CAREY CELESTE TRANSP- PAT AZUL', '3250', 1, 'unisex', 'adulto', 0.000000, 0),
	(2319, 1237, NULL, 'M88C1', 'RECETA CAREY NEGRO MOTEADO', '3250', 1, 'femenino', 'adulto', 0.000000, 0),
	(2320, 1237, NULL, 'M88C4', 'RECETA CAREY BEIGE/NEGRO MOTEADO', '3250', 1, 'femenino', 'adulto', 0.000000, 0),
	(2321, 1237, NULL, 'M90C3', 'RECETA CAREY AZUL', '3250', 1, 'unisex', 'adulto', 0.000000, 0),
	(2322, 1237, NULL, 'M92C1', 'RECETA CAREY NEGRO/ROJO', '3250', 1, 'femenino', 'adulto', 0.000000, 0),
	(2323, 1237, NULL, 'M93C1DARKBLUE', 'RECETA CAREY NEGRO INT AZUL', '3250', 1, 'masculino', 'adulto', 0.000000, 0),
	(2324, 1237, NULL, 'M95C1BLACK', 'RECETA CAREY NEGRO -PAT C/LINEA BEIGE', '3250', 1, 'masculino', 'adulto', 0.000000, 0),
	(2325, 1237, NULL, 'M98C1LADYRED', 'RECETA CAREY ROJO/TRANSPARENTE', '3250', 1, 'femenino', 'adulto', 0.000000, 0),
	(2326, 1237, NULL, 'M99C02BLACK/GRAY', 'RECETA CAREY NEGRO -PAT GRIS', '3250', 1, 'unisex', 'adulto', 0.000000, 0),
	(2327, 1237, NULL, 'M84C7BLACK/YELLOW', 'RECETA CAREY NEGRO LINEA AMARILLA', '3250', 1, 'unisex', 'adulto', 0.000000, 0),
	(2328, 1237, NULL, 'M84C8BLACK/GRAY', 'RECETA CAREY NEGRO LINEA GRIS', '3250', 1, 'unisex', 'adulto', 0.000000, 0),
	(2329, 1237, NULL, 'M110C1', 'RECETA CAREY CUADRADO NEGRO', '3250', 1, 'unisex', 'adulto', 0.000000, 0),
	(2330, 1237, NULL, 'M110C2', 'RECETA CAREY CUADRADO MARRON OSC INT MARRON CLARO', '3250', 1, 'unisex', 'adulto', 0.000000, 0),
	(2331, 1237, NULL, 'M110C3', 'RECETA CAREY CUADRADO GRIS OSC- PAT MARRON', '3250', 1, 'unisex', 'adulto', 0.000000, 0),
	(2332, 1237, NULL, 'M110C4', 'RECETA CAREY CUADRADO VERDE OSC- PAT AZUL', '3250', 1, 'unisex', 'adulto', 0.000000, 0),
	(2333, 1237, NULL, 'M110C5', 'RECETA CAREY CUADRADO NEGRO INT ROJO', '3250', 1, 'unisex', 'adulto', 0.000000, 0),
	(2334, 1237, NULL, 'M44C2', 'RECETA CAREY AZUL- PAT MOTEADAS', '3250', 1, 'femenino', 'adulto', 0.000000, 0),
	(2335, 1343, NULL, 'K315CHUFFC1', 'SOL TR90 ESPEJADO NEGRO (NAR)', '9520', 1, 'unisex', 'niño', 0.000000, 0),
	(2336, 1343, NULL, 'K315CHUFFC1P', 'SOL TR90 *POL NEGRO (G)', '9520', 1, 'unisex', 'niño', 0.000000, 0),
	(2337, 1343, NULL, 'K315CHUFFC2', 'SOL TR90 ESPEJADO NEGRO MATE (NAR)', '9520', 1, 'unisex', 'niño', 0.000000, 0),
	(2338, 1343, NULL, 'K323ROLLERC3', 'SOL TR90 ESPEJADO- LENTE INTERCAM- NEGRO- PAT ROJA (NAR)', '13870', 1, 'unisex', 'niño', 0.000000, 0),
	(2339, 1343, NULL, 'K325SLINGC1', 'SOL NYLON ENVOL NEGRO- PAT DET CORAL (G)', '9520', 1, 'unisex', 'niño', 0.000000, 0),
	(2340, 1343, NULL, 'K325SLINGC3', 'SOL NYLON ENVOL NEGRO MATE- PAT DET MORADO (G)', '9520', 1, 'unisex', 'niño', 0.000000, 0),
	(2341, 1343, NULL, 'K325SLINGC5', 'SOL NYLON ENVOL AZUL- PAT DET NEGRO (G)', '9520', 1, 'unisex', 'niño', 0.000000, 0),
	(2342, 1343, NULL, 'K326FRECKLEC1', 'SOL NYLON ENVOL NEGRO- PAT DET MORADO (G)', '9520', 1, 'unisex', 'niño', 0.000000, 0),
	(2343, 1343, NULL, 'K326FRECKLEC2', 'SOL NYLON ENVOL ESPEJ NEGRO- PAT DET MORADO (AZ)', '9520', 1, 'unisex', 'niño', 0.000000, 0),
	(2344, 1343, NULL, 'K326FRECKLEC3', 'SOL NYLON ENVOL BORDO- PAT DET GRIS (G)', '9520', 1, 'unisex', 'niño', 0.000000, 0),
	(2345, 1343, NULL, 'K326FRECKLEC4', 'SOL NYLON ENVOL ESPEJ BORDO- PAT DET GRIS (G)', '9520', 1, 'unisex', 'niño', 0.000000, 0),
	(2346, 1343, NULL, 'K326FRECKLEC5', 'SOL NYLON ENVOL AZUL- PAT DET NEGRO (G)', '9520', 1, 'unisex', 'niño', 0.000000, 0),
	(2347, 1343, NULL, 'K326FRECKLEC6', 'SOL NYLON ENVOL ESPEJ AZUL- PAT DET NEGRO (G)', '9520', 1, 'unisex', 'niño', 0.000000, 0),
	(2348, 1343, NULL, 'K327RUFFLEC1', 'SOL NYLON NEGRO (G)', '9520', 1, 'unisex', 'niño', 0.000000, 0),
	(2349, 1343, NULL, 'K327RUFFLEC2', 'SOL NYLON ESPEJ NEGRO (AZ)', '9520', 1, 'unisex', 'niño', 0.000000, 0),
	(2350, 1343, NULL, 'K327RUFFLEC3', 'SOL NYLON MORADO (G)', '9520', 1, 'unisex', 'niño', 0.000000, 0),
	(2351, 1341, NULL, 'OP224TARGETC3', 'RECETA TR90 DEP NEGRO/VERDE C/SUJETADOR', '18120', 1, 'unisex', 'adulto', 0.000000, 0),
	(2352, 1341, NULL, 'OP224TARGETC6', 'RECETA TR90 DEP NEGRO C/SUJETADOR', '18120', 1, 'unisex', 'adulto', 0.000000, 0),
	(2353, 1341, NULL, 'OP226PODIUMC6', 'RECETA TR90 DEP NEGRO/VERDE C/SUJETADOR', '18120', 1, 'unisex', 'adulto', 0.000000, 0),
	(2354, 1341, NULL, 'OP226PODIUMC7', 'RECETA TR90 DEP NEGRO/GRIS C/SUJETADOR', '18120', 1, 'unisex', 'adulto', 0.000000, 0),
	(2355, 1341, NULL, 'OP251DOTC2', 'RECETA TR90 DEP NEGRO/CORAL C/SUJETADOR', '18120', 1, 'unisex', 'adulto', 0.000000, 0),
	(2356, 1341, NULL, 'OP251DOTC3', 'RECETA TR90 DEP NEGRO/AZUL C/SUJETADOR', '18120', 1, 'unisex', 'adulto', 0.000000, 0),
	(2357, 1341, NULL, 'OP290SOLIDC1', 'RECETA TR90 DEP A/IMPACTO NEGRO S/PATILLAS', '14780', 1, 'unisex', 'adulto', 0.000000, 0),
	(2358, 1341, NULL, 'OP290SOLIDC2', 'RECETA TR90 DEP A/IMPACTO NEGRO/AZUL S/PATILLAS', '14780', 1, 'unisex', 'adulto', 0.000000, 0),
	(2359, 1341, NULL, 'OP297TRIVORC1', 'RECETA TR90 DEP A/IMPACTO NEGRO S/PATILLAS', '14780', 1, 'unisex', 'adulto', 0.000000, 0),
	(2360, 1340, NULL, 'OP233WAVEFLOATERC1', 'SOL TR90 ENVOL *POL NEGRO DET VERDE (G)', '18000', 1, 'unisex', 'adulto', 0.000000, 0),
	(2361, 1342, NULL, 'K060C2', 'RECETA SILICONA S/FLEX AZUL/GRIS C/SUJETADOR', '12900', 1, 'unisex', 'niño', 0.000000, 0),
	(2362, 1342, NULL, 'K060C3', 'RECETA SILICONA S/FLEX CELESTE C/SUJETADOR', '12900', 1, 'unisex', 'niño', 0.000000, 0),
	(2363, 1342, NULL, 'K061C4', 'RECETA SILICONA S/FLEX VIOLETA/LILA', '12900', 1, 'unisex', 'niño', 0.000000, 0),
	(2364, 1342, NULL, 'K061C6', 'RECETA SILICONA S/FLEX NEGRO/CORAL', '12900', 1, 'unisex', 'niño', 0.000000, 0),
	(2365, 1342, NULL, 'K061C8', 'RECETA SILICONA S/FLEX AZUL OSC/GRIS', '12900', 1, 'unisex', 'niño', 0.000000, 0),
	(2366, 1342, NULL, 'K062C7', 'RECETA SILICONA S/FLEX ROJO/ROSA C/SUJETADOR', '12900', 1, 'unisex', 'niño', 0.000000, 0),
	(2367, 1342, NULL, 'K063C2', 'RECETA SILICONA S/FLEX CELESTE OSC/GRIS C/SUJETADOR', '12900', 1, 'unisex', 'niño', 0.000000, 0),
	(2368, 1342, NULL, 'K063C4', 'RECETA SILICONA S/FLEX VIOLETA/LILA C/SUJETADOR', '12900', 1, 'unisex', 'niño', 0.000000, 0),
	(2369, 1342, NULL, 'K064C1', 'RECETA SILICONA S/FLEX NEGRO/CELESTE C/SUJETADOR', '12900', 1, 'unisex', 'niño', 0.000000, 0),
	(2370, 1342, NULL, 'K064C2', 'RECETA SILICONA S/FLEX CELESTE OSC/GRIS C/SUJETADOR', '12900', 1, 'unisex', 'niño', 0.000000, 0),
	(2371, 1342, NULL, 'K064C8', 'RECETA SILICONA S/FLEX GRIS OSC/GRIS CLARO C/SUJETADOR', '12900', 1, 'unisex', 'niño', 0.000000, 0),
	(2372, 1342, NULL, 'K067C1', 'RECETA SILICONA S/FLEX NEGRO/CELESTE C/SUJETADOR', '12900', 1, 'unisex', 'niño', 0.000000, 0),
	(2373, 1342, NULL, 'K067C2', 'RECETA SILICONA S/FLEX CELESTE OSC/GRIS C/SUJETADOR', '12900', 1, 'unisex', 'niño', 0.000000, 0),
	(2374, 1342, NULL, 'K067C5', 'RECETA SILICONA S/FLEX ROSA/BLANCO C/SUJETADOR', '12900', 1, 'unisex', 'niño', 0.000000, 0),
	(2375, 1342, NULL, 'K067C7', 'RECETA SILICONA S/FLEX ROJO/ROSA C/SUJETADOR', '12900', 1, 'unisex', 'niño', 0.000000, 0),
	(2376, 1342, NULL, 'K068C5', 'RECETA SILICONA S/FLEX  RED ROSA/BLANCO C/SUJETADOR', '12900', 1, 'unisex', 'niño', 0.000000, 0),
	(2377, 1342, NULL, 'K317C5CLIP', 'RECETA SILICONA CLIP ON S/FLEX ROSA/BLANCO C/SUJETADOR ', '16450', 1, 'unisex', 'niño', 0.000000, 0),
	(2378, 1342, NULL, 'K317C7CLIP', 'RECETA SILICONA CLIP ON S/FLEX ROJO/ROSA C/SUJETADOR', '16450', 1, 'unisex', 'niño', 0.000000, 0),
	(2379, 1342, NULL, 'K318C6CLIP', 'RECETA SILICONA CLIP ON S/FLEX NEGRO/CORAL C/SUJETADOR', '16450', 1, 'unisex', 'niño', 0.000000, 0),
	(2380, 1342, NULL, 'K318C7CLIP', 'RECETA SILICONA CLIP ON S/FLEX ROJO/ROSA C/SUJETADOR', '16450', 1, 'unisex', 'niño', 0.000000, 0),
	(2381, 1342, NULL, 'K321C5CLIP', 'RECETA SILICONA CLIP ON S/FLEX ROSA/BLANCO C/SUJETADOR ', '16450', 1, 'unisex', 'niño', 0.000000, 0),
	(2382, 1344, NULL, 'AX4041SL-80625A', 'SOL INYECTADO ESPEJADO MARRON MATE (DOR)', '9100', 1, 'masculino', 'adulto', 0.000000, 0),
	(2383, 1344, NULL, 'AX4049SL-82808G', 'SOL INYECTADO NEGRO MATE (G DEG)', '9100', 1, 'masculino', 'adulto', 0.000000, 0),
	(2384, 1344, NULL, 'AX4058SL-819987', 'SOL INYECTADO NEGRO MATE (G)', '9100', 1, 'masculino', 'adulto', 0.000000, 0),
	(2385, 1344, NULL, 'AX4058SL-820173', 'SOL INYECTADO MARRON MATE (M)', '9100', 1, 'masculino', 'adulto', 0.000000, 0),
	(2386, 1344, NULL, 'AX4093S-829555', 'SOL INYECTADO ESPEJADO AZUL MATE (AZ)', '11380', 1, 'masculino', 'adulto', 0.000000, 0),
	(2387, 1344, NULL, 'AX4102S-818181', 'SOL INYECTADO *POL AZUL MATE (G)', '11380', 1, 'masculino', 'adulto', 0.000000, 0),
	(2388, 1344, NULL, 'AX4103S-812287', 'SOL INYECTADO NEGRO MATE (G)', '10240', 1, 'masculino', 'adulto', 0.000000, 0),
	(2389, 1344, NULL, 'AX4112SU-815887', 'SOL INYECTADO NEGRO (G)', '10240', 1, 'masculino', 'adulto', 0.000000, 0),
	(2390, 1344, NULL, 'AX4113S-807887', 'SOL INYECTADO NEGRO MATE- PAT AX (G)', '9100', 1, 'masculino', 'adulto', 0.000000, 0),
	(2391, 1344, NULL, 'AX4114S-833555', 'SOL INYECTADO RED ESPEJADO NEGRO MATE (AZ)', '10240', 1, 'masculino', 'adulto', 0.000000, 0),
	(2392, 1344, NULL, 'AX4115SU-818155', 'SOL INYECTADO ESPEJADO AZUL MATE- PAT 19/91 (AZ)', '11380', 1, 'masculino', 'adulto', 0.000000, 0),
	(2393, 1344, NULL, 'AX4116SU-82758Z', 'SOL INYECTADO ESPEJADO NUDE TRANSP (PL)', '10240', 1, 'femenino', 'adulto', 0.000000, 0),
	(2394, 1344, NULL, 'AX4117SU-818180', 'SOL INYECTADO AZUL MATE- PAT DET AZUL/ROJO (AZ)', '10240', 1, 'masculino', 'adulto', 0.000000, 0),
	(2395, 1344, NULL, 'AX4117SU-821171', 'SOL INYECTADO NEGRO MATE - PAT DET BLANCO (V)', '10240', 1, 'masculino', 'adulto', 0.000000, 0),
	(2396, 1344, NULL, 'AX4119S-80786G', 'SOL INYECTADO PLACA ESPEJADO NEGRO MATE (G)', '9100', 1, 'masculino', 'adulto', 0.000000, 0),
	(2397, 1344, NULL, 'AX4119S-818155', 'SOL INYECTADO PLACA ESPEJADO AZUL MATE (AZ)', '9100', 1, 'masculino', 'adulto', 0.000000, 0),
	(2398, 1344, NULL, 'AX4124SU-818155', 'SOL INYECTADO ESPEJADO AZUL MATE (AZ)', '10240', 1, 'masculino', 'adulto', 0.000000, 0),
	(2399, 1344, NULL, 'AX4124SU-83016H', 'SOL INYECTADO ESPEJADO VERDE OLIVA MATE (M)', '10240', 1, 'masculino', 'adulto', 0.000000, 0),
	(2400, 1344, NULL, 'AX4127S-81588G', 'SOL INYECTADO NEGRO- PAT DET EXAG METAL (G DEG)', '10240', 1, 'femenino', 'adulto', 0.000000, 0),
	(2401, 1344, NULL, 'AX4127S-821313', 'SOL INYECTADO MARRON MOT- PAT DET EXAG METAL (M DEG)', '10240', 1, 'femenino', 'adulto', 0.000000, 0),
	(2402, 1344, NULL, 'AX4127S-82408Z', 'SOL INYECTADO ESPEJADO BEIGE TRANSP- PAT DET EXAG METAL (M)', '10240', 1, 'femenino', 'adulto', 0.000000, 0),
	(2403, 1237, NULL, 'M111VARIOS', 'RECETA CAREY GAT COLORES VARIOS', '3250', 1, 'femenino', 'adulto', 0.000000, 0),
	(2404, 1237, NULL, 'M112C1', 'RECETA CAREY BORDO INT MOTEADO', '3250', 1, 'femenino', 'adulto', 0.000000, 0),
	(2405, 1237, NULL, 'M112C2', 'RECETA CAREY BORDO INT ROSA- PAT ROSA', '3250', 1, 'femenino', 'adulto', 0.000000, 0),
	(2406, 1237, NULL, 'M112C3', 'RECETA CAREY NEGRO/AMARILLO INT AMARILLO MOT', '3250', 1, 'femenino', 'adulto', 0.000000, 0),
	(2407, 1237, NULL, 'M112C4', 'RECETA CAREY MARRON MOTEADO', '3250', 1, 'femenino', 'adulto', 0.000000, 0),
	(2408, 1345, NULL, 'E0.00BLC', 'ESF0.00BLUE CUT', '10000', 1, '', '', 0.000000, 0),
	(2409, 1345, NULL, 'E0.25BLC', 'ESF0.25BLUE CUT', '10000', 1, '', '', 0.000000, 0),
	(2410, 1345, NULL, 'E0.50BLC', 'ESF0.50BLUE CUT', '10000', 1, '', '', 0.000000, 0),
	(2411, 1345, NULL, 'E0.75BLC', 'ESF0.75BLUE CUT', '10000', 1, '', '', 0.000000, 0),
	(2412, 1345, NULL, 'E1.00BLC', 'ESF1.00BLUE CUT', '10000', 1, '', '', 0.000000, 0),
	(2413, 1345, NULL, 'E1.25BLC', 'ESF1.25BLUE CUT', '10000', 1, '', '', 0.000000, 0),
	(2414, 1345, NULL, 'E1.50BLC', 'ESF1.50BLUE CUT', '10000', 1, '', '', 0.000000, 0),
	(2415, 1345, NULL, 'E1.75BLC', 'ESF1.75BLUE CUT', '10000', 1, '', '', 0.000000, 0),
	(2416, 1345, NULL, 'E2.00BLC', 'ESF2.00BLUE CUT', '10000', 1, '', '', 0.000000, 0),
	(2417, 1345, NULL, 'E2.25BLC', 'ESF2.25BLUE CUT', '10000', 1, '', '', 0.000000, 0),
	(2418, 1345, NULL, 'E2.50BLC', 'ESF2.50BLUE CUT', '10000', 1, '', '', 0.000000, 0),
	(2419, 1345, NULL, 'E2.75BLC', 'ESF2.75BLUE CUT', '10000', 1, '', '', 0.000000, 0),
	(2420, 1345, NULL, 'E3.00BLC', 'ESF3.00BLUE CUT', '10000', 1, '', '', 0.000000, 0),
	(2421, 1345, NULL, 'E3.25BLC', 'ESF3.25BLUE CUT', '10000', 1, '', '', 0.000000, 0),
	(2422, 1345, NULL, 'E3.50BLC', 'ESF3.50BLUE CUT', '10000', 1, '', '', 0.000000, 0),
	(2423, 1345, NULL, 'E3.75BLC', 'ESF3.75BLUE CUT', '10000', 1, '', '', 0.000000, 0),
	(2424, 1345, NULL, 'E4.00BLC', 'ESF4.00BLUE CUT', '10000', 1, '', '', 0.000000, 0),
	(2425, 1345, NULL, 'E4.25BLC', 'ESF4.25BLUE CUT', '10000', 1, '', '', 0.000000, 0),
	(2426, 1345, NULL, 'E4.50BLC', 'ESF4.50BLUE CUT', '10000', 1, '', '', 0.000000, 0),
	(2427, 1345, NULL, 'E4.75BLC', 'ESF4.75BLUE CUT', '10000', 1, '', '', 0.000000, 0),
	(2428, 1345, NULL, 'E5.00BLC', 'ESF5.00BLUE CUT', '10000', 1, '', '', 0.000000, 0),
	(2429, 1346, NULL, 'LC0.00TEST', 'LC 0.00 TEST', '2000', 1, '', '', 0.000000, 0),
	(2430, 1346, NULL, 'LC0.25TEST', 'LC 0.25 TEST', '2000', 1, '', '', 0.000000, 0),
	(2431, 1346, NULL, 'LC0.50TEST', 'LC 0.50 TEST', '2000', 1, '', '', 0.000000, 0),
	(2432, 1346, NULL, 'LC0.75TEST', 'LC 0.75 TEST', '2000', 1, '', '', 0.000000, 0),
	(2433, 1346, NULL, 'LC1.00TEST', 'LC 1.00 TEST', '2000', 1, '', '', 0.000000, 0),
	(2434, 1346, NULL, 'LC1.25TEST', 'LC 1.25 TEST', '2000', 1, '', '', 0.000000, 0),
	(2435, 1346, NULL, 'LC1.50TEST', 'LC 1.50 TEST', '2000', 1, '', '', 0.000000, 0),
	(2436, 1346, NULL, 'LC1.75TEST', 'LC 1.75 TEST', '2000', 1, '', '', 0.000000, 0),
	(2437, 1346, NULL, 'LC2.00TEST', 'LC 2.00 TEST', '2000', 1, '', '', 0.000000, 0),
	(2438, 1346, NULL, 'LC2.25TEST', 'LC 2.25 TEST', '2000', 1, '', '', 0.000000, 0),
	(2439, 1346, NULL, 'LC2.50TEST', 'LC 2.50 TEST', '2000', 1, '', '', 0.000000, 0),
	(2440, 1346, NULL, 'LC2.75TEST', 'LC 2.75 TEST', '2000', 1, '', '', 0.000000, 0),
	(2441, 1346, NULL, 'LC3.00TEST', 'LC 3.00 TEST', '2000', 1, '', '', 0.000000, 0),
	(2442, 1346, NULL, 'LC3.25TEST', 'LC 3.25 TEST', '2000', 1, '', '', 0.000000, 0),
	(2443, 1346, NULL, 'LC3.50TEST', 'LC 3.50 TEST', '2000', 1, '', '', 0.000000, 0),
	(2444, 1346, NULL, 'LC3.75TEST', 'LC 3.75 TEST', '2000', 1, '', '', 0.000000, 0),
	(2445, 1346, NULL, 'LC4.00TEST', 'LC 4.00 TEST', '2000', 1, '', '', 0.000000, 0),
	(2446, 1346, NULL, 'LC4.25TEST', 'LC 4.25 TEST', '2000', 1, '', '', 0.000000, 0),
	(2447, 1346, NULL, 'LC4.50TEST', 'LC 4.50 TEST', '2000', 1, '', '', 0.000000, 0),
	(2448, 1346, NULL, 'LC4.75TEST', 'LC 4.75 TEST', '2000', 1, '', '', 0.000000, 0),
	(2449, 1346, NULL, 'LC5.00TEST', 'LC 5.00 TEST', '2000', 1, '', '', 0.000000, 0),
	(2450, 1347, NULL, 'TRAT0.00TEST', 'TRATAMIENTO 0.00TEST', '10000', 1, '', '', 0.000000, 0),
	(2451, 1347, NULL, 'TRAT0.25TEST', 'TRATAMIENTO 0.25TEST', '10000', 1, '', '', 0.000000, 0),
	(2452, 1347, NULL, 'TRAT0.50TEST', 'TRATAMIENTO 0.50TEST', '10000', 1, '', '', 0.000000, 0),
	(2453, 1347, NULL, 'TRAT0.75TEST', 'TRATAMIENTO 0.75TEST', '10000', 1, '', '', 0.000000, 0),
	(2454, 1347, NULL, 'TRAT1.00TEST', 'TRATAMIENTO 1.00TEST', '10000', 1, '', '', 0.000000, 0),
	(2455, 1347, NULL, 'TRAT1.25TEST', 'TRATAMIENTO 1.25TEST', '10000', 1, '', '', 0.000000, 0),
	(2456, 1347, NULL, 'TRAT1.50TEST', 'TRATAMIENTO 1.50TEST', '10000', 1, '', '', 0.000000, 0),
	(2457, 1347, NULL, 'TRAT1.75TEST', 'TRATAMIENTO 1.75TEST', '10000', 1, '', '', 0.000000, 0),
	(2458, 1347, NULL, 'TRAT2.00TEST', 'TRATAMIENTO 2.00TEST', '10000', 1, '', '', 0.000000, 0),
	(2459, 1347, NULL, 'TRAT2.25TEST', 'TRATAMIENTO 2.25TEST', '10000', 1, '', '', 0.000000, 0),
	(2460, 1347, NULL, 'TRAT2.50TEST', 'TRATAMIENTO 2.50TEST', '10000', 1, '', '', 0.000000, 0),
	(2461, 1347, NULL, 'TRAT2.75TEST', 'TRATAMIENTO 2.75TEST', '10000', 1, '', '', 0.000000, 0),
	(2462, 1347, NULL, 'TRAT3.00TEST', 'TRATAMIENTO 3.00TEST', '10000', 1, '', '', 0.000000, 0),
	(2463, 1347, NULL, 'TRAT3.25TEST', 'TRATAMIENTO 3.25TEST', '10000', 1, '', '', 0.000000, 0),
	(2464, 1347, NULL, 'TRAT3.50TEST', 'TRATAMIENTO 3.50TEST', '10000', 1, '', '', 0.000000, 0),
	(2465, 1347, NULL, 'TRAT3.75TEST', 'TRATAMIENTO 3.75TEST', '10000', 1, '', '', 0.000000, 0),
	(2466, 1347, NULL, 'TRAT4.00TEST', 'TRATAMIENTO 4.00TEST', '10000', 1, '', '', 0.000000, 0),
	(2467, 1347, NULL, 'TRAT4.25TEST', 'TRATAMIENTO 4.25TEST', '10000', 1, '', '', 0.000000, 0),
	(2468, 1347, NULL, 'TRAT4.50TEST', 'TRATAMIENTO 4.50TEST', '10000', 1, '', '', 0.000000, 0),
	(2469, 1347, NULL, 'TRAT4.75TEST', 'TRATAMIENTO 4.75TEST', '10000', 1, '', '', 0.000000, 0),
	(2470, 1347, NULL, 'TRAT5.00TEST', 'TRATAMIENTO 5.00TEST', '10000', 1, '', '', 0.000000, 0),
	(2471, 1347, NULL, 'TRAT5.25TEST', 'TRATAMIENTO 5.25TEST', '10000', 1, '', '', 0.000000, 0),
	(2472, 1347, NULL, 'TRAT5.50TEST', 'TRATAMIENTO 5.50TEST', '10000', 1, '', '', 0.000000, 0),
	(2473, 1347, NULL, 'TRAT5.75TEST', 'TRATAMIENTO 5.75TEST', '10000', 1, '', '', 0.000000, 0),
	(2474, 1347, NULL, 'TRAT6.00TEST', 'TRATAMIENTO 6.00TEST', '10000', 1, '', '', 0.000000, 0),
	(2475, 1347, NULL, 'TRAT6.25TEST', 'TRATAMIENTO 6.25TEST', '10000', 1, '', '', 0.000000, 0),
	(2476, 1347, NULL, 'TRAT6.50TEST', 'TRATAMIENTO 6.50TEST', '10000', 1, '', '', 0.000000, 0),
	(2477, 1347, NULL, 'TRAT6.75TEST', 'TRATAMIENTO 6.75TEST', '10000', 1, '', '', 0.000000, 0),
	(2478, 1347, NULL, 'TRAT7.00TEST', 'TRATAMIENTO 7.00TEST', '10000', 1, '', '', 0.000000, 0),
	(2479, 1347, NULL, 'TRAT7.25TEST', 'TRATAMIENTO 7.25TEST', '10000', 1, '', '', 0.000000, 0),
	(2480, 1347, NULL, 'TRAT7.50TEST', 'TRATAMIENTO 7.50TEST', '10000', 1, '', '', 0.000000, 0),
	(2481, 1347, NULL, 'TRAT7.75TEST', 'TRATAMIENTO 7.75TEST', '10000', 1, '', '', 0.000000, 0),
	(2482, 1347, NULL, 'TRAT8.00TEST', 'TRATAMIENTO 8.00TEST', '10000', 1, '', '', 0.000000, 0),
	(2483, 1347, NULL, 'TRAT8.25TEST', 'TRATAMIENTO 8.25TEST', '10000', 1, '', '', 0.000000, 0),
	(2484, 1347, NULL, 'TRAT8.50TEST', 'TRATAMIENTO 8.50TEST', '10000', 1, '', '', 0.000000, 0),
	(2485, 1347, NULL, 'TRAT8.75TEST', 'TRATAMIENTO 8.75TEST', '10000', 1, '', '', 0.000000, 0),
	(2486, 1347, NULL, 'TRAT9.00TEST', 'TRATAMIENTO 9.00TEST', '10000', 1, '', '', 0.000000, 0),
	(2487, 1347, NULL, 'TRAT9.25TEST', 'TRATAMIENTO 9.25TEST', '10000', 1, '', '', 0.000000, 0),
	(2488, 1347, NULL, 'TRAT9.50TEST', 'TRATAMIENTO 9.50TEST', '10000', 1, '', '', 0.000000, 0),
	(2489, 1347, NULL, 'TRAT9.75TEST', 'TRATAMIENTO 9.75TEST', '10000', 1, '', '', 0.000000, 0),
	(2490, 1347, NULL, 'TRAT10.00TEST', 'TRATAMIENTO 10.00TEST', '10000', 1, '', '', 0.000000, 0),
	(2491, 1348, NULL, 'INSUMO0.00TEST', 'INSUMO 0.00 TEST', '10000', 1, '', '', 0.000000, 0),
	(2492, 1348, NULL, 'INSUMO0.25TEST', 'INSUMO 0.25 TEST', '10000', 1, '', '', 0.000000, 0),
	(2493, 1348, NULL, 'INSUMO0.50TEST', 'INSUMO 0.50 TEST', '10000', 1, '', '', 0.000000, 0),
	(2494, 1348, NULL, 'INSUMO0.75TEST', 'INSUMO 0.75 TEST', '10000', 1, '', '', 0.000000, 0),
	(2495, 1348, NULL, 'INSUMO1.00TEST', 'INSUMO 1.00 TEST', '10000', 1, '', '', 0.000000, 0),
	(2496, 1348, NULL, 'INSUMO1.25TEST', 'INSUMO 1.25 TEST', '10000', 1, '', '', 0.000000, 0),
	(2497, 1348, NULL, 'INSUMO1.50TEST', 'INSUMO 1.50 TEST', '10000', 1, '', '', 0.000000, 0),
	(2498, 1348, NULL, 'INSUMO1.75TEST', 'INSUMO 1.75 TEST', '10000', 1, '', '', 0.000000, 0),
	(2499, 1348, NULL, 'INSUMO2.00TEST', 'INSUMO 2.00 TEST', '10000', 1, '', '', 0.000000, 0),
	(2500, 1348, NULL, 'INSUMO2.25TEST', 'INSUMO 2.25 TEST', '10000', 1, '', '', 0.000000, 0),
	(2501, 1348, NULL, 'INSUMO2.50TEST', 'INSUMO 2.50 TEST', '10000', 1, '', '', 0.000000, 0),
	(2502, 1348, NULL, 'INSUMO2.75TEST', 'INSUMO 2.75 TEST', '10000', 1, '', '', 0.000000, 0),
	(2503, 1348, NULL, 'INSUMO3.00TEST', 'INSUMO 3.00 TEST', '10000', 1, '', '', 0.000000, 0),
	(2504, 1348, NULL, 'INSUMO3.25TEST', 'INSUMO 3.25 TEST', '10000', 1, '', '', 0.000000, 0),
	(2505, 1348, NULL, 'INSUMO3.50TEST', 'INSUMO 3.50 TEST', '10000', 1, '', '', 0.000000, 0),
	(2506, 1348, NULL, 'INSUMO3.75TEST', 'INSUMO 3.75 TEST', '10000', 1, '', '', 0.000000, 0),
	(2507, 1348, NULL, 'INSUMO4.00TEST', 'INSUMO 4.00 TEST', '10000', 1, '', '', 0.000000, 0),
	(2508, 1348, NULL, 'INSUMO4.25TEST', 'INSUMO 4.25 TEST', '10000', 1, '', '', 0.000000, 0),
	(2509, 1348, NULL, 'INSUMO4.50TEST', 'INSUMO 4.50 TEST', '10000', 1, '', '', 0.000000, 0),
	(2510, 1348, NULL, 'INSUMO4.75TEST', 'INSUMO 4.75 TEST', '10000', 1, '', '', 0.000000, 0),
	(2511, 1348, NULL, 'INSUMO5.00TEST', 'INSUMO 5.00 TEST', '10000', 1, '', '', 0.000000, 0),
	(2512, 1349, NULL, 'LIQ0.00TEST', 'LIQUIDO 0.00 TEST', '5000', 1, '', '', 0.000000, 0),
	(2513, 1349, NULL, 'LIQ0.25TEST', 'LIQUIDO 0.25 TEST', '5000', 1, '', '', 0.000000, 0),
	(2514, 1349, NULL, 'LIQ0.50TEST', 'LIQUIDO 0.50 TEST', '5000', 1, '', '', 0.000000, 0),
	(2515, 1349, NULL, 'LIQ0.75TEST', 'LIQUIDO 0.75 TEST', '5000', 1, '', '', 0.000000, 0),
	(2516, 1349, NULL, 'LIQ1.00TEST', 'LIQUIDO 1.00 TEST', '5000', 1, '', '', 0.000000, 0),
	(2517, 1349, NULL, 'LIQ1.25TEST', 'LIQUIDO 1.25 TEST', '5000', 1, '', '', 0.000000, 0),
	(2518, 1349, NULL, 'LIQ1.50TEST', 'LIQUIDO 1.50 TEST', '5000', 1, '', '', 0.000000, 0),
	(2519, 1349, NULL, 'LIQ1.75TEST', 'LIQUIDO 1.75 TEST', '5000', 1, '', '', 0.000000, 0),
	(2520, 1349, NULL, 'LIQ2.00TEST', 'LIQUIDO 2.00 TEST', '5000', 1, '', '', 0.000000, 0),
	(2521, 1349, NULL, 'LIQ2.25TEST', 'LIQUIDO 2.25 TEST', '5000', 1, '', '', 0.000000, 0),
	(2522, 1349, NULL, 'LIQ2.50TEST', 'LIQUIDO 2.50 TEST', '5000', 1, '', '', 0.000000, 0),
	(2523, 1349, NULL, 'LIQ2.75TEST', 'LIQUIDO 2.75 TEST', '5000', 1, '', '', 0.000000, 0),
	(2524, 1349, NULL, 'LIQ3.00TEST', 'LIQUIDO 3.00 TEST', '5000', 1, '', '', 0.000000, 0),
	(2525, 1349, NULL, 'LIQ3.25TEST', 'LIQUIDO 3.25 TEST', '5000', 1, '', '', 0.000000, 0),
	(2526, 1349, NULL, 'LIQ3.50TEST', 'LIQUIDO 3.50 TEST', '5000', 1, '', '', 0.000000, 0),
	(2527, 1349, NULL, 'LIQ3.75TEST', 'LIQUIDO 3.75 TEST', '5000', 1, '', '', 0.000000, 0),
	(2528, 1349, NULL, 'LIQ4.00TEST', 'LIQUIDO 4.00 TEST', '5000', 1, '', '', 0.000000, 0),
	(2529, 1349, NULL, 'LIQ4.25TEST', 'LIQUIDO 4.25 TEST', '5000', 1, '', '', 0.000000, 0),
	(2530, 1349, NULL, 'LIQ4.50TEST', 'LIQUIDO 4.50 TEST', '5000', 1, '', '', 0.000000, 0),
	(2531, 1349, NULL, 'LIQ4.75TEST', 'LIQUIDO 4.75 TEST', '5000', 1, '', '', 0.000000, 0),
	(2532, 1349, NULL, 'LIQ5.00TEST', 'LIQUIDO 5.00 TEST', '5000', 1, '', '', 0.000000, 0),
	(2533, 438, NULL, 'UR129BLACKBLUE', 'undefined', '200', 1, 'femenino', 'adulto', 0.000000, 0),
	(2534, 438, NULL, 'UR129BLACKBLUE00', 'undefined', '200', 1, 'femenino', 'adulto', 0.000000, 0);

-- Volcando estructura para tabla optdelsol_28.codigo_factura
CREATE TABLE IF NOT EXISTS `codigo_factura` (
  `idstock_factura` int NOT NULL AUTO_INCREMENT,
  `stock_sucursal_idsucursal` int DEFAULT NULL,
  `stock_codigo_idcodigo` int NOT NULL,
  `factura_idfactura` int NOT NULL,
  `cantidad` int DEFAULT '0',
  `costo` varchar(50) DEFAULT NULL,
  PRIMARY KEY (`idstock_factura`) USING BTREE,
  KEY `fk_stock_has_factura_factura1_idx` (`factura_idfactura`) USING BTREE,
  KEY `fk_stock_has_factura_stock1_idx` (`stock_sucursal_idsucursal`,`stock_codigo_idcodigo`) USING BTREE,
  CONSTRAINT `fk_stock_has_factura_factura1` FOREIGN KEY (`factura_idfactura`) REFERENCES `factura` (`idfactura`),
  CONSTRAINT `fk_stock_has_factura_stock1` FOREIGN KEY (`stock_sucursal_idsucursal`, `stock_codigo_idcodigo`) REFERENCES `stock` (`sucursal_idsucursal`, `codigo_idcodigo`)
) ENGINE=InnoDB AUTO_INCREMENT=272 DEFAULT CHARSET=utf8mb4 COLLATE=utf8mb4_0900_ai_ci;

-- Volcando datos para la tabla optdelsol_28.codigo_factura: ~241 rows (aproximadamente)
DELETE FROM `codigo_factura`;
INSERT INTO `codigo_factura` (`idstock_factura`, `stock_sucursal_idsucursal`, `stock_codigo_idcodigo`, `factura_idfactura`, `cantidad`, `costo`) VALUES
	(30, NULL, 2177, 16, 3, '11860'),
	(31, NULL, 2178, 16, 3, '11860'),
	(32, NULL, 2179, 16, 3, '11860'),
	(33, NULL, 2180, 16, 3, '11860'),
	(34, NULL, 2181, 16, 3, '11860'),
	(35, NULL, 2182, 16, 3, '11860'),
	(36, NULL, 2183, 16, 3, '11860'),
	(37, NULL, 2184, 16, 3, '11860'),
	(38, NULL, 2185, 16, 3, '10920'),
	(39, NULL, 2186, 16, 3, '10920'),
	(40, NULL, 2187, 16, 3, '10920'),
	(41, NULL, 2188, 16, 3, '10920'),
	(42, NULL, 2189, 16, 3, '10920'),
	(43, NULL, 2190, 16, 3, '10920'),
	(44, NULL, 2191, 16, 3, '10920'),
	(45, NULL, 2192, 16, 3, '10920'),
	(46, NULL, 2193, 16, 3, '11800'),
	(47, NULL, 2194, 16, 3, '11800'),
	(48, NULL, 2195, 16, 3, '10860'),
	(50, NULL, 786, 16, 3, '10860'),
	(51, NULL, 2196, 16, 3, '12320'),
	(52, NULL, 885, 16, 3, '32900'),
	(53, NULL, 2197, 16, 1, '13960'),
	(54, NULL, 2198, 16, 2, '13960'),
	(55, NULL, 2199, 16, 2, '12320'),
	(56, NULL, 2200, 16, 3, '10860'),
	(57, NULL, 2201, 16, 1, '10860'),
	(58, NULL, 2202, 16, 2, '10860'),
	(59, NULL, 881, 16, 3, '0'),
	(60, NULL, 787, 16, 3, '0'),
	(61, NULL, 787, 16, 0, '48900'),
	(62, NULL, 884, 16, 3, '43200'),
	(63, NULL, 2207, 17, 3, '11380'),
	(64, NULL, 2208, 17, 3, '11380'),
	(65, NULL, 2209, 17, 3, '11380'),
	(66, NULL, 2210, 17, 3, '11380'),
	(67, NULL, 2211, 17, 3, '11380'),
	(68, NULL, 2212, 17, 4, '10240'),
	(69, NULL, 2213, 17, 3, '12530'),
	(70, NULL, 2214, 17, 4, '11380'),
	(71, NULL, 2215, 17, 10, '9100'),
	(72, NULL, 2216, 17, 5, '9100'),
	(73, NULL, 2217, 17, 5, '9100'),
	(74, NULL, 2218, 17, 6, '9100'),
	(75, NULL, 2219, 17, 1, '9100'),
	(76, NULL, 2220, 17, 9, '12530'),
	(77, NULL, 2221, 17, 3, '10240'),
	(78, NULL, 2222, 17, 3, '10240'),
	(79, NULL, 2223, 17, 2, '13670'),
	(80, NULL, 2224, 17, 6, '10240'),
	(81, NULL, 2225, 17, 6, '12530'),
	(82, NULL, 2226, 17, 3, '11380'),
	(83, NULL, 2227, 17, 2, '10240'),
	(84, NULL, 2228, 17, 2, '11380'),
	(85, NULL, 2229, 17, 2, '10240'),
	(86, NULL, 2230, 17, 1, '10240'),
	(87, NULL, 2231, 17, 2, '10240'),
	(88, NULL, 2232, 17, 6, '10240'),
	(89, NULL, 2233, 17, 3, '10240'),
	(90, NULL, 2234, 17, 2, '10240'),
	(91, NULL, 2235, 17, 5, '10240'),
	(92, NULL, 2236, 17, 2, '10240'),
	(93, NULL, 2237, 17, 3, '10240'),
	(94, NULL, 2238, 17, 2, '10240'),
	(95, NULL, 2239, 17, 3, '10240'),
	(96, NULL, 2240, 18, 2, '14560'),
	(97, NULL, 2241, 18, 2, '14560'),
	(98, NULL, 2242, 18, 2, '14560'),
	(99, NULL, 2243, 18, 2, '14560'),
	(100, NULL, 2244, 18, 2, '15190'),
	(101, NULL, 2245, 18, 2, '15190'),
	(102, NULL, 2246, 18, 2, '15190'),
	(103, NULL, 2247, 18, 2, '15190'),
	(104, NULL, 2248, 18, 2, '15190'),
	(105, NULL, 2249, 18, 2, '15190'),
	(106, NULL, 2250, 18, 2, '14560'),
	(107, NULL, 2251, 18, 2, '14560'),
	(108, NULL, 2252, 18, 2, '15190'),
	(109, NULL, 2253, 18, 2, '15190'),
	(110, NULL, 2254, 18, 2, '15190'),
	(111, NULL, 2255, 18, 2, '15190'),
	(112, NULL, 2256, 18, 2, '15190'),
	(113, NULL, 2257, 18, 2, '15190'),
	(114, NULL, 2258, 18, 2, '15190'),
	(115, NULL, 2259, 18, 2, '13200'),
	(116, NULL, 2260, 18, 2, '7800'),
	(117, NULL, 2261, 18, 2, '7800'),
	(118, NULL, 2262, 18, 2, '7800'),
	(119, NULL, 2263, 18, 2, '7800'),
	(120, NULL, 2264, 18, 3, '8100'),
	(121, NULL, 2265, 18, 3, '8100'),
	(122, NULL, 2266, 18, 2, '8100'),
	(123, NULL, 2267, 18, 3, '8100'),
	(124, NULL, 2268, 18, 3, '8100'),
	(125, NULL, 2269, 18, 2, '8100'),
	(126, NULL, 2270, 18, 2, '7280'),
	(127, NULL, 2271, 18, 2, '7280'),
	(128, NULL, 2272, 18, 2, '7280'),
	(129, NULL, 2273, 18, 2, '7280'),
	(130, NULL, 2274, 18, 2, '7280'),
	(131, NULL, 2275, 18, 2, '7280'),
	(132, NULL, 2276, 18, 2, '7280'),
	(133, NULL, 2277, 18, 2, '7280'),
	(134, NULL, 2278, 18, 2, '7280'),
	(135, NULL, 2279, 18, 2, '7280'),
	(136, NULL, 2280, 18, 2, '8320'),
	(137, NULL, 2281, 18, 2, '8320'),
	(138, NULL, 2282, 18, 2, '8320'),
	(139, NULL, 2283, 18, 2, '8320'),
	(140, NULL, 2284, 18, 2, '8320'),
	(141, NULL, 2285, 18, 2, '8320'),
	(142, NULL, 2286, 18, 2, '8320'),
	(143, NULL, 2287, 18, 2, '8320'),
	(144, NULL, 2288, 18, 2, '8320'),
	(145, NULL, 2289, 18, 2, '8320'),
	(146, NULL, 2290, 18, 2, '8320'),
	(147, NULL, 2291, 18, 2, '8320'),
	(148, NULL, 2292, 18, 2, '12060'),
	(149, NULL, 2293, 18, 2, '9990'),
	(150, NULL, 2294, 18, 2, '9990'),
	(151, NULL, 2295, 18, 2, '9990'),
	(152, NULL, 2296, 18, 2, '12060'),
	(153, NULL, 2297, 18, 2, '12060'),
	(154, NULL, 2298, 18, 2, '12060'),
	(155, NULL, 2299, 18, 2, '12060'),
	(156, NULL, 2300, 20, 2, '2710'),
	(157, NULL, 2301, 20, 20, '2710'),
	(158, NULL, 2302, 20, 19, '2710'),
	(159, NULL, 2303, 20, 19, '2710'),
	(160, NULL, 2304, 20, 19, '2710'),
	(161, NULL, 2305, 20, 19, '2710'),
	(162, NULL, 2306, 20, 7, '2710'),
	(163, NULL, 2307, 20, 2, '2710'),
	(164, NULL, 2308, 20, 2, '2710'),
	(165, NULL, 2309, 20, 17, '2710'),
	(166, NULL, 2310, 20, 2, '2710'),
	(167, NULL, 2311, 20, 10, '2710'),
	(168, NULL, 2312, 20, 3, '2710'),
	(169, NULL, 2313, 20, 3, '2710'),
	(170, NULL, 2314, 20, 2, '2710'),
	(171, NULL, 2315, 20, 5, '2710'),
	(172, NULL, 2316, 20, 3, '2710'),
	(173, NULL, 2317, 20, 1, '2710'),
	(174, NULL, 2318, 20, 2, '2710'),
	(175, NULL, 2319, 20, 12, '2710'),
	(176, NULL, 2320, 20, 1, '2710'),
	(177, NULL, 2321, 20, 6, '2710'),
	(178, NULL, 2322, 20, 1, '2710'),
	(179, NULL, 2323, 20, 1, '2710'),
	(180, NULL, 2324, 20, 3, '2710'),
	(181, NULL, 2325, 20, 4, '2710'),
	(182, NULL, 2326, 20, 2, '2710'),
	(183, NULL, 2327, 20, 2, '2710'),
	(184, NULL, 2328, 20, 5, '2710'),
	(185, NULL, 1429, 20, 2, '0'),
	(186, NULL, 1286, 20, 6, '0'),
	(187, NULL, 1288, 20, 1, '0'),
	(188, NULL, 1297, 20, 3, '0'),
	(189, NULL, 384, 20, 15, '0'),
	(190, NULL, 383, 20, 2, '0'),
	(191, NULL, 387, 20, 1, '0'),
	(192, NULL, 796, 20, 1, '0'),
	(193, NULL, 2329, 21, 10, '2710'),
	(194, NULL, 2330, 21, 20, '2710'),
	(195, NULL, 2331, 21, 20, '2710'),
	(196, NULL, 2332, 21, 32, '2710'),
	(197, NULL, 2333, 21, 20, '2710'),
	(198, NULL, 2335, 19, 2, '9520'),
	(199, NULL, 2336, 19, 2, '9520'),
	(200, NULL, 2337, 19, 2, '9520'),
	(201, NULL, 2338, 19, 2, '13870'),
	(202, NULL, 2339, 19, 2, '9520'),
	(203, NULL, 2340, 19, 2, '9520'),
	(204, NULL, 2341, 19, 2, '9520'),
	(205, NULL, 2342, 19, 2, '9520'),
	(206, NULL, 2343, 19, 2, '9520'),
	(207, NULL, 2344, 19, 2, '9520'),
	(208, NULL, 2345, 19, 2, '9520'),
	(209, NULL, 2346, 19, 2, '9520'),
	(210, NULL, 2347, 19, 2, '9520'),
	(211, NULL, 2348, 19, 2, '9520'),
	(212, NULL, 2349, 19, 2, '9520'),
	(213, NULL, 2350, 19, 2, '9520'),
	(214, NULL, 2351, 19, 2, '18120'),
	(215, NULL, 2352, 19, 2, '18120'),
	(216, NULL, 2353, 19, 2, '18120'),
	(217, NULL, 2354, 19, 2, '18120'),
	(218, NULL, 2355, 19, 2, '18120'),
	(219, NULL, 2356, 19, 2, '18120'),
	(220, NULL, 2357, 19, 2, '14780'),
	(221, NULL, 2358, 19, 2, '14780'),
	(222, NULL, 2359, 19, 2, '14780'),
	(223, NULL, 2360, 19, 2, '18000'),
	(224, NULL, 2361, 19, 3, '12900'),
	(225, NULL, 2362, 19, 3, '12900'),
	(226, NULL, 2363, 19, 3, '12900'),
	(227, NULL, 2364, 19, 3, '12900'),
	(228, NULL, 2365, 19, 3, '12900'),
	(229, NULL, 2366, 19, 3, '12900'),
	(230, NULL, 2367, 19, 3, '12900'),
	(231, NULL, 2368, 19, 3, '12900'),
	(232, NULL, 2369, 19, 3, '12900'),
	(233, NULL, 2370, 19, 3, '12900'),
	(234, NULL, 2371, 19, 3, '12900'),
	(235, NULL, 2372, 19, 3, '12900'),
	(236, NULL, 2373, 19, 3, '12900'),
	(237, NULL, 2374, 19, 3, '12900'),
	(238, NULL, 2375, 19, 3, '12900'),
	(239, NULL, 2376, 19, 3, '12900'),
	(240, NULL, 2377, 19, 2, '16450'),
	(241, NULL, 2378, 19, 2, '16450'),
	(242, NULL, 2379, 19, 2, '16450'),
	(243, NULL, 2380, 19, 2, '16450'),
	(244, NULL, 2381, 19, 2, '16450'),
	(245, NULL, 2382, 22, 4, '9100'),
	(246, NULL, 2383, 22, 2, '9100'),
	(247, NULL, 2384, 22, 3, '9100'),
	(248, NULL, 2385, 22, 3, '9100'),
	(249, NULL, 2386, 22, 3, '11380'),
	(250, NULL, 2387, 22, 3, '11380'),
	(251, NULL, 2388, 22, 2, '10240'),
	(252, NULL, 2389, 22, 6, '10240'),
	(253, NULL, 2390, 22, 4, '9100'),
	(254, NULL, 2391, 22, 2, '10240'),
	(255, NULL, 2392, 22, 2, '11380'),
	(256, NULL, 2393, 22, 1, '10240'),
	(257, NULL, 2394, 22, 2, '10240'),
	(258, NULL, 2395, 22, 3, '10240'),
	(259, NULL, 2396, 22, 3, '9100'),
	(260, NULL, 2397, 22, 3, '9100'),
	(261, NULL, 2398, 22, 2, '10240'),
	(262, NULL, 2399, 22, 3, '10240'),
	(263, NULL, 2400, 22, 1, '10240'),
	(264, NULL, 2401, 22, 3, '10240'),
	(265, NULL, 2402, 22, 3, '10240'),
	(266, NULL, 2230, 22, 2, '0'),
	(267, NULL, 2403, 23, 12, '3250'),
	(268, NULL, 2404, 23, 20, '3250'),
	(269, NULL, 2405, 23, 20, '3250'),
	(270, NULL, 2406, 23, 20, '3250'),
	(271, NULL, 2407, 23, 20, '3250');

-- Volcando estructura para tabla optdelsol_28.concepto_gasto
CREATE TABLE IF NOT EXISTS `concepto_gasto` (
  `idconcepto_gasto` int NOT NULL AUTO_INCREMENT,
  `nombre` varchar(45) DEFAULT NULL,
  PRIMARY KEY (`idconcepto_gasto`)
) ENGINE=InnoDB AUTO_INCREMENT=3 DEFAULT CHARSET=utf8mb4 COLLATE=utf8mb4_0900_ai_ci;

-- Volcando datos para la tabla optdelsol_28.concepto_gasto: ~0 rows (aproximadamente)
DELETE FROM `concepto_gasto`;

-- Volcando estructura para tabla optdelsol_28.envio
CREATE TABLE IF NOT EXISTS `envio` (
  `idenvio` int NOT NULL AUTO_INCREMENT,
  `sucursal_idsucursal` int NOT NULL,
  `usuario_idusuario` int DEFAULT '1',
  `cantidad_total` int DEFAULT '0',
  `fecha` datetime DEFAULT CURRENT_TIMESTAMP,
  `estado` varchar(20) CHARACTER SET utf8mb4 COLLATE utf8mb4_0900_ai_ci DEFAULT 'GENERADO',
  PRIMARY KEY (`idenvio`),
  KEY `fk_envio_sucursal1_idx` (`sucursal_idsucursal`),
  KEY `fk_envio_usuario1_idx` (`usuario_idusuario`),
  CONSTRAINT `fk_envio_sucursal1` FOREIGN KEY (`sucursal_idsucursal`) REFERENCES `sucursal` (`idsucursal`)
) ENGINE=InnoDB AUTO_INCREMENT=214 DEFAULT CHARSET=utf8mb4 COLLATE=utf8mb4_0900_ai_ci;

-- Volcando datos para la tabla optdelsol_28.envio: ~121 rows (aproximadamente)
DELETE FROM `envio`;
INSERT INTO `envio` (`idenvio`, `sucursal_idsucursal`, `usuario_idusuario`, `cantidad_total`, `fecha`, `estado`) VALUES
	(93, 9, 1, 18, '2023-06-22 21:51:59', 'GENERADO'),
	(94, 9, 1, 8, '2023-06-22 22:12:31', 'GENERADO'),
	(95, 11, 1, 12, '2023-06-22 22:17:25', 'GENERADO'),
	(96, 11, 1, 52, '2023-06-23 21:28:43', 'GENERADO'),
	(97, 10, 1, 42, '2023-06-23 22:13:27', 'GENERADO'),
	(98, 7, 1, 9, '2023-06-23 22:47:56', 'GENERADO'),
	(99, 7, 1, 19, '2023-06-23 23:03:22', 'GENERADO'),
	(100, 10, 1, 4, '2023-06-23 23:04:27', 'GENERADO'),
	(101, 7, 1, 10, '2023-06-23 23:05:05', 'GENERADO'),
	(102, 6, 1, 23, '2023-06-24 12:51:47', 'GENERADO'),
	(103, 6, 1, 35, '2023-06-24 13:11:33', 'GENERADO'),
	(104, 6, 1, 15, '2023-06-24 13:18:37', 'GENERADO'),
	(105, 10, 1, 18, '2023-06-24 13:21:12', 'GENERADO'),
	(106, 10, 1, 7, '2023-06-24 13:34:09', 'GENERADO'),
	(107, 9, 1, 6, '2023-06-24 13:36:54', 'GENERADO'),
	(108, 6, 1, 0, '2023-06-24 13:37:40', 'GENERADO'),
	(109, 6, 1, 1, '2023-06-24 13:46:23', 'GENERADO'),
	(110, 7, 1, 8, '2023-06-26 12:29:55', 'GENERADO'),
	(111, 8, 1, 14, '2023-06-26 12:35:17', 'GENERADO'),
	(112, 6, 1, 60, '2023-06-26 12:47:28', 'GENERADO'),
	(113, 6, 1, 70, '2023-06-26 13:23:21', 'GENERADO'),
	(114, 6, 1, 59, '2023-06-26 13:39:22', 'GENERADO'),
	(115, 6, 1, 17, '2023-06-26 13:47:09', 'GENERADO'),
	(116, 7, 1, 2, '2023-06-28 13:58:36', 'GENERADO'),
	(117, 6, 1, 2, '2023-06-28 13:59:15', 'GENERADO'),
	(118, 7, 1, 3, '2023-06-28 14:00:08', 'GENERADO'),
	(119, 7, 1, 1, '2023-06-28 14:00:37', 'GENERADO'),
	(120, 8, 1, 48, '2023-06-28 14:11:22', 'GENERADO'),
	(121, 10, 1, 18, '2023-06-28 14:12:12', 'GENERADO'),
	(122, 9, 1, 18, '2023-06-28 14:12:37', 'GENERADO'),
	(123, 7, 1, 37, '2023-07-03 14:23:50', 'GENERADO'),
	(124, 7, 1, 37, '2023-07-03 14:37:02', 'GENERADO'),
	(125, 6, 1, 150, '2023-07-03 14:38:31', 'GENERADO'),
	(126, 10, 1, 16, '2023-07-03 14:40:50', 'GENERADO'),
	(127, 9, 1, 40, '2023-07-03 14:49:09', 'GENERADO'),
	(128, 7, 1, 25, '2023-07-03 14:51:15', 'GENERADO'),
	(129, 6, 1, 26, '2023-07-03 22:00:19', 'GENERADO'),
	(130, 10, 1, 48, '2023-07-04 21:07:12', 'GENERADO'),
	(131, 8, 1, 12, '2023-07-04 21:22:38', 'GENERADO'),
	(132, 7, 1, 9, '2023-07-04 21:25:03', 'GENERADO'),
	(133, 9, 1, 6, '2023-07-04 21:27:28', 'GENERADO'),
	(134, 11, 1, 6, '2023-07-04 21:29:10', 'GENERADO'),
	(135, 6, 1, 43, '2023-07-05 21:36:56', 'GENERADO'),
	(136, 6, 1, 60, '2023-07-05 21:44:45', 'GENERADO'),
	(137, 7, 1, 1, '2023-07-05 21:45:44', 'GENERADO'),
	(138, 6, 1, 53, '2023-07-05 21:56:52', 'GENERADO'),
	(139, 10, 1, 12, '2023-07-05 21:58:09', 'GENERADO'),
	(140, 9, 1, 18, '2023-07-05 21:58:34', 'GENERADO'),
	(141, 6, 1, 50, '2023-07-05 22:07:40', 'GENERADO'),
	(142, 10, 1, 2, '2023-07-05 22:09:58', 'GENERADO'),
	(143, 6, 1, 40, '2023-07-05 22:15:12', 'GENERADO'),
	(144, 11, 1, 1, '2023-07-08 14:54:57', 'GENERADO'),
	(145, 6, 1, 4, '2023-07-08 14:55:32', 'GENERADO'),
	(146, 8, 1, 26, '2023-07-08 14:55:57', 'GENERADO'),
	(147, 6, 1, 40, '2023-07-08 15:03:47', 'GENERADO'),
	(148, 10, 1, 20, '2023-07-08 15:13:51', 'GENERADO'),
	(149, 10, 1, 2, '2023-07-17 20:22:29', 'GENERADO'),
	(150, 7, 1, 17, '2023-07-17 20:32:27', 'GENERADO'),
	(151, 8, 1, 27, '2023-07-17 20:47:07', 'GENERADO'),
	(152, 9, 1, 14, '2023-07-17 21:00:22', 'GENERADO'),
	(153, 11, 1, 11, '2023-07-17 21:04:50', 'GENERADO'),
	(154, 6, 1, 104, '2023-07-20 13:15:16', 'GENERADO'),
	(155, 6, 1, 100, '2023-07-20 13:21:25', 'GENERADO'),
	(156, 11, 1, 50, '2023-07-20 13:57:36', 'GENERADO'),
	(157, 9, 1, 40, '2023-07-20 14:25:57', 'GENERADO'),
	(158, 7, 1, 43, '2023-07-21 12:29:30', 'GENERADO'),
	(159, 10, 1, 44, '2023-07-21 12:40:05', 'GENERADO'),
	(160, 10, 1, 60, '2023-07-21 13:07:02', 'GENERADO'),
	(161, 8, 1, 69, '2023-07-21 20:21:47', 'GENERADO'),
	(162, 8, 1, 25, '2023-07-21 20:27:39', 'GENERADO'),
	(163, 6, 1, 9, '2023-07-24 14:22:36', 'GENERADO'),
	(164, 9, 1, 24, '2023-07-24 14:24:10', 'GENERADO'),
	(165, 6, 1, 5, '2023-07-24 14:24:56', 'GENERADO'),
	(166, 6, 1, 29, '2023-07-24 14:36:35', 'GENERADO'),
	(167, 7, 1, 6, '2023-07-24 14:50:54', 'GENERADO'),
	(168, 9, 1, 4, '2023-07-24 15:22:49', 'GENERADO'),
	(169, 11, 1, 7, '2023-07-24 15:24:49', 'GENERADO'),
	(170, 10, 1, 11, '2023-07-24 20:25:53', 'GENERADO'),
	(171, 8, 1, 12, '2023-07-24 20:29:00', 'GENERADO'),
	(172, 10, 1, 24, '2023-07-24 20:29:36', 'GENERADO'),
	(173, 10, 1, 2, '2023-07-24 20:30:12', 'GENERADO'),
	(174, 9, 1, 24, '2023-07-24 20:30:57', 'GENERADO'),
	(175, 9, 1, 19, '2023-07-24 20:36:28', 'GENERADO'),
	(176, 10, 1, 1, '2023-07-24 20:37:10', 'GENERADO'),
	(177, 6, 1, 200, '2023-07-24 20:37:37', 'GENERADO'),
	(178, 10, 1, 1, '2023-07-24 20:40:13', 'GENERADO'),
	(179, 6, 1, 2, '2023-07-24 20:40:56', 'GENERADO'),
	(180, 10, 1, 1, '2023-07-24 20:41:28', 'GENERADO'),
	(181, 6, 1, 3, '2023-07-27 14:38:51', 'GENERADO'),
	(182, 6, 1, 4, '2023-07-27 14:49:30', 'GENERADO'),
	(183, 6, 1, 42, '2023-07-27 15:00:49', 'GENERADO'),
	(184, 6, 1, 50, '2023-07-27 20:51:16', 'GENERADO'),
	(185, 10, 1, 0, '2023-07-27 20:52:59', 'GENERADO'),
	(186, 6, 1, 56, '2023-07-27 20:57:40', 'GENERADO'),
	(187, 9, 1, 30, '2023-07-27 20:58:16', 'GENERADO'),
	(188, 6, 1, 64, '2023-07-27 21:13:24', 'GENERADO'),
	(189, 6, 1, 63, '2023-07-27 21:19:18', 'GENERADO'),
	(190, 7, 1, 4, '2023-07-27 21:26:08', 'GENERADO'),
	(191, 6, 1, 4, '2023-07-27 21:26:42', 'GENERADO'),
	(192, 10, 1, 5, '2023-07-27 21:28:23', 'GENERADO'),
	(193, 10, 1, 24, '2023-07-27 21:29:03', 'GENERADO'),
	(194, 9, 1, 6, '2023-07-27 21:30:29', 'GENERADO'),
	(195, 7, 1, 14, '2023-07-31 11:53:43', 'GENERADO'),
	(196, 10, 1, 12, '2023-07-31 11:54:33', 'GENERADO'),
	(197, 10, 1, 14, '2023-07-31 11:56:31', 'GENERADO'),
	(198, 10, 1, 4, '2023-08-17 22:33:27', 'GENERADO'),
	(199, 7, 1, 2, '2023-08-17 22:34:09', 'GENERADO'),
	(200, 6, 1, 100, '2023-08-17 22:34:45', 'GENERADO'),
	(201, 10, 1, 2, '2023-08-17 22:35:51', 'GENERADO'),
	(202, 8, 1, 24, '2023-08-17 22:36:17', 'GENERADO'),
	(203, 8, 1, 21, '2023-08-17 22:42:40', 'GENERADO'),
	(204, 10, 1, 12, '2023-08-17 22:43:24', 'GENERADO'),
	(205, 6, 1, 2, '2023-08-17 22:43:52', 'GENERADO'),
	(206, 9, 1, 65, '2023-08-18 12:05:13', 'GENERADO'),
	(207, 7, 1, 20, '2023-08-18 12:05:55', 'GENERADO'),
	(208, 7, 1, 4, '2023-08-18 12:08:09', 'GENERADO'),
	(209, 6, 1, 70, '2023-08-18 12:24:23', 'GENERADO'),
	(210, 6, 1, 70, '2023-08-18 13:04:58', 'GENERADO'),
	(211, 6, 1, 70, '2023-08-18 13:18:31', 'GENERADO'),
	(212, 6, 1, 70, '2023-08-18 13:46:41', 'GENERADO'),
	(213, 6, 1, 69, '2023-08-18 13:52:25', 'GENERADO');

-- Volcando estructura para tabla optdelsol_28.envio_has_stock
CREATE TABLE IF NOT EXISTS `envio_has_stock` (
  `idenvio_has_stock` int NOT NULL AUTO_INCREMENT,
  `envio_idenvio` int DEFAULT '0',
  `codigo_idcodigo` int DEFAULT '0',
  `cantidad` int DEFAULT '0',
  PRIMARY KEY (`idenvio_has_stock`),
  KEY `_fk_envio_` (`envio_idenvio`),
  KEY `_fk_codigo_` (`codigo_idcodigo`),
  CONSTRAINT `_fk_codigo_` FOREIGN KEY (`codigo_idcodigo`) REFERENCES `codigo` (`idcodigo`),
  CONSTRAINT `_fk_envio_` FOREIGN KEY (`envio_idenvio`) REFERENCES `envio` (`idenvio`)
) ENGINE=InnoDB AUTO_INCREMENT=1971 DEFAULT CHARSET=utf8mb4 COLLATE=utf8mb4_0900_ai_ci;

-- Volcando datos para la tabla optdelsol_28.envio_has_stock: ~1,832 rows (aproximadamente)
DELETE FROM `envio_has_stock`;
INSERT INTO `envio_has_stock` (`idenvio_has_stock`, `envio_idenvio`, `codigo_idcodigo`, `cantidad`) VALUES
	(139, 93, 303, 18),
	(140, 94, 424, 1),
	(141, 94, 423, 1),
	(142, 94, 421, 1),
	(143, 94, 519, 1),
	(144, 94, 416, 1),
	(145, 94, 412, 1),
	(146, 94, 414, 1),
	(147, 94, 420, 1),
	(148, 95, 303, 12),
	(149, 96, 1542, 1),
	(150, 96, 1539, 1),
	(151, 96, 1429, 1),
	(152, 96, 1285, 1),
	(153, 96, 1298, 1),
	(154, 96, 365, 1),
	(155, 96, 383, 1),
	(156, 96, 800, 1),
	(157, 96, 371, 1),
	(158, 96, 1293, 1),
	(159, 96, 387, 1),
	(160, 96, 794, 1),
	(161, 96, 1292, 1),
	(162, 96, 795, 1),
	(163, 96, 869, 1),
	(164, 96, 864, 1),
	(165, 96, 872, 1),
	(166, 96, 1543, 1),
	(167, 96, 1296, 1),
	(168, 96, 1444, 1),
	(169, 96, 1449, 1),
	(170, 96, 1451, 1),
	(171, 96, 1254, 1),
	(172, 96, 1080, 1),
	(173, 96, 1111, 1),
	(174, 96, 1247, 1),
	(175, 96, 1202, 1),
	(176, 96, 1084, 1),
	(177, 96, 1089, 1),
	(178, 96, 1076, 1),
	(179, 96, 1058, 1),
	(180, 96, 1092, 1),
	(181, 96, 1064, 1),
	(182, 96, 1057, 1),
	(183, 96, 1051, 1),
	(184, 96, 1053, 1),
	(185, 96, 1082, 1),
	(186, 96, 1244, 1),
	(187, 96, 1116, 1),
	(188, 96, 1072, 1),
	(189, 96, 1066, 1),
	(190, 96, 1070, 1),
	(191, 96, 1091, 1),
	(192, 96, 1112, 1),
	(193, 96, 1094, 1),
	(194, 96, 1246, 1),
	(195, 96, 1200, 1),
	(196, 96, 1087, 1),
	(197, 96, 1074, 1),
	(198, 96, 1059, 1),
	(199, 96, 1083, 1),
	(200, 96, 1065, 1),
	(201, 97, 1285, 1),
	(202, 97, 1286, 1),
	(203, 97, 1289, 1),
	(204, 97, 1298, 1),
	(205, 97, 1300, 1),
	(206, 97, 371, 1),
	(207, 97, 363, 1),
	(208, 97, 384, 1),
	(209, 97, 387, 2),
	(210, 97, 864, 1),
	(211, 97, 865, 1),
	(212, 97, 1290, 2),
	(213, 97, 1292, 2),
	(214, 97, 873, 2),
	(215, 97, 1293, 2),
	(216, 97, 1295, 2),
	(217, 97, 1296, 2),
	(218, 97, 1372, 2),
	(219, 97, 1337, 1),
	(220, 97, 794, 1),
	(221, 97, 795, 1),
	(222, 97, 1444, 2),
	(223, 97, 1446, 1),
	(224, 97, 1447, 1),
	(225, 97, 1448, 1),
	(226, 97, 1449, 2),
	(227, 97, 1450, 1),
	(228, 97, 1451, 1),
	(229, 97, 1452, 2),
	(230, 97, 1543, 2),
	(231, 98, 865, 1),
	(232, 98, 864, 1),
	(233, 98, 1293, 2),
	(234, 98, 387, 1),
	(235, 98, 1543, 1),
	(236, 98, 1292, 2),
	(237, 98, 1296, 1),
	(238, 99, 1295, 1),
	(239, 99, 303, 18),
	(240, 100, 133, 2),
	(241, 100, 140, 1),
	(242, 100, 139, 1),
	(243, 101, 248, 10),
	(244, 102, 786, 1),
	(245, 102, 2194, 1),
	(246, 102, 2196, 1),
	(247, 102, 885, 1),
	(248, 102, 886, 1),
	(249, 102, 881, 1),
	(250, 102, 787, 1),
	(251, 102, 2198, 1),
	(252, 102, 884, 1),
	(253, 102, 907, 1),
	(254, 102, 1417, 1),
	(255, 102, 1415, 1),
	(256, 102, 905, 1),
	(257, 102, 771, 1),
	(258, 102, 769, 1),
	(259, 102, 1424, 1),
	(260, 102, 1536, 1),
	(261, 102, 1532, 1),
	(262, 102, 1534, 1),
	(263, 102, 1523, 1),
	(264, 102, 1528, 1),
	(265, 102, 1527, 1),
	(266, 102, 1531, 1),
	(267, 103, 2195, 1),
	(268, 103, 2193, 1),
	(269, 103, 883, 1),
	(270, 103, 1435, 1),
	(271, 103, 2202, 1),
	(272, 103, 2200, 1),
	(273, 103, 788, 1),
	(274, 103, 2199, 1),
	(275, 103, 880, 1),
	(276, 103, 1436, 1),
	(277, 103, 301, 1),
	(278, 103, 293, 1),
	(279, 103, 1411, 1),
	(280, 103, 236, 1),
	(281, 103, 1423, 1),
	(282, 103, 1425, 1),
	(283, 103, 911, 1),
	(284, 103, 1426, 1),
	(285, 103, 1416, 1),
	(286, 103, 904, 1),
	(287, 103, 1284, 1),
	(288, 103, 1526, 1),
	(289, 103, 1525, 1),
	(290, 103, 1529, 2),
	(291, 103, 1532, 1),
	(292, 103, 1531, 1),
	(293, 103, 1533, 1),
	(294, 103, 1537, 1),
	(295, 103, 1534, 1),
	(296, 103, 1536, 1),
	(297, 103, 1523, 1),
	(298, 103, 1524, 1),
	(299, 103, 1527, 1),
	(300, 103, 1530, 1),
	(301, 104, 2184, 1),
	(302, 104, 2183, 1),
	(303, 104, 2181, 1),
	(304, 104, 2179, 1),
	(305, 104, 2177, 1),
	(306, 104, 2189, 1),
	(307, 104, 2188, 1),
	(308, 104, 2190, 1),
	(309, 104, 2191, 1),
	(310, 104, 1430, 1),
	(311, 104, 2187, 1),
	(312, 104, 2192, 1),
	(313, 104, 1433, 1),
	(314, 104, 2185, 1),
	(315, 104, 2186, 1),
	(316, 105, 303, 18),
	(317, 106, 2194, 1),
	(318, 106, 2178, 1),
	(319, 106, 2179, 1),
	(320, 106, 2189, 1),
	(321, 106, 2187, 1),
	(322, 106, 2190, 1),
	(323, 106, 2185, 1),
	(324, 107, 1431, 1),
	(325, 107, 2188, 1),
	(326, 107, 2192, 1),
	(327, 107, 2178, 1),
	(328, 107, 2180, 1),
	(329, 107, 2182, 1),
	(330, 108, 1116, 0),
	(331, 109, 1116, 1),
	(332, 110, 2180, 1),
	(333, 110, 2183, 1),
	(334, 110, 2181, 1),
	(335, 110, 2191, 1),
	(336, 110, 2186, 1),
	(337, 110, 2188, 1),
	(338, 110, 1430, 1),
	(339, 110, 303, 1),
	(340, 111, 2190, 1),
	(341, 111, 2185, 1),
	(342, 111, 2187, 1),
	(343, 111, 2189, 1),
	(344, 111, 2180, 1),
	(345, 111, 2182, 1),
	(346, 111, 2184, 1),
	(347, 111, 2195, 1),
	(348, 111, 881, 1),
	(349, 111, 1434, 1),
	(350, 111, 2200, 1),
	(351, 111, 2199, 1),
	(352, 111, 884, 1),
	(353, 111, 787, 1),
	(354, 112, 314, 2),
	(355, 112, 315, 2),
	(356, 112, 316, 2),
	(357, 112, 311, 2),
	(358, 112, 312, 2),
	(359, 112, 323, 2),
	(360, 112, 325, 2),
	(361, 112, 352, 2),
	(362, 112, 310, 2),
	(363, 112, 350, 2),
	(364, 112, 322, 2),
	(365, 112, 358, 2),
	(366, 112, 344, 2),
	(367, 112, 355, 2),
	(368, 112, 346, 2),
	(369, 112, 345, 3),
	(370, 112, 309, 3),
	(371, 112, 1437, 4),
	(372, 112, 341, 2),
	(373, 112, 527, 2),
	(374, 112, 342, 3),
	(375, 112, 509, 1),
	(376, 112, 510, 1),
	(377, 112, 511, 1),
	(378, 112, 516, 4),
	(379, 112, 518, 4),
	(380, 112, 517, 2),
	(381, 113, 806, 2),
	(382, 113, 807, 2),
	(383, 113, 808, 2),
	(384, 113, 858, 2),
	(385, 113, 859, 2),
	(386, 113, 860, 2),
	(387, 113, 861, 2),
	(388, 113, 862, 2),
	(389, 113, 863, 2),
	(390, 113, 1378, 1),
	(391, 113, 1379, 1),
	(392, 113, 746, 2),
	(393, 113, 747, 2),
	(394, 113, 1459, 2),
	(395, 113, 1456, 2),
	(396, 113, 1457, 1),
	(397, 113, 1458, 1),
	(398, 113, 1232, 1),
	(399, 113, 1233, 1),
	(400, 113, 1244, 2),
	(401, 113, 1245, 1),
	(402, 113, 1247, 1),
	(403, 113, 1248, 1),
	(404, 113, 1249, 1),
	(405, 113, 1250, 1),
	(406, 113, 1251, 1),
	(407, 113, 1252, 1),
	(408, 113, 1253, 1),
	(409, 113, 1254, 1),
	(410, 113, 2203, 1),
	(411, 113, 1255, 2),
	(412, 113, 1399, 1),
	(413, 113, 1400, 1),
	(414, 113, 1401, 1),
	(415, 113, 1402, 1),
	(416, 113, 1403, 1),
	(417, 113, 1404, 1),
	(418, 113, 1405, 1),
	(419, 113, 1406, 1),
	(420, 113, 1407, 1),
	(421, 113, 1408, 1),
	(422, 113, 1409, 1),
	(423, 113, 1410, 1),
	(424, 113, 1051, 2),
	(425, 113, 1052, 1),
	(426, 113, 1053, 1),
	(427, 113, 1054, 1),
	(428, 113, 1055, 1),
	(429, 113, 1056, 1),
	(430, 113, 1057, 1),
	(431, 113, 1058, 1),
	(432, 113, 1059, 1),
	(433, 113, 1060, 1),
	(434, 113, 1061, 1),
	(435, 114, 1062, 1),
	(436, 114, 1063, 1),
	(437, 114, 1064, 1),
	(438, 114, 1065, 1),
	(439, 114, 1066, 1),
	(440, 114, 1067, 1),
	(441, 114, 1068, 1),
	(442, 114, 1069, 1),
	(443, 114, 1070, 1),
	(444, 114, 1071, 1),
	(445, 114, 1072, 1),
	(446, 114, 1073, 1),
	(447, 114, 1074, 1),
	(448, 114, 1075, 1),
	(449, 114, 1076, 1),
	(450, 114, 1077, 1),
	(451, 114, 1078, 1),
	(452, 114, 1079, 1),
	(453, 114, 1080, 1),
	(454, 114, 1081, 1),
	(455, 114, 1082, 1),
	(456, 114, 1083, 1),
	(457, 114, 1084, 1),
	(458, 114, 1085, 1),
	(459, 114, 1086, 1),
	(460, 114, 1087, 1),
	(461, 114, 1088, 1),
	(462, 114, 1089, 1),
	(463, 114, 1090, 1),
	(464, 114, 1091, 1),
	(465, 114, 1092, 1),
	(466, 114, 1093, 1),
	(467, 114, 1094, 1),
	(468, 114, 1201, 1),
	(469, 114, 1202, 1),
	(470, 114, 1203, 1),
	(471, 114, 1204, 1),
	(472, 114, 1108, 1),
	(473, 114, 1109, 1),
	(474, 114, 1110, 1),
	(475, 114, 1111, 1),
	(476, 114, 1112, 1),
	(477, 114, 1113, 1),
	(478, 114, 1114, 1),
	(479, 114, 1115, 1),
	(480, 114, 1116, 1),
	(481, 114, 1005, 1),
	(482, 114, 1006, 1),
	(483, 114, 1007, 1),
	(484, 114, 1008, 1),
	(485, 114, 1009, 1),
	(486, 114, 1010, 1),
	(487, 114, 1011, 1),
	(488, 114, 1012, 1),
	(489, 114, 1013, 1),
	(490, 114, 1401, 2),
	(491, 114, 1403, 2),
	(492, 115, 536, 1),
	(493, 115, 338, 1),
	(494, 115, 339, 1),
	(495, 115, 537, 1),
	(496, 115, 340, 1),
	(497, 115, 166, 1),
	(498, 115, 291, 1),
	(499, 115, 1420, 1),
	(500, 115, 1421, 1),
	(501, 115, 238, 1),
	(502, 115, 239, 1),
	(503, 115, 547, 1),
	(504, 115, 1301, 1),
	(505, 115, 1311, 1),
	(506, 115, 307, 1),
	(507, 115, 308, 1),
	(508, 115, 306, 1),
	(509, 116, 379, 2),
	(510, 117, 1078, 2),
	(511, 118, 1293, 1),
	(512, 118, 1295, 1),
	(513, 118, 1296, 1),
	(514, 119, 1232, 1),
	(515, 120, 1136, 1),
	(516, 120, 1142, 1),
	(517, 120, 1144, 1),
	(518, 120, 1150, 1),
	(519, 120, 1153, 1),
	(520, 120, 1389, 1),
	(521, 120, 378, 2),
	(522, 120, 379, 2),
	(523, 120, 380, 2),
	(524, 120, 381, 2),
	(525, 120, 382, 2),
	(526, 120, 376, 2),
	(527, 120, 377, 2),
	(528, 120, 1368, 1),
	(529, 120, 1370, 1),
	(530, 120, 1338, 1),
	(531, 120, 1355, 1),
	(532, 120, 517, 2),
	(533, 120, 1052, 1),
	(534, 120, 1055, 1),
	(535, 120, 1063, 1),
	(536, 120, 1066, 1),
	(537, 120, 1076, 1),
	(538, 120, 1080, 1),
	(539, 120, 1082, 1),
	(540, 120, 1086, 1),
	(541, 120, 1089, 1),
	(542, 120, 1094, 1),
	(543, 120, 1399, 1),
	(544, 120, 1401, 1),
	(545, 120, 1408, 1),
	(546, 120, 1204, 1),
	(547, 120, 1110, 1),
	(548, 120, 1113, 1),
	(549, 120, 858, 2),
	(550, 120, 1233, 1),
	(551, 120, 1253, 1),
	(552, 120, 346, 1),
	(553, 120, 345, 1),
	(554, 121, 303, 18),
	(555, 122, 303, 18),
	(556, 123, 592, 1),
	(557, 123, 1274, 1),
	(558, 123, 542, 1),
	(559, 123, 855, 1),
	(560, 123, 544, 1),
	(561, 123, 2206, 1),
	(562, 123, 546, 1),
	(563, 123, 552, 1),
	(564, 123, 559, 1),
	(565, 123, 827, 1),
	(566, 123, 825, 1),
	(567, 123, 1305, 1),
	(568, 123, 1276, 1),
	(569, 123, 867, 1),
	(570, 123, 1306, 1),
	(571, 123, 2186, 1),
	(572, 123, 2192, 1),
	(573, 123, 1350, 1),
	(574, 123, 784, 1),
	(575, 123, 785, 1),
	(576, 123, 1359, 1),
	(577, 123, 1361, 1),
	(578, 123, 1345, 1),
	(579, 123, 1364, 1),
	(580, 123, 294, 1),
	(581, 123, 295, 1),
	(582, 123, 751, 1),
	(583, 123, 1382, 1),
	(584, 123, 475, 1),
	(585, 123, 399, 1),
	(586, 123, 454, 1),
	(587, 123, 759, 1),
	(588, 123, 1405, 1),
	(589, 123, 1407, 1),
	(590, 123, 1410, 1),
	(591, 123, 425, 1),
	(592, 123, 427, 1),
	(593, 124, 1137, 1),
	(594, 124, 1142, 1),
	(595, 124, 1146, 1),
	(596, 124, 932, 1),
	(597, 124, 933, 1),
	(598, 124, 936, 1),
	(599, 124, 958, 2),
	(600, 124, 964, 1),
	(601, 124, 965, 1),
	(602, 124, 978, 1),
	(603, 124, 981, 1),
	(604, 124, 985, 1),
	(605, 124, 992, 1),
	(606, 124, 1214, 1),
	(607, 124, 1073, 1),
	(608, 124, 1075, 1),
	(609, 124, 1076, 1),
	(610, 124, 1148, 2),
	(611, 124, 1151, 2),
	(612, 124, 1153, 2),
	(613, 124, 1084, 1),
	(614, 124, 1085, 1),
	(615, 124, 1192, 1),
	(616, 124, 1193, 2),
	(617, 124, 1200, 1),
	(618, 124, 1162, 1),
	(619, 124, 1110, 1),
	(620, 124, 1166, 1),
	(621, 124, 1177, 1),
	(622, 124, 1232, 1),
	(623, 124, 1237, 1),
	(624, 124, 1239, 1),
	(625, 125, 303, 150),
	(626, 126, 517, 2),
	(627, 126, 378, 2),
	(628, 126, 379, 2),
	(629, 126, 380, 2),
	(630, 126, 381, 2),
	(631, 126, 382, 2),
	(632, 126, 376, 2),
	(633, 126, 377, 2),
	(634, 127, 555, 1),
	(635, 127, 809, 1),
	(636, 127, 558, 1),
	(637, 127, 846, 1),
	(638, 127, 848, 1),
	(639, 127, 600, 1),
	(640, 127, 304, 1),
	(641, 127, 305, 1),
	(642, 127, 306, 1),
	(643, 127, 307, 1),
	(644, 127, 308, 1),
	(645, 127, 517, 3),
	(646, 127, 858, 2),
	(647, 127, 378, 1),
	(648, 127, 379, 1),
	(649, 127, 380, 1),
	(650, 127, 381, 1),
	(651, 127, 382, 1),
	(652, 127, 959, 1),
	(653, 127, 501, 1),
	(654, 127, 506, 1),
	(655, 127, 399, 1),
	(656, 127, 1207, 1),
	(657, 127, 1214, 1),
	(658, 127, 1460, 1),
	(659, 127, 1157, 1),
	(660, 127, 1466, 1),
	(661, 127, 480, 1),
	(662, 127, 479, 1),
	(663, 127, 473, 1),
	(664, 127, 477, 1),
	(665, 127, 452, 1),
	(666, 127, 458, 1),
	(667, 127, 456, 1),
	(668, 127, 425, 1),
	(669, 127, 426, 1),
	(670, 127, 463, 1),
	(671, 128, 303, 25),
	(672, 129, 2207, 1),
	(673, 129, 2208, 1),
	(674, 129, 2211, 1),
	(675, 129, 2213, 1),
	(676, 129, 2214, 1),
	(677, 129, 2215, 1),
	(678, 129, 2217, 1),
	(679, 129, 2218, 1),
	(680, 129, 2219, 1),
	(681, 129, 2220, 1),
	(682, 129, 2221, 1),
	(683, 129, 2222, 1),
	(684, 129, 2223, 1),
	(685, 129, 2224, 1),
	(686, 129, 2225, 1),
	(687, 129, 2226, 1),
	(688, 129, 2227, 1),
	(689, 129, 2228, 1),
	(690, 129, 2229, 1),
	(691, 129, 2231, 1),
	(692, 129, 2233, 1),
	(693, 129, 2234, 1),
	(694, 129, 2235, 1),
	(695, 129, 2237, 1),
	(696, 129, 2238, 1),
	(697, 129, 2239, 1),
	(698, 130, 2207, 1),
	(699, 130, 2210, 1),
	(700, 130, 2211, 1),
	(701, 130, 2213, 1),
	(702, 130, 2215, 1),
	(703, 130, 2218, 1),
	(704, 130, 2220, 1),
	(705, 130, 2224, 1),
	(706, 130, 2225, 1),
	(707, 130, 2226, 1),
	(708, 130, 2227, 1),
	(709, 130, 2232, 1),
	(710, 130, 2235, 1),
	(711, 130, 2238, 1),
	(712, 130, 388, 1),
	(713, 130, 387, 1),
	(714, 130, 1290, 1),
	(715, 130, 1292, 2),
	(716, 130, 1429, 2),
	(717, 130, 1444, 1),
	(718, 130, 1445, 1),
	(719, 130, 1448, 1),
	(720, 130, 1375, 1),
	(721, 130, 925, 1),
	(722, 130, 1005, 1),
	(723, 130, 1054, 1),
	(724, 130, 1061, 1),
	(725, 130, 1231, 1),
	(726, 130, 285, 1),
	(727, 130, 210, 1),
	(728, 130, 310, 1),
	(729, 130, 319, 1),
	(730, 130, 1427, 1),
	(731, 130, 2204, 1),
	(732, 130, 1062, 1),
	(733, 130, 1080, 1),
	(734, 130, 1082, 1),
	(735, 130, 1093, 1),
	(736, 130, 1190, 1),
	(737, 130, 380, 1),
	(738, 130, 382, 1),
	(739, 130, 377, 1),
	(740, 130, 480, 1),
	(741, 130, 1257, 1),
	(742, 130, 1015, 1),
	(743, 130, 742, 1),
	(744, 131, 2209, 1),
	(745, 131, 2212, 1),
	(746, 131, 2215, 1),
	(747, 131, 2216, 1),
	(748, 131, 2218, 1),
	(749, 131, 2217, 1),
	(750, 131, 2220, 1),
	(751, 131, 2225, 1),
	(752, 131, 2224, 1),
	(753, 131, 2232, 1),
	(754, 131, 2235, 1),
	(755, 131, 2237, 1),
	(756, 132, 2210, 1),
	(757, 132, 2209, 1),
	(758, 132, 2212, 1),
	(759, 132, 2214, 1),
	(760, 132, 2215, 1),
	(761, 132, 2220, 1),
	(762, 132, 2226, 1),
	(763, 132, 2233, 1),
	(764, 132, 2235, 1),
	(765, 133, 2211, 1),
	(766, 133, 2215, 1),
	(767, 133, 2218, 1),
	(768, 133, 2220, 1),
	(769, 133, 2236, 1),
	(770, 133, 2232, 1),
	(771, 134, 2208, 1),
	(772, 134, 2215, 1),
	(773, 134, 2218, 1),
	(774, 134, 2220, 1),
	(775, 134, 2221, 1),
	(776, 134, 2232, 1),
	(777, 135, 2208, 1),
	(778, 135, 2220, 1),
	(779, 135, 2239, 1),
	(780, 135, 2214, 1),
	(781, 135, 1525, 2),
	(782, 135, 1527, 2),
	(783, 135, 1529, 2),
	(784, 135, 1533, 2),
	(785, 135, 1534, 2),
	(786, 135, 1287, 3),
	(787, 135, 1288, 2),
	(788, 135, 490, 2),
	(789, 135, 798, 2),
	(790, 135, 864, 2),
	(791, 135, 865, 2),
	(792, 135, 1290, 2),
	(793, 135, 1293, 2),
	(794, 135, 1372, 2),
	(795, 135, 1449, 2),
	(796, 135, 1450, 2),
	(797, 135, 1451, 2),
	(798, 135, 1452, 2),
	(799, 135, 1543, 2),
	(800, 136, 590, 1),
	(801, 136, 1269, 1),
	(802, 136, 591, 1),
	(803, 136, 1275, 1),
	(804, 136, 1312, 1),
	(805, 136, 1313, 1),
	(806, 136, 1314, 1),
	(807, 136, 595, 1),
	(808, 136, 1338, 1),
	(809, 136, 1339, 1),
	(810, 136, 893, 1),
	(811, 136, 1350, 1),
	(812, 136, 785, 1),
	(813, 136, 888, 1),
	(814, 136, 1369, 1),
	(815, 136, 532, 5),
	(816, 136, 349, 6),
	(817, 136, 344, 3),
	(818, 136, 351, 3),
	(819, 136, 358, 2),
	(820, 136, 350, 2),
	(821, 136, 347, 1),
	(822, 136, 359, 2),
	(823, 136, 1440, 5),
	(824, 136, 1439, 1),
	(825, 136, 348, 3),
	(826, 136, 362, 2),
	(827, 136, 163, 2),
	(828, 136, 527, 3),
	(829, 136, 525, 3),
	(830, 136, 1441, 2),
	(831, 137, 1071, 1),
	(832, 138, 553, 1),
	(833, 138, 560, 1),
	(834, 138, 562, 1),
	(835, 138, 714, 1),
	(836, 138, 789, 1),
	(837, 138, 1318, 1),
	(838, 138, 710, 1),
	(839, 138, 818, 1),
	(840, 138, 822, 1),
	(841, 138, 575, 1),
	(842, 138, 825, 1),
	(843, 138, 836, 1),
	(844, 138, 773, 1),
	(845, 138, 841, 1),
	(846, 138, 1310, 1),
	(847, 138, 1018, 1),
	(848, 138, 1020, 1),
	(849, 138, 1021, 1),
	(850, 138, 1023, 1),
	(851, 138, 1047, 1),
	(852, 138, 1048, 1),
	(853, 138, 894, 1),
	(854, 138, 896, 1),
	(855, 138, 1256, 1),
	(856, 138, 1258, 1),
	(857, 138, 1266, 2),
	(858, 138, 1267, 2),
	(859, 138, 898, 2),
	(860, 138, 413, 1),
	(861, 138, 423, 1),
	(862, 138, 415, 1),
	(863, 138, 421, 1),
	(864, 138, 519, 1),
	(865, 138, 418, 1),
	(866, 138, 422, 1),
	(867, 138, 419, 1),
	(868, 138, 411, 1),
	(869, 138, 412, 1),
	(870, 138, 414, 1),
	(871, 138, 420, 1),
	(872, 138, 858, 2),
	(873, 138, 806, 2),
	(874, 138, 807, 2),
	(875, 138, 808, 2),
	(876, 138, 862, 2),
	(877, 139, 303, 12),
	(878, 140, 303, 18),
	(879, 141, 1138, 1),
	(880, 141, 1139, 1),
	(881, 141, 1141, 2),
	(882, 141, 1146, 2),
	(883, 141, 965, 2),
	(884, 141, 1004, 2),
	(885, 141, 998, 2),
	(886, 141, 1006, 1),
	(887, 141, 1078, 2),
	(888, 141, 1084, 2),
	(889, 141, 1085, 2),
	(890, 141, 1086, 2),
	(891, 141, 1087, 2),
	(892, 141, 1088, 2),
	(893, 141, 1089, 2),
	(894, 141, 1071, 2),
	(895, 141, 1156, 3),
	(896, 141, 1233, 2),
	(897, 141, 1234, 1),
	(898, 141, 1235, 2),
	(899, 141, 1239, 2),
	(900, 141, 1241, 1),
	(901, 141, 1242, 1),
	(902, 141, 1243, 2),
	(903, 141, 1246, 1),
	(904, 141, 1251, 2),
	(905, 141, 1253, 2),
	(906, 141, 1254, 2),
	(907, 142, 1247, 1),
	(908, 142, 1248, 1),
	(909, 143, 395, 2),
	(910, 143, 753, 1),
	(911, 143, 754, 1),
	(912, 143, 756, 1),
	(913, 143, 757, 1),
	(914, 143, 1460, 1),
	(915, 143, 1461, 2),
	(916, 143, 1389, 3),
	(917, 143, 1390, 4),
	(918, 143, 1391, 4),
	(919, 143, 1396, 4),
	(920, 143, 1465, 1),
	(921, 143, 1466, 1),
	(922, 143, 1470, 2),
	(923, 143, 380, 3),
	(924, 143, 381, 3),
	(925, 143, 382, 3),
	(926, 143, 428, 2),
	(927, 143, 755, 1),
	(928, 144, 906, 1),
	(929, 145, 1291, 4),
	(930, 146, 303, 26),
	(931, 147, 2240, 1),
	(932, 147, 2241, 1),
	(933, 147, 2242, 1),
	(934, 147, 2244, 1),
	(935, 147, 2246, 1),
	(936, 147, 2247, 1),
	(937, 147, 2248, 1),
	(938, 147, 2250, 1),
	(939, 147, 2253, 1),
	(940, 147, 2255, 1),
	(941, 147, 2257, 1),
	(942, 147, 2258, 1),
	(943, 147, 2259, 1),
	(944, 147, 2280, 1),
	(945, 147, 2282, 1),
	(946, 147, 2285, 1),
	(947, 147, 2286, 1),
	(948, 147, 2289, 1),
	(949, 147, 2290, 1),
	(950, 147, 2261, 1),
	(951, 147, 2262, 1),
	(952, 147, 2264, 1),
	(953, 147, 2266, 1),
	(954, 147, 2268, 1),
	(955, 147, 2269, 1),
	(956, 147, 2270, 1),
	(957, 147, 2271, 1),
	(958, 147, 2272, 1),
	(959, 147, 2273, 1),
	(960, 147, 2275, 1),
	(961, 147, 2276, 1),
	(962, 147, 2277, 1),
	(963, 147, 2279, 1),
	(964, 147, 2292, 1),
	(965, 147, 2293, 1),
	(966, 147, 2294, 1),
	(967, 147, 2296, 1),
	(968, 147, 2297, 1),
	(969, 147, 2298, 1),
	(970, 147, 2299, 1),
	(971, 148, 2243, 1),
	(972, 148, 2245, 1),
	(973, 148, 2249, 1),
	(974, 148, 2251, 1),
	(975, 148, 2254, 1),
	(976, 148, 2256, 1),
	(977, 148, 2283, 1),
	(978, 148, 2287, 1),
	(979, 148, 2288, 1),
	(980, 148, 2291, 1),
	(981, 148, 2260, 1),
	(982, 148, 2263, 1),
	(983, 148, 2265, 1),
	(984, 148, 2267, 1),
	(985, 148, 2274, 1),
	(986, 148, 2278, 1),
	(987, 148, 2292, 1),
	(988, 148, 2295, 1),
	(989, 148, 2296, 1),
	(990, 148, 2299, 1),
	(991, 149, 878, 2),
	(992, 150, 2240, 1),
	(993, 150, 2243, 1),
	(994, 150, 2246, 1),
	(995, 150, 2247, 1),
	(996, 150, 2250, 1),
	(997, 150, 2258, 1),
	(998, 150, 2252, 1),
	(999, 150, 2259, 1),
	(1000, 150, 2281, 1),
	(1001, 150, 2284, 1),
	(1002, 150, 2262, 1),
	(1003, 150, 2268, 1),
	(1004, 150, 2271, 1),
	(1005, 150, 2274, 1),
	(1006, 150, 2277, 1),
	(1007, 150, 2295, 1),
	(1008, 150, 2289, 1),
	(1009, 151, 2254, 1),
	(1010, 151, 2241, 1),
	(1011, 151, 2249, 1),
	(1012, 151, 2257, 1),
	(1013, 151, 2281, 1),
	(1014, 151, 2283, 1),
	(1015, 151, 2286, 1),
	(1016, 151, 2287, 1),
	(1017, 151, 2288, 1),
	(1018, 151, 2290, 1),
	(1019, 151, 2261, 1),
	(1020, 151, 2264, 1),
	(1021, 151, 2267, 1),
	(1022, 151, 2272, 1),
	(1023, 151, 2275, 1),
	(1024, 151, 2279, 1),
	(1025, 151, 1380, 2),
	(1026, 151, 1381, 2),
	(1027, 151, 1017, 1),
	(1028, 151, 1025, 1),
	(1029, 151, 1036, 1),
	(1030, 151, 1046, 1),
	(1031, 151, 1047, 1),
	(1032, 151, 2179, 1),
	(1033, 151, 2177, 1),
	(1034, 152, 2244, 1),
	(1035, 152, 2242, 1),
	(1036, 152, 2251, 1),
	(1037, 152, 2253, 1),
	(1038, 152, 2256, 1),
	(1039, 152, 2280, 1),
	(1040, 152, 2284, 1),
	(1041, 152, 2291, 1),
	(1042, 152, 2260, 1),
	(1043, 152, 2266, 1),
	(1044, 152, 2269, 1),
	(1045, 152, 2270, 1),
	(1046, 152, 2273, 1),
	(1047, 152, 2278, 1),
	(1048, 153, 2255, 1),
	(1049, 153, 2248, 1),
	(1050, 153, 2245, 1),
	(1051, 153, 2282, 1),
	(1052, 153, 2285, 1),
	(1053, 153, 2263, 1),
	(1054, 153, 2264, 1),
	(1055, 153, 2268, 1),
	(1056, 153, 2276, 1),
	(1057, 153, 2297, 1),
	(1058, 153, 2293, 1),
	(1059, 154, 2334, 2),
	(1060, 154, 1288, 1),
	(1061, 154, 2306, 4),
	(1062, 154, 2307, 2),
	(1063, 154, 2308, 2),
	(1064, 154, 1297, 2),
	(1065, 154, 2309, 6),
	(1066, 154, 2310, 2),
	(1067, 154, 2311, 5),
	(1068, 154, 2312, 3),
	(1069, 154, 2313, 3),
	(1070, 154, 2316, 3),
	(1071, 154, 2317, 1),
	(1072, 154, 2318, 2),
	(1073, 154, 2319, 4),
	(1074, 154, 384, 4),
	(1075, 154, 383, 2),
	(1076, 154, 2320, 1),
	(1077, 154, 2322, 1),
	(1078, 154, 2325, 4),
	(1079, 154, 2326, 2),
	(1080, 154, 2300, 2),
	(1081, 154, 1429, 9),
	(1082, 154, 2301, 3),
	(1083, 154, 2302, 3),
	(1084, 154, 2303, 3),
	(1085, 154, 2304, 3),
	(1086, 154, 2305, 3),
	(1087, 154, 2329, 3),
	(1088, 154, 2330, 3),
	(1089, 154, 2331, 3),
	(1090, 154, 2332, 3),
	(1091, 154, 2333, 3),
	(1092, 154, 2327, 2),
	(1093, 154, 2328, 5),
	(1094, 155, 303, 100),
	(1095, 156, 1285, 1),
	(1096, 156, 1286, 1),
	(1097, 156, 386, 1),
	(1098, 156, 1297, 1),
	(1099, 156, 1298, 1),
	(1100, 156, 2309, 2),
	(1101, 156, 2311, 2),
	(1102, 156, 368, 1),
	(1103, 156, 2319, 1),
	(1104, 156, 383, 1),
	(1105, 156, 389, 1),
	(1106, 156, 488, 1),
	(1107, 156, 387, 1),
	(1108, 156, 2321, 1),
	(1109, 156, 1337, 1),
	(1110, 156, 794, 1),
	(1111, 156, 793, 1),
	(1112, 156, 865, 1),
	(1113, 156, 1290, 1),
	(1114, 156, 1292, 1),
	(1115, 156, 873, 1),
	(1116, 156, 875, 1),
	(1117, 156, 868, 1),
	(1118, 156, 869, 1),
	(1119, 156, 878, 1),
	(1120, 156, 1294, 1),
	(1121, 156, 1295, 1),
	(1122, 156, 1296, 1),
	(1123, 156, 1539, 1),
	(1124, 156, 1540, 1),
	(1125, 156, 1542, 1),
	(1126, 156, 1429, 1),
	(1127, 156, 1444, 1),
	(1128, 156, 1446, 1),
	(1129, 156, 1447, 1),
	(1130, 156, 1448, 1),
	(1131, 156, 1449, 1),
	(1132, 156, 1450, 1),
	(1133, 156, 2301, 1),
	(1134, 156, 2302, 1),
	(1135, 156, 2303, 1),
	(1136, 156, 2304, 1),
	(1137, 156, 2305, 1),
	(1138, 156, 2329, 1),
	(1139, 156, 2330, 1),
	(1140, 156, 2331, 1),
	(1141, 156, 2332, 1),
	(1142, 156, 2333, 1),
	(1143, 157, 1285, 1),
	(1144, 157, 1286, 1),
	(1145, 157, 386, 1),
	(1146, 157, 1298, 1),
	(1147, 157, 1299, 1),
	(1148, 157, 365, 1),
	(1149, 157, 749, 1),
	(1150, 157, 2309, 1),
	(1151, 157, 2311, 1),
	(1152, 157, 368, 1),
	(1153, 157, 384, 1),
	(1154, 157, 389, 1),
	(1155, 157, 488, 1),
	(1156, 157, 2321, 1),
	(1157, 157, 794, 1),
	(1158, 157, 793, 1),
	(1159, 157, 865, 1),
	(1160, 157, 1290, 1),
	(1161, 157, 873, 1),
	(1162, 157, 874, 1),
	(1163, 157, 869, 1),
	(1164, 157, 1294, 1),
	(1165, 157, 1295, 1),
	(1166, 157, 1372, 1),
	(1167, 157, 1373, 1),
	(1168, 157, 1540, 1),
	(1169, 157, 1541, 1),
	(1170, 157, 1429, 2),
	(1171, 157, 1444, 1),
	(1172, 157, 1447, 1),
	(1173, 157, 1449, 1),
	(1174, 157, 1452, 1),
	(1175, 157, 1543, 1),
	(1176, 157, 2302, 1),
	(1177, 157, 2303, 1),
	(1178, 157, 2304, 1),
	(1179, 157, 2331, 1),
	(1180, 157, 2332, 1),
	(1181, 157, 2333, 1),
	(1182, 158, 2334, 1),
	(1183, 158, 1297, 1),
	(1184, 158, 1298, 1),
	(1185, 158, 1299, 1),
	(1186, 158, 364, 1),
	(1187, 158, 2309, 1),
	(1188, 158, 2311, 1),
	(1189, 158, 369, 1),
	(1190, 158, 2319, 1),
	(1191, 158, 387, 1),
	(1192, 158, 2321, 2),
	(1193, 158, 2324, 1),
	(1194, 158, 796, 1),
	(1195, 158, 800, 1),
	(1196, 158, 799, 1),
	(1197, 158, 1337, 1),
	(1198, 158, 865, 1),
	(1199, 158, 1290, 1),
	(1200, 158, 1292, 1),
	(1201, 158, 873, 1),
	(1202, 158, 875, 1),
	(1203, 158, 868, 1),
	(1204, 158, 876, 1),
	(1205, 158, 869, 1),
	(1206, 158, 870, 1),
	(1207, 158, 872, 1),
	(1208, 158, 878, 1),
	(1209, 158, 1372, 1),
	(1210, 158, 1429, 1),
	(1211, 158, 1444, 1),
	(1212, 158, 1445, 1),
	(1213, 158, 1447, 1),
	(1214, 158, 1448, 1),
	(1215, 158, 1449, 1),
	(1216, 158, 1452, 1),
	(1217, 158, 2301, 1),
	(1218, 158, 2302, 1),
	(1219, 158, 2303, 1),
	(1220, 158, 2304, 1),
	(1221, 158, 2305, 1),
	(1222, 158, 2330, 1),
	(1223, 158, 2332, 1),
	(1224, 159, 1285, 1),
	(1225, 159, 2334, 1),
	(1226, 159, 1287, 1),
	(1227, 159, 1298, 1),
	(1228, 159, 1299, 1),
	(1229, 159, 384, 1),
	(1230, 159, 488, 1),
	(1231, 159, 387, 1),
	(1232, 159, 796, 1),
	(1233, 159, 1337, 1),
	(1234, 159, 865, 1),
	(1235, 159, 1290, 2),
	(1236, 159, 873, 2),
	(1237, 159, 874, 1),
	(1238, 159, 869, 2),
	(1239, 159, 872, 1),
	(1240, 159, 878, 1),
	(1241, 159, 1294, 1),
	(1242, 159, 1295, 1),
	(1243, 159, 1296, 1),
	(1244, 159, 1374, 1),
	(1245, 159, 1429, 2),
	(1246, 159, 1449, 2),
	(1247, 159, 1450, 1),
	(1248, 159, 1451, 1),
	(1249, 159, 1452, 2),
	(1250, 159, 1543, 2),
	(1251, 159, 2301, 1),
	(1252, 159, 2302, 1),
	(1253, 159, 2303, 1),
	(1254, 159, 2304, 1),
	(1255, 159, 2305, 1),
	(1256, 159, 2329, 1),
	(1257, 159, 2330, 1),
	(1258, 159, 2331, 1),
	(1259, 159, 2332, 1),
	(1260, 159, 2333, 1),
	(1261, 160, 571, 1),
	(1262, 160, 1377, 1),
	(1263, 160, 1136, 1),
	(1264, 160, 1381, 1),
	(1265, 160, 1034, 1),
	(1266, 160, 492, 1),
	(1267, 160, 495, 1),
	(1268, 160, 496, 1),
	(1269, 160, 498, 1),
	(1270, 160, 500, 1),
	(1271, 160, 503, 1),
	(1272, 160, 943, 1),
	(1273, 160, 517, 1),
	(1274, 160, 454, 1),
	(1275, 160, 475, 1),
	(1276, 160, 610, 1),
	(1277, 160, 635, 1),
	(1278, 160, 670, 1),
	(1279, 160, 680, 1),
	(1280, 160, 688, 1),
	(1281, 160, 692, 1),
	(1282, 160, 696, 1),
	(1283, 160, 700, 1),
	(1284, 160, 702, 1),
	(1285, 160, 1052, 1),
	(1286, 160, 1212, 1),
	(1287, 160, 1220, 1),
	(1288, 160, 1223, 1),
	(1289, 160, 754, 1),
	(1290, 160, 431, 1),
	(1291, 160, 445, 1),
	(1292, 160, 432, 1),
	(1293, 160, 397, 1),
	(1294, 160, 403, 1),
	(1295, 160, 1071, 1),
	(1296, 160, 1096, 1),
	(1297, 160, 1384, 1),
	(1298, 160, 1390, 1),
	(1299, 160, 1403, 1),
	(1300, 160, 1464, 1),
	(1301, 160, 380, 2),
	(1302, 160, 377, 1),
	(1303, 160, 860, 1),
	(1304, 160, 807, 1),
	(1305, 160, 803, 1),
	(1306, 160, 178, 1),
	(1307, 160, 531, 1),
	(1308, 160, 241, 1),
	(1309, 160, 1122, 1),
	(1310, 160, 421, 1),
	(1311, 160, 414, 1),
	(1312, 160, 452, 1),
	(1313, 160, 484, 1),
	(1314, 160, 1241, 1),
	(1315, 160, 767, 1),
	(1316, 160, 2193, 1),
	(1317, 160, 735, 1),
	(1318, 160, 722, 1),
	(1319, 160, 736, 1),
	(1320, 161, 386, 1),
	(1321, 161, 1297, 1),
	(1322, 161, 1298, 1),
	(1323, 161, 1299, 1),
	(1324, 161, 385, 1),
	(1325, 161, 365, 1),
	(1326, 161, 749, 1),
	(1327, 161, 2309, 2),
	(1328, 161, 2311, 1),
	(1329, 161, 363, 1),
	(1330, 161, 368, 1),
	(1331, 161, 2319, 1),
	(1332, 161, 384, 1),
	(1333, 161, 389, 2),
	(1334, 161, 488, 2),
	(1335, 161, 387, 1),
	(1336, 161, 2321, 1),
	(1337, 161, 796, 1),
	(1338, 161, 800, 1),
	(1339, 161, 799, 1),
	(1340, 161, 1337, 2),
	(1341, 161, 793, 1),
	(1342, 161, 795, 1),
	(1343, 161, 865, 1),
	(1344, 161, 1290, 2),
	(1345, 161, 1292, 2),
	(1346, 161, 873, 2),
	(1347, 161, 874, 1),
	(1348, 161, 876, 1),
	(1349, 161, 870, 1),
	(1350, 161, 877, 1),
	(1351, 161, 871, 1),
	(1352, 161, 1293, 1),
	(1353, 161, 1294, 1),
	(1354, 161, 1295, 1),
	(1355, 161, 1296, 1),
	(1356, 161, 1373, 1),
	(1357, 161, 1539, 1),
	(1358, 161, 1540, 1),
	(1359, 161, 1541, 1),
	(1360, 161, 1542, 1),
	(1361, 161, 1429, 1),
	(1362, 161, 1444, 1),
	(1363, 161, 1445, 1),
	(1364, 161, 1446, 1),
	(1365, 161, 1448, 1),
	(1366, 161, 1449, 1),
	(1367, 161, 1450, 1),
	(1368, 161, 1452, 1),
	(1369, 161, 1543, 1),
	(1370, 161, 2301, 1),
	(1371, 161, 2302, 1),
	(1372, 161, 2303, 1),
	(1373, 161, 2304, 1),
	(1374, 161, 2305, 1),
	(1375, 161, 2329, 1),
	(1376, 161, 2330, 1),
	(1377, 161, 2331, 1),
	(1378, 161, 2332, 2),
	(1379, 161, 2333, 1),
	(1380, 161, 1538, 1),
	(1381, 162, 601, 1),
	(1382, 162, 608, 1),
	(1383, 162, 616, 1),
	(1384, 162, 635, 1),
	(1385, 162, 653, 1),
	(1386, 162, 669, 1),
	(1387, 162, 671, 1),
	(1388, 162, 680, 1),
	(1389, 162, 681, 1),
	(1390, 162, 685, 1),
	(1391, 162, 686, 1),
	(1392, 162, 689, 1),
	(1393, 162, 690, 1),
	(1394, 162, 692, 1),
	(1395, 162, 695, 1),
	(1396, 162, 700, 1),
	(1397, 162, 701, 1),
	(1398, 162, 1399, 2),
	(1399, 162, 1400, 2),
	(1400, 162, 1401, 2),
	(1401, 162, 1402, 2),
	(1402, 163, 2351, 1),
	(1403, 163, 2352, 1),
	(1404, 163, 2353, 1),
	(1405, 163, 2354, 1),
	(1406, 163, 2355, 1),
	(1407, 163, 2356, 1),
	(1408, 163, 2357, 1),
	(1409, 163, 2358, 1),
	(1410, 163, 2359, 1),
	(1411, 164, 303, 24),
	(1412, 165, 964, 2),
	(1413, 165, 965, 1),
	(1414, 165, 1004, 2),
	(1415, 166, 2361, 1),
	(1416, 166, 2362, 1),
	(1417, 166, 2363, 1),
	(1418, 166, 2365, 1),
	(1419, 166, 2366, 1),
	(1420, 166, 2367, 1),
	(1421, 166, 2368, 1),
	(1422, 166, 2369, 1),
	(1423, 166, 2371, 1),
	(1424, 166, 2373, 1),
	(1425, 166, 2374, 1),
	(1426, 166, 2375, 1),
	(1427, 166, 2376, 1),
	(1428, 166, 2377, 1),
	(1429, 166, 2378, 1),
	(1430, 166, 2379, 1),
	(1431, 166, 2380, 1),
	(1432, 166, 2381, 1),
	(1433, 166, 2336, 1),
	(1434, 166, 2337, 1),
	(1435, 166, 2338, 1),
	(1436, 166, 2339, 1),
	(1437, 166, 2341, 1),
	(1438, 166, 2342, 1),
	(1439, 166, 2343, 1),
	(1440, 166, 2345, 1),
	(1441, 166, 2348, 1),
	(1442, 166, 2350, 1),
	(1443, 166, 2360, 1),
	(1444, 167, 2372, 1),
	(1445, 167, 2381, 1),
	(1446, 167, 2335, 1),
	(1447, 167, 2341, 1),
	(1448, 167, 2344, 1),
	(1449, 167, 2347, 1),
	(1450, 168, 2373, 1),
	(1451, 168, 2335, 1),
	(1452, 168, 2346, 1),
	(1453, 168, 2349, 1),
	(1454, 169, 2375, 1),
	(1455, 169, 2380, 1),
	(1456, 169, 2339, 1),
	(1457, 169, 2347, 1),
	(1458, 169, 2349, 1),
	(1459, 169, 2352, 1),
	(1460, 169, 2353, 1),
	(1461, 170, 2374, 1),
	(1462, 170, 2372, 1),
	(1463, 170, 2376, 1),
	(1464, 170, 2359, 1),
	(1465, 170, 2354, 1),
	(1466, 170, 2355, 1),
	(1467, 170, 2336, 1),
	(1468, 170, 2338, 1),
	(1469, 170, 2340, 1),
	(1470, 170, 2345, 1),
	(1471, 170, 2350, 1),
	(1472, 171, 2364, 1),
	(1473, 171, 2366, 1),
	(1474, 171, 2370, 1),
	(1475, 171, 2373, 1),
	(1476, 171, 2374, 1),
	(1477, 171, 2376, 1),
	(1478, 171, 2379, 1),
	(1479, 171, 2337, 1),
	(1480, 171, 2343, 1),
	(1481, 171, 2348, 1),
	(1482, 171, 2351, 1),
	(1483, 171, 2357, 1),
	(1484, 172, 303, 24),
	(1485, 173, 943, 2),
	(1486, 174, 303, 24),
	(1487, 175, 1053, 1),
	(1488, 175, 1057, 1),
	(1489, 175, 1065, 1),
	(1490, 175, 1069, 1),
	(1491, 175, 1071, 1),
	(1492, 175, 1072, 1),
	(1493, 175, 1076, 1),
	(1494, 175, 1081, 1),
	(1495, 175, 1083, 1),
	(1496, 175, 1086, 1),
	(1497, 175, 1091, 1),
	(1498, 175, 1094, 1),
	(1499, 175, 1402, 1),
	(1500, 175, 1406, 1),
	(1501, 175, 1407, 1),
	(1502, 175, 1204, 1),
	(1503, 175, 1113, 1),
	(1504, 175, 1116, 1),
	(1505, 175, 1248, 1),
	(1506, 176, 2237, 1),
	(1507, 177, 303, 200),
	(1508, 178, 536, 1),
	(1509, 179, 2368, 2),
	(1510, 180, 2236, 1),
	(1511, 181, 973, 3),
	(1512, 182, 795, 4),
	(1513, 183, 2382, 1),
	(1514, 183, 2383, 1),
	(1515, 183, 2385, 1),
	(1516, 183, 2386, 1),
	(1517, 183, 2387, 1),
	(1518, 183, 2388, 1),
	(1519, 183, 2389, 1),
	(1520, 183, 2390, 1),
	(1521, 183, 2391, 1),
	(1522, 183, 2392, 1),
	(1523, 183, 2393, 1),
	(1524, 183, 2394, 1),
	(1525, 183, 2395, 1),
	(1526, 183, 2396, 1),
	(1527, 183, 2397, 1),
	(1528, 183, 2230, 1),
	(1529, 183, 2399, 1),
	(1530, 183, 2398, 1),
	(1531, 183, 2400, 1),
	(1532, 183, 2402, 1),
	(1533, 183, 2401, 1),
	(1534, 183, 786, 1),
	(1535, 183, 2194, 1),
	(1536, 183, 2195, 1),
	(1537, 183, 292, 1),
	(1538, 183, 373, 1),
	(1539, 183, 769, 1),
	(1540, 183, 903, 1),
	(1541, 183, 1414, 1),
	(1542, 183, 905, 1),
	(1543, 183, 1283, 1),
	(1544, 183, 909, 1),
	(1545, 183, 2196, 1),
	(1546, 183, 885, 1),
	(1547, 183, 886, 1),
	(1548, 183, 881, 1),
	(1549, 183, 887, 1),
	(1550, 183, 2201, 1),
	(1551, 183, 2200, 1),
	(1552, 183, 2197, 1),
	(1553, 183, 787, 1),
	(1554, 183, 884, 1),
	(1555, 184, 683, 1),
	(1556, 184, 684, 1),
	(1557, 184, 685, 1),
	(1558, 184, 686, 1),
	(1559, 184, 688, 1),
	(1560, 184, 689, 1),
	(1561, 184, 693, 1),
	(1562, 184, 694, 1),
	(1563, 184, 695, 1),
	(1564, 184, 696, 1),
	(1565, 184, 698, 1),
	(1566, 184, 699, 1),
	(1567, 184, 700, 1),
	(1568, 184, 701, 1),
	(1569, 184, 702, 1),
	(1570, 184, 703, 1),
	(1571, 184, 704, 1),
	(1572, 184, 321, 3),
	(1573, 184, 322, 3),
	(1574, 184, 320, 2),
	(1575, 184, 323, 2),
	(1576, 184, 324, 2),
	(1577, 184, 325, 2),
	(1578, 184, 310, 2),
	(1579, 184, 313, 2),
	(1580, 184, 314, 2),
	(1581, 184, 315, 2),
	(1582, 184, 316, 2),
	(1583, 184, 317, 1),
	(1584, 184, 318, 2),
	(1585, 184, 319, 2),
	(1586, 184, 311, 2),
	(1587, 184, 312, 2),
	(1588, 185, 2396, 0),
	(1589, 186, 345, 4),
	(1590, 186, 346, 4),
	(1591, 186, 344, 4),
	(1592, 186, 530, 2),
	(1593, 186, 531, 2),
	(1594, 186, 347, 2),
	(1595, 186, 353, 2),
	(1596, 186, 352, 2),
	(1597, 186, 245, 1),
	(1598, 186, 246, 1),
	(1599, 186, 177, 2),
	(1600, 186, 1437, 8),
	(1601, 186, 154, 7),
	(1602, 186, 160, 1),
	(1603, 186, 161, 1),
	(1604, 186, 162, 1),
	(1605, 186, 1439, 6),
	(1606, 186, 358, 6),
	(1607, 187, 303, 30),
	(1608, 188, 509, 2),
	(1609, 188, 510, 2),
	(1610, 188, 511, 2),
	(1611, 188, 1382, 3),
	(1612, 188, 1007, 1),
	(1613, 188, 1009, 1),
	(1614, 188, 1010, 1),
	(1615, 188, 1011, 1),
	(1616, 188, 1012, 1),
	(1617, 188, 517, 4),
	(1618, 188, 1052, 2),
	(1619, 188, 1053, 1),
	(1620, 188, 1054, 1),
	(1621, 188, 1055, 2),
	(1622, 188, 1056, 2),
	(1623, 188, 1057, 2),
	(1624, 188, 1061, 3),
	(1625, 188, 1399, 2),
	(1626, 188, 1400, 1),
	(1627, 188, 1401, 1),
	(1628, 188, 1402, 1),
	(1629, 188, 1403, 1),
	(1630, 188, 1404, 1),
	(1631, 188, 1405, 1),
	(1632, 188, 1406, 2),
	(1633, 188, 1407, 2),
	(1634, 188, 1408, 2),
	(1635, 188, 1409, 2),
	(1636, 188, 1410, 2),
	(1637, 188, 1201, 1),
	(1638, 188, 1202, 1),
	(1639, 188, 1203, 1),
	(1640, 188, 1204, 1),
	(1641, 188, 1108, 2),
	(1642, 188, 1109, 2),
	(1643, 188, 1110, 1),
	(1644, 188, 1111, 1),
	(1645, 188, 1112, 1),
	(1646, 188, 1113, 1),
	(1647, 188, 1114, 1),
	(1648, 188, 1116, 1),
	(1649, 188, 1248, 1),
	(1650, 189, 1062, 1),
	(1651, 189, 1063, 1),
	(1652, 189, 1064, 1),
	(1653, 189, 1065, 1),
	(1654, 189, 1066, 2),
	(1655, 189, 1067, 1),
	(1656, 189, 1068, 1),
	(1657, 189, 1069, 1),
	(1658, 189, 1072, 2),
	(1659, 189, 1073, 3),
	(1660, 189, 1075, 1),
	(1661, 189, 1076, 1),
	(1662, 189, 1077, 1),
	(1663, 189, 1080, 2),
	(1664, 189, 1081, 2),
	(1665, 189, 1082, 2),
	(1666, 189, 1083, 2),
	(1667, 189, 1085, 2),
	(1668, 189, 1086, 2),
	(1669, 189, 1087, 2),
	(1670, 189, 1090, 3),
	(1671, 189, 1091, 3),
	(1672, 189, 1093, 2),
	(1673, 189, 1094, 2),
	(1674, 189, 859, 2),
	(1675, 189, 860, 2),
	(1676, 189, 806, 2),
	(1677, 189, 807, 2),
	(1678, 189, 808, 2),
	(1679, 189, 861, 2),
	(1680, 189, 862, 2),
	(1681, 189, 863, 2),
	(1682, 189, 307, 2),
	(1683, 189, 308, 2),
	(1684, 189, 239, 1),
	(1685, 189, 1419, 1),
	(1686, 190, 2387, 1),
	(1687, 190, 2396, 1),
	(1688, 190, 2398, 1),
	(1689, 190, 2401, 1),
	(1690, 191, 2363, 2),
	(1691, 191, 2365, 2),
	(1692, 192, 2387, 1),
	(1693, 192, 2392, 1),
	(1694, 192, 2395, 1),
	(1695, 192, 2399, 1),
	(1696, 192, 2402, 1),
	(1697, 193, 303, 24),
	(1698, 194, 2397, 1),
	(1699, 194, 2399, 1),
	(1700, 194, 2402, 1),
	(1701, 194, 517, 3),
	(1702, 195, 303, 14),
	(1703, 196, 1172, 2),
	(1704, 196, 303, 10),
	(1705, 197, 378, 1),
	(1706, 197, 379, 1),
	(1707, 197, 382, 1),
	(1708, 197, 377, 1),
	(1709, 197, 145, 1),
	(1710, 197, 146, 1),
	(1711, 197, 147, 1),
	(1712, 197, 148, 1),
	(1713, 197, 149, 1),
	(1714, 197, 186, 1),
	(1715, 197, 182, 1),
	(1716, 197, 183, 1),
	(1717, 197, 184, 1),
	(1718, 197, 185, 1),
	(1719, 198, 2177, 1),
	(1720, 198, 2178, 1),
	(1721, 198, 898, 1),
	(1722, 198, 899, 1),
	(1723, 199, 1523, 1),
	(1724, 199, 1529, 1),
	(1725, 200, 303, 100),
	(1726, 201, 417, 1),
	(1727, 201, 519, 1),
	(1728, 202, 303, 24),
	(1729, 203, 2309, 2),
	(1730, 203, 2321, 1),
	(1731, 203, 1337, 1),
	(1732, 203, 794, 1),
	(1733, 203, 793, 1),
	(1734, 203, 1290, 2),
	(1735, 203, 1292, 1),
	(1736, 203, 873, 2),
	(1737, 203, 1294, 1),
	(1738, 203, 1295, 1),
	(1739, 203, 1538, 1),
	(1740, 203, 1539, 1),
	(1741, 203, 1540, 1),
	(1742, 203, 1542, 1),
	(1743, 203, 1444, 1),
	(1744, 203, 1445, 1),
	(1745, 203, 1446, 1),
	(1746, 203, 1447, 1),
	(1747, 204, 303, 12),
	(1748, 205, 1024, 2),
	(1749, 206, 145, 1),
	(1750, 206, 146, 1),
	(1751, 206, 147, 1),
	(1752, 206, 149, 1),
	(1753, 206, 186, 1),
	(1754, 206, 182, 1),
	(1755, 206, 187, 1),
	(1756, 206, 183, 1),
	(1757, 206, 185, 1),
	(1758, 206, 341, 1),
	(1759, 206, 321, 1),
	(1760, 206, 320, 1),
	(1761, 206, 310, 1),
	(1762, 206, 319, 1),
	(1763, 206, 355, 1),
	(1764, 206, 345, 1),
	(1765, 206, 349, 2),
	(1766, 206, 1437, 1),
	(1767, 206, 346, 1),
	(1768, 206, 344, 1),
	(1769, 206, 358, 1),
	(1770, 206, 154, 2),
	(1771, 206, 158, 1),
	(1772, 206, 528, 2),
	(1773, 206, 510, 1),
	(1774, 206, 511, 1),
	(1775, 206, 378, 1),
	(1776, 206, 382, 1),
	(1777, 206, 377, 1),
	(1778, 206, 859, 1),
	(1779, 206, 860, 1),
	(1780, 206, 806, 1),
	(1781, 206, 807, 1),
	(1782, 206, 808, 1),
	(1783, 206, 861, 1),
	(1784, 206, 862, 1),
	(1785, 206, 716, 2),
	(1786, 206, 1476, 1),
	(1787, 206, 1479, 1),
	(1788, 206, 1489, 1),
	(1789, 206, 1497, 1),
	(1790, 206, 1499, 1),
	(1791, 206, 1516, 1),
	(1792, 206, 1527, 1),
	(1793, 206, 1529, 1),
	(1794, 206, 1520, 1),
	(1795, 206, 723, 1),
	(1796, 206, 725, 1),
	(1797, 206, 728, 1),
	(1798, 206, 733, 1),
	(1799, 206, 736, 1),
	(1800, 206, 1019, 1),
	(1801, 206, 1024, 1),
	(1802, 206, 1026, 1),
	(1803, 206, 1032, 1),
	(1804, 206, 1039, 1),
	(1805, 206, 1042, 1),
	(1806, 206, 1047, 1),
	(1807, 206, 1050, 1),
	(1808, 206, 1264, 1),
	(1809, 206, 1266, 1),
	(1810, 207, 303, 20),
	(1811, 208, 879, 1),
	(1812, 208, 787, 1),
	(1813, 208, 2198, 1),
	(1814, 208, 884, 1),
	(1815, 209, 1285, 2),
	(1816, 209, 1286, 2),
	(1817, 209, 1287, 2),
	(1818, 209, 386, 2),
	(1819, 209, 2306, 3),
	(1820, 209, 370, 1),
	(1821, 209, 366, 1),
	(1822, 209, 1298, 3),
	(1823, 209, 1299, 2),
	(1824, 209, 2309, 3),
	(1825, 209, 2319, 2),
	(1826, 209, 384, 2),
	(1827, 209, 383, 2),
	(1828, 209, 1337, 2),
	(1829, 209, 794, 4),
	(1830, 209, 793, 2),
	(1831, 209, 865, 1),
	(1832, 209, 1290, 3),
	(1833, 209, 873, 1),
	(1834, 209, 874, 3),
	(1835, 209, 875, 3),
	(1836, 209, 868, 3),
	(1837, 209, 876, 3),
	(1838, 209, 869, 3),
	(1839, 209, 877, 3),
	(1840, 209, 872, 3),
	(1841, 209, 1293, 2),
	(1842, 209, 1294, 3),
	(1843, 209, 1295, 2),
	(1844, 209, 1538, 2),
	(1845, 210, 1407, 3),
	(1846, 210, 1408, 2),
	(1847, 210, 1410, 2),
	(1848, 210, 1403, 3),
	(1849, 210, 1404, 2),
	(1850, 210, 1405, 2),
	(1851, 210, 1406, 2),
	(1852, 210, 859, 2),
	(1853, 210, 860, 2),
	(1854, 210, 806, 2),
	(1855, 210, 807, 2),
	(1856, 210, 808, 2),
	(1857, 210, 861, 2),
	(1858, 210, 862, 2),
	(1859, 210, 863, 2),
	(1860, 210, 1399, 1),
	(1861, 210, 1400, 2),
	(1862, 210, 1401, 2),
	(1863, 210, 1402, 2),
	(1864, 210, 1092, 3),
	(1865, 210, 1093, 3),
	(1866, 210, 1094, 3),
	(1867, 210, 1382, 3),
	(1868, 210, 1202, 2),
	(1869, 210, 1204, 1),
	(1870, 210, 1085, 2),
	(1871, 210, 1086, 2),
	(1872, 210, 1087, 2),
	(1873, 210, 1112, 2),
	(1874, 210, 1113, 1),
	(1875, 210, 1114, 1),
	(1876, 210, 1080, 2),
	(1877, 210, 1081, 3),
	(1878, 210, 1082, 1),
	(1879, 211, 1082, 1),
	(1880, 211, 1083, 2),
	(1881, 211, 1076, 2),
	(1882, 211, 1077, 2),
	(1883, 211, 1066, 2),
	(1884, 211, 1067, 1),
	(1885, 211, 1068, 1),
	(1886, 211, 1069, 1),
	(1887, 211, 1062, 2),
	(1888, 211, 1063, 2),
	(1889, 211, 1064, 2),
	(1890, 211, 1065, 2),
	(1891, 211, 1053, 3),
	(1892, 211, 1054, 3),
	(1893, 211, 1055, 2),
	(1894, 211, 1056, 2),
	(1895, 211, 1057, 2),
	(1896, 211, 1399, 1),
	(1897, 211, 1146, 2),
	(1898, 211, 1147, 2),
	(1899, 211, 1150, 3),
	(1900, 211, 1151, 2),
	(1901, 211, 1152, 2),
	(1902, 211, 1135, 2),
	(1903, 211, 1137, 2),
	(1904, 211, 1138, 3),
	(1905, 211, 1141, 2),
	(1906, 211, 1142, 2),
	(1907, 211, 1143, 1),
	(1908, 211, 1144, 2),
	(1909, 211, 1145, 1),
	(1910, 211, 1156, 1),
	(1911, 211, 1157, 1),
	(1912, 211, 1149, 2),
	(1913, 211, 1153, 2),
	(1914, 211, 1154, 2),
	(1915, 211, 1193, 3),
	(1916, 212, 1156, 1),
	(1917, 212, 1157, 1),
	(1918, 212, 1158, 2),
	(1919, 212, 1159, 2),
	(1920, 212, 1160, 2),
	(1921, 212, 1161, 2),
	(1922, 212, 1162, 1),
	(1923, 212, 1163, 2),
	(1924, 212, 1164, 2),
	(1925, 212, 509, 2),
	(1926, 212, 510, 2),
	(1927, 212, 511, 2),
	(1928, 212, 145, 3),
	(1929, 212, 146, 3),
	(1930, 212, 147, 3),
	(1931, 212, 148, 3),
	(1932, 212, 149, 3),
	(1933, 212, 186, 3),
	(1934, 212, 182, 3),
	(1935, 212, 187, 3),
	(1936, 212, 183, 3),
	(1937, 212, 184, 3),
	(1938, 212, 185, 3),
	(1939, 212, 358, 4),
	(1940, 212, 1437, 6),
	(1941, 212, 528, 6),
	(1942, 213, 1539, 2),
	(1943, 213, 1541, 2),
	(1944, 213, 1542, 2),
	(1945, 213, 1444, 3),
	(1946, 213, 1446, 2),
	(1947, 213, 1447, 2),
	(1948, 213, 1448, 3),
	(1949, 213, 1449, 3),
	(1950, 213, 1450, 2),
	(1951, 213, 1451, 3),
	(1952, 213, 1452, 2),
	(1953, 213, 2301, 2),
	(1954, 213, 2302, 2),
	(1955, 213, 2303, 2),
	(1956, 213, 2304, 2),
	(1957, 213, 2305, 2),
	(1958, 213, 2329, 2),
	(1959, 213, 2330, 2),
	(1960, 213, 2331, 2),
	(1961, 213, 2332, 3),
	(1962, 213, 2333, 2),
	(1963, 213, 378, 5),
	(1964, 213, 379, 1),
	(1965, 213, 382, 4),
	(1966, 213, 377, 1),
	(1967, 213, 486, 2),
	(1968, 213, 802, 3),
	(1969, 213, 487, 3),
	(1970, 213, 801, 3);

-- Volcando estructura para tabla optdelsol_28.factura
CREATE TABLE IF NOT EXISTS `factura` (
  `idfactura` int NOT NULL AUTO_INCREMENT,
  `numero` varchar(45) CHARACTER SET utf8mb4 COLLATE utf8mb4_0900_ai_ci DEFAULT NULL,
  `proveedor_idproveedor` int NOT NULL,
  `cantidad` int NOT NULL DEFAULT '0',
  `monto` varchar(50) NOT NULL DEFAULT '0',
  `fecha` datetime DEFAULT CURRENT_TIMESTAMP,
  PRIMARY KEY (`idfactura`) USING BTREE,
  UNIQUE KEY `_prov_nro_factura` (`numero`,`proveedor_idproveedor`),
  KEY `fk_factura_proveedor1_idx` (`proveedor_idproveedor`) USING BTREE,
  CONSTRAINT `fk_factura_proveedor1` FOREIGN KEY (`proveedor_idproveedor`) REFERENCES `proveedor` (`idproveedor`)
) ENGINE=InnoDB AUTO_INCREMENT=24 DEFAULT CHARSET=utf8mb4 COLLATE=utf8mb4_0900_ai_ci;

-- Volcando datos para la tabla optdelsol_28.factura: ~8 rows (aproximadamente)
DELETE FROM `factura`;
INSERT INTO `factura` (`idfactura`, `numero`, `proveedor_idproveedor`, `cantidad`, `monto`, `fecha`) VALUES
	(16, 'A00003-00013533', 33, 89, '1216824.40', '2023-06-15 20:48:18'),
	(17, 'A0002-00120091', 34, 120, '1265448.69', '2023-07-03 19:53:04'),
	(18, 'A0002-00017816', 35, 124, '1527213.60', '2023-07-06 13:02:50'),
	(19, 'A0004-00041076', 36, 110, '1683976.36', '2023-07-14 21:44:37'),
	(20, '0219', 37, 218, '989900', '2023-07-17 22:52:31'),
	(21, '0226', 37, 102, '459000', '2023-07-19 21:30:31'),
	(22, 'A0002-00120197', 34, 60, '594683.75', '2023-07-24 23:14:59'),
	(23, '247', 37, 92, '4444244', '2023-08-18 20:44:48');

-- Volcando estructura para tabla optdelsol_28.familia
CREATE TABLE IF NOT EXISTS `familia` (
  `idfamilia` int NOT NULL AUTO_INCREMENT,
  `nombre_corto` varchar(45) DEFAULT NULL,
  `nombre_largo` varchar(45) DEFAULT NULL,
  PRIMARY KEY (`idfamilia`),
  UNIQUE KEY `nombre_corto` (`nombre_corto`)
) ENGINE=InnoDB AUTO_INCREMENT=18 DEFAULT CHARSET=utf8mb4 COLLATE=utf8mb4_0900_ai_ci;

-- Volcando datos para la tabla optdelsol_28.familia: ~6 rows (aproximadamente)
DELETE FROM `familia`;
INSERT INTO `familia` (`idfamilia`, `nombre_corto`, `nombre_largo`) VALUES
	(2, 'ARMAZONES', 'ARMAZONES'),
	(13, 'CRISTALES', 'CRISTALES'),
	(14, 'LC', 'LC'),
	(15, 'TRATAMIENTO', 'TRATAMIENTO'),
	(16, 'INSUMO', 'INSUMO'),
	(17, 'LIQUIDOS', 'LIQUIDOS');

-- Volcando estructura para tabla optdelsol_28.gasto
CREATE TABLE IF NOT EXISTS `gasto` (
  `idgasto` int NOT NULL AUTO_INCREMENT,
  `caja_idcaja` int NOT NULL,
  `usuario_idusuario` int NOT NULL,
  `concepto_gasto_idconcepto_gasto` int NOT NULL,
  `fecha` datetime DEFAULT NULL,
  `fecha_alta` datetime DEFAULT CURRENT_TIMESTAMP,
  `monto` varchar(45) DEFAULT NULL,
  `sucursal_idsucursal` int DEFAULT NULL,
  `comentarios` varchar(50) DEFAULT NULL,
  PRIMARY KEY (`idgasto`),
  KEY `fk_gasto_caja1_idx` (`caja_idcaja`),
  KEY `fk_gasto_usuario1_idx` (`usuario_idusuario`),
  KEY `fk_gasto_concepto_gasto1_idx` (`concepto_gasto_idconcepto_gasto`),
  CONSTRAINT `fk_gasto_caja1` FOREIGN KEY (`caja_idcaja`) REFERENCES `caja` (`idcaja`),
  CONSTRAINT `fk_gasto_concepto_gasto1` FOREIGN KEY (`concepto_gasto_idconcepto_gasto`) REFERENCES `concepto_gasto` (`idconcepto_gasto`),
  CONSTRAINT `fk_gasto_usuario1` FOREIGN KEY (`usuario_idusuario`) REFERENCES `usuario` (`idusuario`)
) ENGINE=InnoDB DEFAULT CHARSET=utf8mb4 COLLATE=utf8mb4_0900_ai_ci;

-- Volcando datos para la tabla optdelsol_28.gasto: ~0 rows (aproximadamente)
DELETE FROM `gasto`;

-- Volcando estructura para tabla optdelsol_28.grupo
CREATE TABLE IF NOT EXISTS `grupo` (
  `idgrupo` int NOT NULL AUTO_INCREMENT,
  `subfamilia_idsubfamilia` int NOT NULL,
  `nombre_corto` varchar(45) DEFAULT NULL,
  `nombre_largo` varchar(45) DEFAULT NULL,
  PRIMARY KEY (`idgrupo`),
  UNIQUE KEY `unique` (`subfamilia_idsubfamilia`,`nombre_corto`),
  KEY `fk_grupo_subfamilia1_idx` (`subfamilia_idsubfamilia`),
  CONSTRAINT `fk_grupo_subfamilia1` FOREIGN KEY (`subfamilia_idsubfamilia`) REFERENCES `subfamilia` (`idsubfamilia`)
) ENGINE=InnoDB AUTO_INCREMENT=385 DEFAULT CHARSET=utf8mb4 COLLATE=utf8mb4_0900_ai_ci;

-- Volcando datos para la tabla optdelsol_28.grupo: ~277 rows (aproximadamente)
DELETE FROM `grupo`;
INSERT INTO `grupo` (`idgrupo`, `subfamilia_idsubfamilia`, `nombre_corto`, `nombre_largo`) VALUES
	(52, 3, 'CAVALER', 'CAVALER'),
	(53, 4, 'CAVALER', 'CAVALER'),
	(54, 3, 'MORMAII', 'MORMAII'),
	(55, 3, 'ABSURDA', 'ABSURDA'),
	(56, 4, 'ABSURDA', 'ABSURDA'),
	(57, 4, 'MORMAII', 'MORMAII'),
	(58, 4, 'NOX', 'NOX'),
	(59, 3, 'SOL NIÑO', 'SOL NIÑO'),
	(60, 4, 'VARIOS', 'VARIOS'),
	(61, 3, 'TERESA CALANDRA', 'TERESA CALANDRA'),
	(63, 3, 'VALERIA MAZZA', 'VALERIA MAZZA'),
	(64, 3, 'HANG LOOSE', 'HANG LOOSE'),
	(65, 4, 'CELINE KHAN', 'CELINE KHAN'),
	(73, 4, 'DANUBE', 'DANUBE'),
	(75, 3, 'CELINE KHAN', 'CELINE KHAN'),
	(76, 4, 'TIFFANY', 'TIFFANY'),
	(77, 4, 'OKUS', 'OKUS'),
	(78, 3, 'STILL', 'STILL'),
	(79, 4, 'LAVANETT', 'LAVANETT'),
	(80, 3, 'OPTITECH', 'OPTITECH'),
	(81, 3, 'FLEUR', 'FLEUR'),
	(82, 3, 'SAIL', 'SAIL'),
	(83, 3, 'SEÑAL', 'SEÑAL'),
	(84, 4, 'OPTITECH', 'OPTITECH'),
	(85, 3, 'JORDAN', 'JORDAN'),
	(86, 4, 'WANAMA', 'WANAMA RECETA'),
	(88, 4, 'RECETA ROSSET', 'PHILIPP ROSSET'),
	(89, 4, 'OSSIRA RECETA', 'RECETAS OSSIRA'),
	(90, 3, 'PHANCOLOR', 'PHANCOLOR'),
	(91, 3, 'REEF', 'REEF MET'),
	(94, 3, 'WRANGLER', 'WRANGLER'),
	(97, 4, 'WRANGLER', 'WRANGLER'),
	(98, 3, '360', '360'),
	(100, 4, 'IDENTKIMET', 'IDENTIKIT'),
	(101, 4, 'IDENTICAREY', 'IDENTIKIT CAREY'),
	(102, 3, 'BORSALINO', 'BORSALINO'),
	(104, 3, 'OCCHIALI', 'OCCHIALI'),
	(105, 3, 'ELIZABETH ARDEN', 'ELIZABETH ARDEN'),
	(107, 3, 'KOOK', 'KOOK'),
	(108, 3, 'MANGO', 'MANGO'),
	(109, 3, 'MDQ', 'MDQ'),
	(110, 3, 'MISSION', 'MISSION'),
	(111, 3, 'MOTOROIL', 'MOTOROIL'),
	(112, 3, 'OSSIRA', 'OSSIRA'),
	(113, 3, 'STONE', 'STONE'),
	(115, 3, 'SODIO', 'SODIO'),
	(116, 3, 'TUSK', 'TUSK'),
	(118, 3, 'WANAMA', 'WANAMA'),
	(119, 4, 'BORSALINO', 'BORSALINO'),
	(120, 4, '360', '360'),
	(121, 4, 'OCCHIALI', 'OCCHIALI'),
	(122, 4, 'VERTE', 'VERTE'),
	(123, 4, 'SIGNO', 'SIGNO'),
	(124, 4, 'NEVADA', 'NEVADA'),
	(125, 4, 'KIDS', 'BANANA KIDS'),
	(126, 4, 'PAMI', 'PAMI'),
	(127, 4, 'CADES', 'CADES'),
	(128, 4, 'SHITTO', 'SHITTO'),
	(129, 3, 'RAY-BAN', 'RAY-BAN'),
	(130, 4, 'BAKUS', 'BAKUS'),
	(131, 3, 'SHITTO', 'SHITTO'),
	(132, 3, 'NOX', 'NOX'),
	(133, 3, 'CADES', 'CADES'),
	(134, 3, 'SHITTO CLIPER', 'SHITTO CLIPER'),
	(135, 4, 'MOTOROIL', 'MOTOROIL'),
	(136, 4, 'BRIGITTE', 'BRIGITTE'),
	(138, 4, 'KOOK', 'KOOK'),
	(139, 4, 'ROOTS', 'ROOTS'),
	(140, 4, 'MOOREA', 'MOOREA'),
	(141, 4, 'NAKYMA', 'NAKYMA'),
	(142, 4, 'VISOLE', 'VISOLE'),
	(143, 3, 'ROOTS', 'ROOTS'),
	(144, 4, 'ALBERTA FERRETI', 'ALBERTA FERRETI'),
	(146, 4, 'VALERIA MAZZA', 'VALERIA MAZZA'),
	(147, 4, 'HANG LOOSE', 'HANG LOOSE'),
	(148, 4, 'REEF', 'REEF'),
	(151, 4, 'CALVIN KLEIN', 'CALVIN KLEIN'),
	(153, 4, 'FLEXON', 'FLEXON'),
	(155, 4, 'SALVATORE FERRAGAMO', 'SALVATORE FERRAGAMO'),
	(156, 4, 'OLIVER', 'OLIVER'),
	(157, 4, 'OPTIC100', 'OPTIC100'),
	(158, 4, 'EA', 'ELIZABETH ARDEN'),
	(160, 4, 'MORWEN', 'MORWEN'),
	(161, 4, 'SODIO', 'SODIO'),
	(162, 4, 'MAGILLA', 'MAGILLA'),
	(163, 4, 'TUSK', 'TUSK'),
	(164, 4, 'COOK', 'COOK'),
	(165, 4, 'GRAVITY', 'GRAVITY'),
	(166, 4, 'SAXO', 'SAXO'),
	(167, 4, 'SPITFIRE', 'SPITFIRE'),
	(168, 4, 'MODO', 'MODO'),
	(169, 4, 'METAL ECONOMICO', 'METAL ECONOMICO'),
	(170, 4, 'BRUNELLI', 'BRUNELLI'),
	(171, 4, 'GATURRO', 'GATURRO'),
	(173, 4, 'SAIL', 'SAIL'),
	(174, 4, 'MDQ', 'MDQ'),
	(175, 4, 'DANIEL CASSINI', 'DANIEL CASSINI'),
	(176, 4, 'MARILYN', 'MARILYN'),
	(177, 4, 'WESTBURY', 'WESTBURY'),
	(178, 4, 'FERNANDO', 'FERNANDO'),
	(179, 4, 'GEORGE CASSINI', 'GEORGE CASSINI'),
	(180, 4, 'INTUITIVE', 'ITUITIVE'),
	(182, 4, 'DYNAMO', 'DYNAMO'),
	(183, 4, 'URBAN', 'URBAN'),
	(184, 4, 'TERESA CALANDRA', 'TERESA CALANDRA'),
	(185, 4, 'MARIANA ARIAS', 'MARIANA ARIAS'),
	(186, 3, 'PATAGONIA', 'PATAGONIA'),
	(187, 4, 'PROMIX', 'PROMIX'),
	(188, 3, 'ALBERTA FERRETTI', 'ALBERTA FERRETTI'),
	(189, 3, 'MISTRAL', 'MISTRAL'),
	(191, 4, 'GISALLY', 'GISALLY'),
	(192, 4, 'GAZAPO', 'GAZAPO'),
	(195, 4, 'RV', 'RV'),
	(196, 4, 'STEFFANI', 'STEFFANI'),
	(197, 4, 'X-LOOK', 'X-LOOK'),
	(198, 4, 'MUSCUS', 'MUSCUS'),
	(199, 4, 'NIK03', 'NIK03'),
	(200, 4, 'MANGO', 'MANGO'),
	(201, 4, 'PATAGONIA', 'PATAGONIA'),
	(202, 3, 'PHILIPPE ROSSET', 'PHILIPE ROSSET'),
	(203, 4, 'FLEUR', 'FLEUR'),
	(204, 3, 'BAKU', 'BAKU'),
	(206, 4, 'NIKE', 'NIKE'),
	(207, 4, 'FERRAGAMO', 'FERRAGAMO'),
	(208, 4, 'MARCHON', 'MARCHON'),
	(209, 4, 'ANGIUS', 'ANGIUS'),
	(210, 4, 'CNX', 'CNX'),
	(212, 4, 'ASPEN', 'ASPEN'),
	(213, 4, 'AGASSO', 'AGASSO'),
	(214, 4, 'FACE2FACE', 'FACE2FACE'),
	(215, 3, 'BRIGITTE ', 'BRIGITTE'),
	(217, 3, 'MOOREA', 'MOOREA'),
	(218, 3, 'NAKYMA', 'NAKYMA'),
	(219, 4, 'VERSAGE', 'VERSAGE'),
	(220, 4, 'BVLGARI', 'BVLGARI'),
	(221, 4, 'DOLCE GABANA', 'DOLCE GABANA'),
	(222, 3, 'VOUGE', 'VOUGE'),
	(223, 3, 'GRAVITY', 'GRAVITY'),
	(224, 3, 'MANIAC', 'MANIAC'),
	(227, 4, 'KHAN ', 'KHAN'),
	(228, 3, 'BVLGARI', 'BVLGARI'),
	(229, 3, 'DOLCE&GABBANA', 'DOLCE&GABBANA'),
	(230, 3, 'OAKLEY', 'OAKLEY'),
	(232, 3, 'COOK', 'COOK'),
	(233, 4, 'PERLUA', 'PERLUA'),
	(234, 4, 'IVIEW', 'IVIEW'),
	(236, 3, 'DELUXURE', 'DELUXURE'),
	(237, 4, 'HATAI', 'HATAI'),
	(238, 4, 'LAZ', 'LAZ'),
	(239, 4, 'AY NOT DEAD', 'AY NOT DEAD'),
	(241, 3, 'AY NOT DEAD', 'AY NOT DEAD'),
	(247, 3, 'ONBOARD', 'ONBOARD'),
	(248, 3, 'SOL ECONOMICO', 'SOL ECONOMICO'),
	(250, 4, 'GENESIS', 'GENESIS'),
	(251, 3, 'NIK03', 'NIK03'),
	(252, 3, 'NOON', 'NOON'),
	(253, 3, 'OSSADA', 'OSSADA'),
	(254, 4, 'OSSADA', 'OSSADA'),
	(255, 4, 'PORTSAID', 'PORTSAID'),
	(256, 3, 'MONTAGNE', 'MONTAGNE'),
	(257, 3, 'PORTSAID', 'PORTSAID'),
	(258, 4, 'MONTAGNE', 'MONTAGNE'),
	(260, 4, 'KAOS', 'KAOS'),
	(261, 4, 'LAMATTA', 'LAMATTA'),
	(262, 4, 'COCOSONG', 'COCOSONG'),
	(263, 4, 'LUXURE', 'LUXURE'),
	(264, 4, 'CONTINI', 'CONTINI'),
	(265, 3, 'UNIFORM', 'UNIFORM'),
	(266, 4, 'UNIFORM', 'UNIFORM'),
	(267, 4, 'PI', 'PI'),
	(270, 4, 'ANDREA-K', 'ANDREA-K'),
	(271, 3, 'VBANCH', 'VBANH'),
	(272, 4, 'ORBITAL', 'ORBITAL'),
	(273, 3, 'ORBITAL', 'ORBITAL'),
	(274, 3, 'POLARMAX', 'POLARMAX'),
	(275, 3, 'CONTINI', 'CONTINI'),
	(276, 4, 'BERNI', 'BERNI'),
	(277, 3, 'BERNI', 'BERNI'),
	(278, 3, 'ACETATE', 'ACETATE'),
	(279, 3, 'K-ANDREA', 'K-ANDREA'),
	(280, 4, 'ACETATE', 'ACETATE'),
	(281, 4, 'ONA SAEZ', 'ONA SAEZ'),
	(282, 4, 'ULTEM', 'ULTEM'),
	(283, 4, 'ACETATO FANTASY', 'ACETATO FANTASY'),
	(284, 4, 'BETA TITANIO', 'BETA TITANIO'),
	(285, 4, 'MG', 'MG LUNETTES'),
	(287, 4, 'PAULA C.DANVERS', 'PAULA C.DANVERS'),
	(288, 4, 'POL1', 'POL1'),
	(289, 4, 'POLARMAX', 'POLARMAX'),
	(290, 4, 'CROSS OPTICAL', 'CROSS OPTICAL'),
	(291, 4, 'ZABATIKA', 'ZABATIKA'),
	(292, 4, 'SIMPLE M.', 'SIMPLE M.'),
	(293, 4, 'DELSOL', 'DELSOL'),
	(294, 3, 'OKUS', 'OKUS'),
	(295, 3, 'ANGIUS', 'ANGIUS'),
	(296, 3, 'LASOREIRO', 'LASOREIRO'),
	(297, 3, 'DEL SOL', 'DEL SOL'),
	(298, 4, 'CACHAREL', 'CACHAREL'),
	(299, 4, 'CEO', 'CEO'),
	(300, 4, 'KIDDOS', 'KIDDOS'),
	(301, 3, 'PRUNE', 'PRU'),
	(302, 4, 'RANIERI', 'RANIERI'),
	(303, 4, 'SUN', 'SUN'),
	(304, 4, 'SUM', 'SUM'),
	(305, 3, 'TIFF', 'TIFFANY'),
	(306, 4, 'ELLEGI', 'ELLEGI'),
	(307, 3, 'ELLEGI', 'ELLEGI'),
	(308, 4, 'GIORGIO', 'GIORGIO CASSANI'),
	(309, 4, 'RODENSTOCK', 'RODENSTOCK'),
	(310, 3, 'LUX', 'LUXURE'),
	(311, 3, 'WESTBURY', 'WES'),
	(312, 3, 'POLO', 'POLO'),
	(313, 4, 'POL', 'POLO'),
	(314, 4, 'LASOREIRO', 'LASOREIRO'),
	(315, 3, 'DYNAMO', 'DYNAMO'),
	(316, 3, 'SUM', 'SUM'),
	(317, 3, 'PAULA CAHEN DANVERS', 'PAULA CAHEN DANVERS'),
	(318, 3, 'MARIANA ARIAS', 'M-ARIAS'),
	(319, 4, 'VZ', 'VALDEZ'),
	(322, 4, 'VALDEZ', 'VALDEZ'),
	(323, 4, 'BOLIVIA', 'BOLIVIA'),
	(324, 4, 'UNDICCI', 'UNDICCI'),
	(325, 4, 'SUM NIÑOS', 'SUM NIÑOS'),
	(326, 4, 'PLASTICO LINDO', 'PLASTICO LINDO'),
	(327, 4, 'PLASTICOS', 'PLASTICOS'),
	(328, 4, 'CARRERA', 'CARR'),
	(329, 3, 'CARRERA', 'CARRERA'),
	(330, 4, 'SAFILO', 'SAFILO'),
	(331, 4, 'VE', 'VERSACE'),
	(332, 4, 'VERSACE', 'VERSACE'),
	(333, 3, 'VERSACE', 'VERSACE'),
	(334, 4, '47STREET', '47ST'),
	(335, 3, 'VALDEZ', 'VALDEZ'),
	(336, 4, 'FABRICA', 'FABRICA'),
	(337, 4, 'RAYBAN', 'RAYBAN'),
	(338, 4, 'VOGUE', 'VOGUE'),
	(339, 3, 'VOGUE', 'VOGUE'),
	(340, 4, 'ARMANI', 'ARMANI EXCHANGE'),
	(342, 3, 'ARMANI', 'ARMANI EXCHANGE'),
	(343, 3, 'BOLIVIA', 'BOLIVIA'),
	(344, 4, 'ARNETTE', 'ARNETTE'),
	(345, 4, 'PHILIPPE ROSSETE', 'PHILIPPE ROSSETE'),
	(346, 4, 'OAKLEY', 'OAKLEY'),
	(347, 3, 'KIDDOS', 'KIDDOS'),
	(349, 3, 'CLIVION', 'CLIVION'),
	(350, 4, 'WILSON', 'WILSON'),
	(352, 4, 'SL', 'SEE LINE'),
	(353, 4, 'SEE LINE', 'SEE LINE'),
	(355, 4, 'DER', 'DERAPAGE'),
	(356, 4, 'DERAPAGE', 'DERAPAGE'),
	(357, 4, 'PERSOL', 'PERS'),
	(358, 3, 'PERSOL', 'PERSOL'),
	(359, 3, 'KIPLING', 'KIPLING'),
	(360, 4, 'KIPLING', 'KIPLING'),
	(362, 3, 'JEAN MONNIER', 'JM'),
	(363, 4, 'JEAN MONNIER', 'JM'),
	(364, 4, 'PLATINI', 'PLATINI'),
	(365, 4, 'PHILIPPE ROSSET', 'PHILIPPE ROSSET'),
	(366, 4, 'DIXON', 'DIXON'),
	(367, 4, 'CCC', 'CCC'),
	(368, 3, 'GALLERA', 'GALL'),
	(369, 3, 'GLOX', 'GLOX'),
	(370, 4, 'GLOX', 'GLOX'),
	(371, 3, 'VIV', 'VIV'),
	(372, 4, 'VIV', 'VIV'),
	(373, 3, 'SEE LINE', 'SEE LINE'),
	(374, 3, 'WILSON', 'WILSON'),
	(375, 4, 'LOOK ME', 'LOOK ME'),
	(376, 3, 'PAULA CAHEN D´ANVERS', 'PAULA CAHEN D´ANVERS'),
	(377, 3, '47 STREET', '47 STREET'),
	(378, 4, 'OSSIRA', 'OSSIRA'),
	(379, 4, 'PAULA CAHEN D´ANVERS', 'PAULA CAHEN D´ANVERS'),
	(380, 11, 'CRISTALES', 'C'),
	(381, 12, 'LC', 'LC'),
	(382, 15, 'TRATAMIENTO', 'TRATAMIENTO'),
	(383, 14, 'INSUMO', 'INSUMO'),
	(384, 16, 'LIQUIDOS', 'LIQUIDOS');

-- Volcando estructura para tabla optdelsol_28.localidad
CREATE TABLE IF NOT EXISTS `localidad` (
  `idlocalidad` int NOT NULL AUTO_INCREMENT,
  `nombre` varchar(45) DEFAULT NULL,
  PRIMARY KEY (`idlocalidad`)
) ENGINE=InnoDB DEFAULT CHARSET=utf8mb4 COLLATE=utf8mb4_0900_ai_ci;

-- Volcando datos para la tabla optdelsol_28.localidad: ~0 rows (aproximadamente)
DELETE FROM `localidad`;

-- Volcando estructura para tabla optdelsol_28.medico
CREATE TABLE IF NOT EXISTS `medico` (
  `idmedico` int NOT NULL AUTO_INCREMENT,
  `nombre` varchar(45) DEFAULT NULL,
  `matricula` varchar(45) DEFAULT NULL,
  PRIMARY KEY (`idmedico`),
  UNIQUE KEY `_matricula` (`matricula`)
) ENGINE=InnoDB AUTO_INCREMENT=27 DEFAULT CHARSET=utf8mb4 COLLATE=utf8mb4_0900_ai_ci;

-- Volcando datos para la tabla optdelsol_28.medico: ~1 rows (aproximadamente)
DELETE FROM `medico`;
INSERT INTO `medico` (`idmedico`, `nombre`, `matricula`) VALUES
	(26, 'testmedico', 'lalalala');

-- Volcando estructura para tabla optdelsol_28.modo_pago
CREATE TABLE IF NOT EXISTS `modo_pago` (
  `idmodo_pago` int NOT NULL AUTO_INCREMENT,
  `nombre` varchar(45) DEFAULT NULL,
  PRIMARY KEY (`idmodo_pago`)
) ENGINE=InnoDB DEFAULT CHARSET=utf8mb4 COLLATE=utf8mb4_0900_ai_ci;

-- Volcando datos para la tabla optdelsol_28.modo_pago: ~0 rows (aproximadamente)
DELETE FROM `modo_pago`;

-- Volcando estructura para tabla optdelsol_28.mutual
CREATE TABLE IF NOT EXISTS `mutual` (
  `idmutual` int NOT NULL AUTO_INCREMENT,
  `nombre` varchar(45) DEFAULT NULL,
  PRIMARY KEY (`idmutual`)
) ENGINE=InnoDB AUTO_INCREMENT=3 DEFAULT CHARSET=utf8mb4 COLLATE=utf8mb4_0900_ai_ci;

-- Volcando datos para la tabla optdelsol_28.mutual: ~1 rows (aproximadamente)
DELETE FROM `mutual`;
INSERT INTO `mutual` (`idmutual`, `nombre`) VALUES
	(2, 'OSDE');

-- Volcando estructura para tabla optdelsol_28.old_codes
CREATE TABLE IF NOT EXISTS `old_codes` (
  `id` int NOT NULL AUTO_INCREMENT,
  `codigo` varchar(50) NOT NULL DEFAULT '0',
  `cantidad` varchar(50) NOT NULL DEFAULT '0',
  `precio` varchar(50) NOT NULL DEFAULT '0',
  `genero` varchar(50) NOT NULL DEFAULT '0',
  `marca` varchar(50) NOT NULL DEFAULT '0',
  `modelo` varchar(50) NOT NULL DEFAULT '0',
  `material` varchar(50) NOT NULL DEFAULT '0',
  `descripcion` varchar(255) CHARACTER SET utf8mb4 COLLATE utf8mb4_0900_ai_ci NOT NULL DEFAULT '0',
  `fecha_m` varchar(50) NOT NULL DEFAULT '0',
  `fkcodigo` varchar(50) CHARACTER SET utf8mb4 COLLATE utf8mb4_0900_ai_ci DEFAULT NULL,
  `costo` varchar(50) DEFAULT NULL,
  PRIMARY KEY (`id`)
) ENGINE=InnoDB AUTO_INCREMENT=2907 DEFAULT CHARSET=utf8mb4 COLLATE=utf8mb4_0900_ai_ci COMMENT='//generate from the csv file using the following regular expression:\r\n([0-9A-Z\\-\\/]{0,})(,)([0-9]+)(,)([0-9]*)(,)([A-Z]*)(,)([\\sA-Z\\-]*)(,)([\\sA-Z\\-0-9]*)(,)([A-Z\\-\\/\\s0-9]*)(,)([\\.A-Z\\-\\s\\/\\*\\/\\(\\)]*)(,)(\\d\\d\\/\\d\\d\\/\\d\\d\\d\\d\\s\\d\\d:\\d\\d)\r\n//replace with:\r\ninto old_codes \\(codigo,cantidad,precio,genero,marca,modelo,material,descripcion,fecha_m\\)values\\(''$1'',''$3'',''$5'',''$7'',''$9'',''$11'',''$13'',''$15'',''$17''\\);';

-- Volcando datos para la tabla optdelsol_28.old_codes: ~1,415 rows (aproximadamente)
DELETE FROM `old_codes`;
INSERT INTO `old_codes` (`id`, `codigo`, `cantidad`, `precio`, `genero`, `marca`, `modelo`, `material`, `descripcion`, `fecha_m`, `fkcodigo`, `costo`) VALUES
	(1492, 'M-104', '1', '3600', '', '0', '0', '0', '0', '0', NULL, '130'),
	(1493, 'LM3145C1', '1', '24200', '', '0', '0', '0', '0', '0', NULL, '500'),
	(1494, 'LM3145C3', '1', '24200', '', '0', '0', '0', '0', '0', NULL, '500'),
	(1495, 'OS604', '1', '7500', '', '0', '0', '0', '0', '0', NULL, '450'),
	(1496, 'LM3080C1', '1', '28900', '', '0', '0', '0', '0', '0', NULL, '1000'),
	(1497, 'SUM-OZZIE6032', '1', '5500', '', '0', '0', '0', '0', '0', NULL, '800'),
	(1498, 'M79C2', '1', '9500', 'M', '0', '0', '0', '0', '0', NULL, '1500'),
	(1499, 'M85C3', '1', '9500', 'M', '0', '0', '0', '0', '0', NULL, '1715'),
	(1500, 'M79C1', '1', '9500', 'M', '0', '0', '0', '0', '0', NULL, '800'),
	(1501, 'AX3055L-8078', '1', '31400', 'H', '0', '0', '0', '0', '0', NULL, '5240'),
	(1502, 'ORE7337C4', '1', '65300', 'M', '0', '0', '0', '0', '0', NULL, '16960'),
	(1503, 'M89C1', '1', '9500', 'N', '0', '0', '0', '0', '0', NULL, '0'),
	(1504, 'TR44C2', '1', '14800', 'N', '0', '0', '0', '0', '0', NULL, '850'),
	(1505, 'TR49C14', '1', '14800', 'N', '0', '0', '0', '0', '0', NULL, '850'),
	(1506, 'TR49C7', '1', '14800', 'N', '0', '0', '0', '0', '0', NULL, '1'),
	(1507, 'TR52C6', '1', '14800', 'N', '0', '0', '0', '0', '0', NULL, '2450'),
	(1508, 'TR92018C1', '1', '23400', 'M', '0', '0', '0', '0', '0', NULL, '3000'),
	(1509, 'B20062C1', '1', '26200', 'M', '0', '0', '0', '0', '0', NULL, '3000'),
	(1510, 'AX3055L-8273', '1', '31400', 'H', '0', '0', '0', '0', '0', NULL, '5240'),
	(1511, 'VM3903C1', '1', '41800', 'M', '0', '0', '0', '0', '0', NULL, '6240'),
	(1512, 'KP-3093-E748', '1', '22500', 'M', '0', '0', '0', '0', '0', NULL, '3180'),
	(1513, 'KP-3112-G119', '1', '22500', 'M', '0', '0', '0', '0', '0', NULL, '3950'),
	(1514, 'KP-3143-I655', '1', '21200', 'M', '0', '0', '0', '0', '0', NULL, '3580'),
	(1515, 'KP-3144-I642', '1', '22500', 'M', '0', '0', '0', '0', '0', NULL, '3950'),
	(1516, 'KP-3145-I650', '1', '21200', 'M', '0', '0', '0', '0', '0', NULL, '2920'),
	(1517, 'KP-3145-I651', '1', '21200', 'M', '0', '0', '0', '0', '0', NULL, '3580'),
	(1518, 'P9-1196-I163', '1', '21600', 'M', '0', '0', '0', '0', '0', NULL, '3940'),
	(1519, 'P9-3167-H657', '1', '21600', 'M', '0', '0', '0', '0', '0', NULL, '3950'),
	(1520, 'P9-3170-H944', '1', '23200', 'M', '0', '0', '0', '0', '0', NULL, '4270'),
	(1521, 'J8-3145-D353', '1', '17600', 'H', '0', '0', '0', '0', '0', NULL, '2960'),
	(1522, 'J8-3179-H485', '1', '17600', 'H', '0', '0', '0', '0', '0', NULL, '3240'),
	(1523, 'J8-3205-H890', '1', '16500', 'H', '0', '0', '0', '0', '0', NULL, '2530'),
	(1524, 'J8-3207-H882', '1', '17600', 'H', '0', '0', '0', '0', '0', NULL, '2960'),
	(1525, 'J8-3207-H883', '1', '17600', 'H', '0', '0', '0', '0', '0', NULL, '2960'),
	(1526, 'J8-3211-I178', '1', '17600', 'H', '0', '0', '0', '0', '0', NULL, '3200'),
	(1527, 'J8-3217-I556', '1', '17600', 'H', '0', '0', '0', '0', '0', NULL, '3240'),
	(1528, 'J8-3215-I552', '1', '17600', 'M', '0', '0', '0', '0', '0', NULL, '3240'),
	(1529, 'J8-3210-I584', '1', '17600', 'M', '0', '0', '0', '0', '0', NULL, '3200'),
	(1530, 'J8-3215-I553', '1', '17600', 'M', '0', '0', '0', '0', '0', NULL, '3240'),
	(1531, 'J8-3142-D331', '1', '17600', 'M', '0', '0', '0', '0', '0', NULL, '3240'),
	(1532, 'J8-3142-D330', '1', '17600', 'M', '0', '0', '0', '0', '0', NULL, '3240'),
	(1533, 'J8-3190-G965', '1', '17600', 'M', '0', '0', '0', '0', '0', NULL, '2580'),
	(1534, 'J8-3193-H237', '1', '17600', 'M', '0', '0', '0', '0', '0', NULL, '3240'),
	(1535, 'J8-3194-H241', '1', '17600', 'M', '0', '0', '0', '0', '0', NULL, '3240'),
	(1536, 'J8-3194-H243', '1', '17600', 'M', '0', '0', '0', '0', '0', NULL, '3240'),
	(1537, 'J8-3199-I363', '1', '17600', 'M', '0', '0', '0', '0', '0', NULL, '2960'),
	(1538, 'J8-3201-H698', '1', '17600', 'M', '0', '0', '0', '0', '0', NULL, '2960'),
	(1539, 'AN7113L-2292', '1', '23200', 'H', '0', '0', '0', '0', '0', NULL, '3720'),
	(1540, 'AN7168L-2652', '1', '20400', 'H', '0', '0', '0', '0', '0', NULL, '4460'),
	(1541, 'AN7168L-2651', '1', '20400', 'H', '0', '0', '0', '0', '0', NULL, '4460'),
	(1542, 'J8-3215-I554', '1', '17600', 'M', '0', '0', '0', '0', '0', NULL, '3240'),
	(1543, 'J8-3195-H245', '1', '16500', 'H', '0', '0', '0', '0', '0', NULL, '2530'),
	(1544, 'KP-3144-I643', '1', '22500', 'M', '0', '0', '0', '0', '0', NULL, '3950'),
	(1545, 'KP-3145-I653', '1', '21200', 'M', '0', '0', '0', '0', '0', NULL, '3580'),
	(1546, 'D1252C9', '1', '4900', '', '0', '0', '0', '0', '0', NULL, '1000'),
	(1547, 'J8-3187-G727', '1', '17600', 'H', '0', '0', '0', '0', '0', NULL, '2960'),
	(1548, 'J8-3194-H242', '1', '17600', 'M', '0', '0', '0', '0', '0', NULL, '3240'),
	(1549, 'J8-3205-H888', '1', '16500', 'H', '0', '0', '0', '0', '0', NULL, '2530'),
	(1550, 'P9-3166-I386', '1', '20100', 'M', '0', '0', '0', '0', '0', NULL, '3950'),
	(1551, 'SHSP9002C1', '1', '15500', 'U', '0', '0', '0', '0', '0', NULL, '2200'),
	(1552, '8318C2', '1', '21400', 'U', '0', '0', '0', '0', '0', NULL, '100'),
	(1553, '18006C1', '1', '25300', 'U', '0', '0', '0', '0', '0', NULL, '1724'),
	(1554, '18011C3', '1', '25300', 'U', '0', '0', '0', '0', '0', NULL, '1724'),
	(1555, 'GSP023C2', '1', '25300', 'U', '0', '0', '0', '0', '0', NULL, '1724'),
	(1556, 'GSP024C1', '1', '25300', 'U', '0', '0', '0', '0', '0', NULL, '1724'),
	(1557, 'GSP024C3', '1', '25300', 'U', '0', '0', '0', '0', '0', NULL, '1724'),
	(1558, 'GSP024C4', '1', '25300', 'U', '0', '0', '0', '0', '0', NULL, '1724'),
	(1559, 'W2338-GC4', '1', '24800', 'U', '0', '0', '0', '0', '0', NULL, '1724'),
	(1560, 'W2351-HC4', '1', '24800', 'U', '0', '0', '0', '0', '0', NULL, '1724'),
	(1561, 'W2353-GC3', '1', '24800', 'U', '0', '0', '0', '0', '0', NULL, '1724'),
	(1562, 'W2513C1', '1', '24800', 'U', '0', '0', '0', '0', '0', NULL, '1724'),
	(1563, 'W2513C6', '1', '24800', 'U', '0', '0', '0', '0', '0', NULL, '1724'),
	(1564, 'KP-3127-G990', '1', '21200', 'M', '0', '0', '0', '0', '0', NULL, '3580'),
	(1565, 'GLOX2346C1', '1', '30700', 'U', '0', '0', '0', '0', '0', NULL, '8750'),
	(1566, 'VIV2543C2', '1', '41700', 'U', '0', '0', '0', '0', '0', NULL, '11900'),
	(1567, 'VIV670C2', '1', '35900', 'M', '0', '0', '0', '0', '0', NULL, '10250'),
	(1568, 'J8-3173-F871', '1', '16500', 'H', '0', '0', '0', '0', '0', NULL, '2530'),
	(1569, 'J8-3199-H697', '1', '17600', 'M', '0', '0', '0', '0', '0', NULL, '2960'),
	(1570, 'J8-3204-H895', '1', '17600', 'M', '0', '0', '0', '0', '0', NULL, '2940'),
	(1571, 'J8-3208-I380', '1', '16500', 'M', '0', '0', '0', '0', '0', NULL, '2530'),
	(1572, 'J8-3208-I383', '1', '16500', 'M', '0', '0', '0', '0', '0', NULL, '2530'),
	(1573, 'J8-3213-I568', '1', '17600', 'M', '0', '0', '0', '0', '0', NULL, '2940'),
	(1574, 'J8-3213-I569', '1', '17600', 'M', '0', '0', '0', '0', '0', NULL, '2940'),
	(1575, 'J8-3218-J297', '1', '16500', 'U', '0', '0', '0', '0', '0', NULL, '2530'),
	(1576, 'J8-3218-J298', '1', '16500', 'U', '0', '0', '0', '0', '0', NULL, '2530'),
	(1577, 'J8-3220-J347', '1', '17600', 'M', '0', '0', '0', '0', '0', NULL, '2560'),
	(1578, 'J8-3222-J015', '1', '17600', 'M', '0', '0', '0', '0', '0', NULL, '3240'),
	(1579, 'KP-3127-G988', '1', '21200', 'M', '0', '0', '0', '0', '0', NULL, '3580'),
	(1580, 'KP-3133-H513', '1', '22500', 'M', '0', '0', '0', '0', '0', NULL, '3950'),
	(1581, 'KP-3134-H520', '1', '22500', 'M', '0', '0', '0', '0', '0', NULL, '3950'),
	(1582, 'KP-3136-H521', '1', '21200', 'M', '0', '0', '0', '0', '0', NULL, '3580'),
	(1583, 'KP-3136-I357', '1', '21200', 'M', '0', '0', '0', '0', '0', NULL, '3580'),
	(1584, 'KP-3139-H844', '1', '22500', 'M', '0', '0', '0', '0', '0', NULL, '3950'),
	(1585, 'KP-3139-H845', '1', '22500', 'M', '0', '0', '0', '0', '0', NULL, '3950'),
	(1586, 'KP-3139-H847', '1', '22500', 'M', '0', '0', '0', '0', '0', NULL, '3950'),
	(1587, 'KP-3139-I605', '1', '22500', 'M', '0', '0', '0', '0', '0', NULL, '3950'),
	(1588, 'KP-3122-G745', '1', '22500', 'M', '0', '0', '0', '0', '0', NULL, '3950'),
	(1589, 'ENZOC1S', '1', '9800', 'N', '0', '0', '0', '0', '0', NULL, '2000'),
	(1590, 'P9-3131-E681', '1', '18500', 'M', '0', '0', '0', '0', '0', NULL, '3380'),
	(1591, 'P9-3174-I785', '1', '20100', 'M', '0', '0', '0', '0', '0', NULL, '3380'),
	(1592, 'VIV2458C1', '1', '35900', 'M', '0', '0', '0', '0', '0', NULL, '10250'),
	(1593, 'VIV2458C2', '1', '35900', 'M', '0', '0', '0', '0', '0', NULL, '10250'),
	(1594, 'VIV692C1', '1', '35900', 'M', '0', '0', '0', '0', '0', NULL, '10250'),
	(1595, 'VIV692C3', '1', '35900', 'M', '0', '0', '0', '0', '0', NULL, '10250'),
	(1596, 'VIV698C1', '1', '35900', 'M', '0', '0', '0', '0', '0', NULL, '10250'),
	(1597, 'VIV2549C1', '1', '35900', 'M', '0', '0', '0', '0', '0', NULL, '10250'),
	(1598, 'VIV631C3', '1', '32900', 'M', '0', '0', '0', '0', '0', NULL, '9420'),
	(1599, 'VIV670C1', '1', '35900', 'M', '0', '0', '0', '0', '0', NULL, '10250'),
	(1600, 'VIV2308M', '1', '35900', 'M', '0', '0', '0', '0', '0', NULL, '10250'),
	(1601, '100704C4', '1', '22400', 'M', '0', '0', '0', '0', '0', NULL, '5000'),
	(1602, '100708C6', '1', '22400', 'M', '0', '0', '0', '0', '0', NULL, '5000'),
	(1603, 'EM6006C3', '1', '26200', 'M', '0', '0', '0', '0', '0', NULL, '7000'),
	(1604, 'MG3718C1', '1', '31800', 'M', '0', '0', '0', '0', '0', NULL, '7000'),
	(1605, 'TL3781C1', '1', '33500', 'M', '0', '0', '0', '0', '0', NULL, '7000'),
	(1606, '8622C2', '1', '19800', 'H', '0', '0', '0', '0', '0', NULL, '5000'),
	(1607, 'OLD7491AC1', '1', '25800', 'H', '0', '0', '0', '0', '0', NULL, '6000'),
	(1608, 'XE2121C1', '1', '21400', 'H', '0', '0', '0', '0', '0', NULL, '6000'),
	(1609, 'YJ-0102CADC2', '1', '26200', 'M', '0', '0', '0', '0', '0', NULL, '6000'),
	(1610, 'YJ-0169C1', '1', '24400', 'M', '0', '0', '0', '0', '0', NULL, '6000'),
	(1611, 'YJ-0176C4', '1', '33500', 'M', '0', '0', '0', '0', '0', NULL, '6000'),
	(1612, 'AN7161L-2574', '1', '20400', 'H', '0', '0', '0', '0', '0', NULL, '4460'),
	(1613, 'J8-3204-H896', '1', '17600', 'M', '0', '0', '0', '0', '0', NULL, '2940'),
	(1614, 'AN7192L-2759', '1', '25800', 'H', '0', '0', '0', '0', '0', NULL, '5660'),
	(1615, 'AN7199L-2753', '1', '20400', 'H', '0', '0', '0', '0', '0', NULL, '4140'),
	(1616, 'AN7199L-2788', '1', '20400', 'H', '0', '0', '0', '0', '0', NULL, '4140'),
	(1617, 'P9-3151-G540', '1', '18500', 'H', '0', '0', '0', '0', '0', NULL, '3380'),
	(1618, 'P9-3169-I372', '1', '20100', 'M', '0', '0', '0', '0', '0', NULL, '3380'),
	(1619, 'J8-3196-H249', '1', '16500', 'H', '0', '0', '0', '0', '0', NULL, '2530'),
	(1620, 'J8-3198-H706', '1', '17600', 'H', '0', '0', '0', '0', '0', NULL, '2960'),
	(1621, 'J8-3198-H707', '1', '17600', 'H', '0', '0', '0', '0', '0', NULL, '2960'),
	(1622, 'J8-3203-H892', '1', '17600', 'M', '0', '0', '0', '0', '0', NULL, '2940'),
	(1623, 'P9-1197-I611', '1', '21600', 'M', '0', '0', '0', '0', '0', NULL, '3950'),
	(1624, 'P9-3158-H014', '1', '21600', 'M', '0', '0', '0', '0', '0', NULL, '3950'),
	(1625, 'P9-3175-I822', '1', '23200', 'M', '0', '0', '0', '0', '0', NULL, '4260'),
	(1626, 'P9-1197-I613', '1', '21600', 'M', '0', '0', '0', '0', '0', NULL, '3950'),
	(1627, 'P9-3164-H646', '1', '20100', 'H', '0', '0', '0', '0', '0', NULL, '3380'),
	(1628, 'P9-3169-H955', '1', '20100', 'M', '0', '0', '0', '0', '0', NULL, '3380'),
	(1629, 'P9-3170-H947', '1', '23200', 'M', '0', '0', '0', '0', '0', NULL, '4270'),
	(1630, 'J8-3175-F878', '1', '17600', 'M', '0', '0', '0', '0', '0', NULL, '2960'),
	(1631, 'J8-3212-I180', '1', '16500', 'H', '0', '0', '0', '0', '0', NULL, '2560'),
	(1632, 'J8-3196-H248', '1', '16500', 'H', '0', '0', '0', '0', '0', NULL, '2530'),
	(1633, 'J8-3199-H695', '1', '17600', 'M', '0', '0', '0', '0', '0', NULL, '2960'),
	(1634, 'GLOX2553C3', '1', '32500', 'U', '0', '0', '0', '0', '0', NULL, '9270'),
	(1635, 'GLOX2553C5', '1', '32500', 'U', '0', '0', '0', '0', '0', NULL, '9270'),
	(1636, 'VIV670C4', '1', '35900', 'M', '0', '0', '0', '0', '0', NULL, '10250'),
	(1637, 'VIV689C1', '1', '35900', 'M', '0', '0', '0', '0', '0', NULL, '10250'),
	(1638, 'VIV2506C1', '1', '35900', 'M', '0', '0', '0', '0', '0', NULL, '10250'),
	(1639, '8305C3', '1', '27300', 'M', '0', '0', '0', '0', '0', NULL, '6000'),
	(1640, '8305C4', '1', '27300', 'M', '0', '0', '0', '0', '0', NULL, '6000'),
	(1641, 'J8-3209-I377', '1', '16500', 'M', '0', '0', '0', '0', '0', NULL, '2530'),
	(1642, 'J8-3209-I378', '1', '16500', 'M', '0', '0', '0', '0', '0', NULL, '2530'),
	(1643, 'J8-3212-I182', '1', '16500', 'H', '0', '0', '0', '0', '0', NULL, '2560'),
	(1644, 'MO-JULY-200-400', '1', '7200', '', '0', '0', '0', '0', '0', NULL, '267'),
	(1645, 'MO-UNZENC2', '1', '40600', 'U', '0', '0', '0', '0', '0', NULL, '11590'),
	(1646, 'MO-DAITORXC1', '1', '31500', 'U', '0', '0', '0', '0', '0', NULL, '8980'),
	(1647, 'MO-LANINC7', '1', '31500', 'U', '0', '0', '0', '0', '0', NULL, '8980'),
	(1648, 'ASC1', '1', '29300', 'U', '0', '0', '0', '0', '0', NULL, '8350'),
	(1649, 'VM831C2', '1', '16500', 'M', '0', '0', '0', '0', '0', NULL, '500'),
	(1650, 'VM776C1', '1', '16500', 'M', '0', '0', '0', '0', '0', NULL, '486'),
	(1651, 'VM850C2', '1', '16500', 'M', '0', '0', '0', '0', '0', NULL, '928'),
	(1652, 'VM855C7', '1', '16500', 'M', '0', '0', '0', '0', '0', NULL, '1065'),
	(1653, 'VM870C3', '1', '16500', 'M', '0', '0', '0', '0', '0', NULL, '1124'),
	(1654, 'VM3589C2', '1', '16500', 'M', '0', '0', '0', '0', '0', NULL, '490'),
	(1655, 'REEFK215C4', '1', '36800', 'M', '0', '0', '0', '0', '0', NULL, '3133'),
	(1656, 'REEF5143C4', '1', '33500', 'M', '0', '0', '0', '0', '0', NULL, '1237'),
	(1657, 'REEF5215C1', '1', '49500', 'M', '0', '0', '0', '0', '0', NULL, '13220'),
	(1658, 'REEF5204C1', '1', '46900', 'U', '0', '0', '0', '0', '0', NULL, '12190'),
	(1659, 'REEF5204C2', '1', '46900', 'U', '0', '0', '0', '0', '0', NULL, '12190'),
	(1660, 'REEF5204C4', '1', '46900', 'U', '0', '0', '0', '0', '0', NULL, '12190'),
	(1661, 'VM3561C4', '1', '16500', 'M', '0', '0', '0', '0', '0', NULL, '950'),
	(1662, 'ORE6110C2', '1', '57400', 'M', '0', '0', '0', '0', '0', NULL, '14870'),
	(1663, 'ORE6108C2', '1', '57400', 'M', '0', '0', '0', '0', '0', NULL, '13670'),
	(1664, 'REEF5190C4', '1', '45600', 'U', '0', '0', '0', '0', '0', NULL, '11860'),
	(1665, 'VM3751C1', '1', '16500', 'M', '0', '0', '0', '0', '0', NULL, '450'),
	(1666, 'ORE7315C4', '1', '55400', 'M', '0', '0', '0', '0', '0', NULL, '14360'),
	(1667, 'VM3738C3', '1', '45700', 'M', '0', '0', '0', '0', '0', NULL, '10880'),
	(1668, 'VM3738C4', '1', '45700', 'M', '0', '0', '0', '0', '0', NULL, '10880'),
	(1669, 'VM3807C3', '1', '51300', 'M', '0', '0', '0', '0', '0', NULL, '12260'),
	(1670, 'REEF5258C1', '1', '40600', 'H', '0', '0', '0', '0', '0', NULL, '4950'),
	(1671, 'REEF5190C2', '1', '45600', 'U', '0', '0', '0', '0', '0', NULL, '11860'),
	(1672, 'REEF5245C1', '1', '55800', 'U', '0', '0', '0', '0', '0', NULL, '14520'),
	(1673, 'VM3858C1', '1', '41800', 'M', '0', '0', '0', '0', '0', NULL, '6350'),
	(1674, 'VM3902C1', '1', '41800', 'M', '0', '0', '0', '0', '0', NULL, '6240'),
	(1675, 'REEF132C012', '1', '55400', 'U', '0', '0', '0', '0', '0', NULL, '13200'),
	(1676, 'REEF132C014', '1', '55400', 'U', '0', '0', '0', '0', '0', NULL, '13200'),
	(1677, 'PR887C2', '1', '39600', 'M', '0', '0', '0', '0', '0', NULL, '7840'),
	(1678, 'PR887C3', '1', '39600', 'M', '0', '0', '0', '0', '0', NULL, '7840'),
	(1679, 'REEF132C016', '1', '55400', 'U', '0', '0', '0', '0', '0', NULL, '13200'),
	(1680, 'REEF186C018', '1', '57400', 'M', '0', '0', '0', '0', '0', NULL, '13660'),
	(1681, 'REEF224C012', '1', '50700', 'U', '0', '0', '0', '0', '0', NULL, '12090'),
	(1682, 'REEF283C003', '1', '59500', 'U', '0', '0', '0', '0', '0', NULL, '14170'),
	(1683, 'REEF186C016', '1', '57400', 'M', '0', '0', '0', '0', '0', NULL, '13660'),
	(1684, 'VM6172C3', '1', '56200', 'M', '0', '0', '0', '0', '0', NULL, '13390'),
	(1685, 'VM7373C1', '1', '58700', 'M', '0', '0', '0', '0', '0', NULL, '13970'),
	(1686, 'VM7373C3', '1', '58700', 'M', '0', '0', '0', '0', '0', NULL, '13970'),
	(1687, 'OSSI6862C004', '1', '50900', 'M', '0', '0', '0', '0', '0', NULL, '13200'),
	(1688, 'ORE977C3', '1', '63300', 'M', '0', '0', '0', '0', '0', NULL, '16440'),
	(1689, 'REEF132C013', '1', '55400', 'U', '0', '0', '0', '0', '0', NULL, '13200'),
	(1690, 'REEF186C019', '1', '57400', 'M', '0', '0', '0', '0', '0', NULL, '13660'),
	(1691, 'REEF239C005', '1', '54400', 'U', '0', '0', '0', '0', '0', NULL, '12930'),
	(1692, 'REEF239C008', '1', '54400', 'U', '0', '0', '0', '0', '0', NULL, '12930'),
	(1693, 'REEF276C005', '1', '61400', 'U', '0', '0', '0', '0', '0', NULL, '14620'),
	(1694, 'REEF5144C5', '1', '44900', 'U', '0', '0', '0', '0', '0', NULL, '11670'),
	(1695, 'REEF5228C1', '1', '46900', 'M', '0', '0', '0', '0', '0', NULL, '12190'),
	(1696, 'REEF5228C2', '1', '46900', 'M', '0', '0', '0', '0', '0', NULL, '12190'),
	(1697, 'REEF5228C5', '1', '46900', 'M', '0', '0', '0', '0', '0', NULL, '12190'),
	(1698, 'REEF5245C4', '1', '55800', 'U', '0', '0', '0', '0', '0', NULL, '14520'),
	(1699, 'REEF188C004', '1', '49100', 'U', '0', '0', '0', '0', '0', NULL, '11000'),
	(1700, 'REEF256C004', '1', '49100', 'U', '0', '0', '0', '0', '0', NULL, '11000'),
	(1701, 'REEF238C001', '1', '45000', 'U', '0', '0', '0', '0', '0', NULL, '10000'),
	(1702, 'CH2060C3', '1', '12900', '', '0', '0', '0', '0', '0', NULL, '420'),
	(1703, 'CH14200C1', '1', '12900', '', '0', '0', '0', '0', '0', NULL, '420'),
	(1704, 'CH14200C3', '1', '12900', '', '0', '0', '0', '0', '0', NULL, '420'),
	(1705, '1R1-ROOTS-05C2', '1', '42500', 'U', '0', '0', '0', '0', '0', NULL, '11020'),
	(1706, '1R1-ROOTS-06C3', '1', '42500', 'U', '0', '0', '0', '0', '0', NULL, '11020'),
	(1707, '1R1-NAKYMA-10C3', '1', '38200', 'H', '0', '0', '0', '0', '0', NULL, '9130'),
	(1708, '1R1-NAKYMA-09C3', '1', '38200', 'H', '0', '0', '0', '0', '0', NULL, '9130'),
	(1709, '1R1-NAKYMA-11C1', '1', '38200', 'U', '0', '0', '0', '0', '0', NULL, '9130'),
	(1710, '1R1-NAKYMA-11C2', '1', '38200', 'U', '0', '0', '0', '0', '0', NULL, '9130'),
	(1711, '8R1-NAKYMA-12C3', '1', '34400', 'H', '0', '0', '0', '0', '0', NULL, '8200'),
	(1712, '2RN-NAKYMA-21C1', '1', '31800', 'H', '0', '0', '0', '0', '0', NULL, '7570'),
	(1713, '2RN-NAKYMA-21C3', '1', '31800', 'H', '0', '0', '0', '0', '0', NULL, '7570'),
	(1714, '2RN-NAKYMA-28C1', '1', '31800', 'H', '0', '0', '0', '0', '0', NULL, '7570'),
	(1715, '2RN-NAKYMA-28C4', '1', '31800', 'H', '0', '0', '0', '0', '0', NULL, '7570'),
	(1716, '2RN-NAKYMA-30C2', '1', '31800', 'H', '0', '0', '0', '0', '0', NULL, '7570'),
	(1717, '1R1-ROOTS-01C1', '1', '42500', 'H', '0', '0', '0', '0', '0', NULL, '11020'),
	(1718, '1R1-ROOTS-01C3', '1', '42500', 'H', '0', '0', '0', '0', '0', NULL, '11020'),
	(1719, '1R1-ROOTS-04C1', '1', '42500', 'H', '0', '0', '0', '0', '0', NULL, '11020'),
	(1720, '1R1-ROOTS-04C3', '1', '42500', 'H', '0', '0', '0', '0', '0', NULL, '11020'),
	(1721, '1R1-ROOTS-05C3', '1', '42500', 'U', '0', '0', '0', '0', '0', NULL, '11020'),
	(1722, '1R1-ROOTS-06C1', '1', '42500', 'U', '0', '0', '0', '0', '0', NULL, '11020'),
	(1723, '1R1-ROOTS-10C3', '1', '59600', 'U', '0', '0', '0', '0', '0', NULL, '15490'),
	(1724, 'OP535C1', '1', '51300', 'H', '0', '0', '0', '0', '0', NULL, '13330'),
	(1725, 'OP535C2', '1', '51300', 'H', '0', '0', '0', '0', '0', NULL, '13330'),
	(1726, 'OP577C2', '1', '51300', 'H', '0', '0', '0', '0', '0', NULL, '13330'),
	(1727, 'OP577C3', '1', '51300', 'H', '0', '0', '0', '0', '0', NULL, '13330'),
	(1728, 'OP581C6', '1', '43400', 'U', '0', '0', '0', '0', '0', NULL, '11250'),
	(1729, 'OP582C4', '1', '43400', 'U', '0', '0', '0', '0', '0', NULL, '11250'),
	(1730, 'OP583C2', '1', '43400', 'U', '0', '0', '0', '0', '0', NULL, '11250'),
	(1731, 'OP583C4', '1', '43400', 'U', '0', '0', '0', '0', '0', NULL, '11250'),
	(1732, 'OP584C1', '1', '43400', 'U', '0', '0', '0', '0', '0', NULL, '11250'),
	(1733, 'IV401', '1', '7500', '', '0', '0', '0', '0', '0', NULL, '300'),
	(1734, 'IV409', '1', '7500', '', '0', '0', '0', '0', '0', NULL, '300'),
	(1735, 'IV420', '1', '7500', '', '0', '0', '0', '0', '0', NULL, '300'),
	(1736, 'NX05C2', '1', '9500', '', '0', '0', '0', '0', '0', NULL, '195'),
	(1737, 'LM3138C2', '1', '28900', '', '0', '0', '0', '0', '0', NULL, '500'),
	(1738, 'LM3108C3', '1', '24200', '', '0', '0', '0', '0', '0', NULL, '500'),
	(1739, 'LM3107C1', '1', '24200', '', '0', '0', '0', '0', '0', NULL, '500'),
	(1740, 'LM3115C4', '1', '24200', '', '0', '0', '0', '0', '0', NULL, '500'),
	(1741, 'LM3119C4', '1', '24200', '', '0', '0', '0', '0', '0', NULL, '0'),
	(1742, 'LM3129C3', '1', '28900', '', '0', '0', '0', '0', '0', NULL, '500'),
	(1743, 'LM3110C3', '1', '28900', '', '0', '0', '0', '0', '0', NULL, '500'),
	(1744, 'LM3118C2', '1', '24200', '', '0', '0', '0', '0', '0', NULL, '500'),
	(1745, 'LM3126C4', '1', '28900', '', '0', '0', '0', '0', '0', NULL, '500'),
	(1746, 'LM3080C4', '1', '28900', '', '0', '0', '0', '0', '0', NULL, '500'),
	(1747, 'LM3160C4', '1', '28900', '', '0', '0', '0', '0', '0', NULL, '0'),
	(1748, 'LM3062C4', '1', '28900', '', '0', '0', '0', '0', '0', NULL, '1444'),
	(1749, 'KKV362C3', '1', '13500', '', '0', '0', '0', '0', '0', NULL, '1111'),
	(1750, 'KKV340C1', '1', '13500', '', '0', '0', '0', '0', '0', NULL, '1111'),
	(1751, 'KKV340C3', '1', '13500', '', '0', '0', '0', '0', '0', NULL, '1111'),
	(1752, 'KKV332C4', '1', '13500', '', '0', '0', '0', '0', '0', NULL, '1111'),
	(1753, 'KKV329C1', '1', '13500', '', '0', '0', '0', '0', '0', NULL, '1111'),
	(1754, 'KKV329C3', '1', '13500', '', '0', '0', '0', '0', '0', NULL, '1111'),
	(1755, 'KKV327C1', '1', '13500', '', '0', '0', '0', '0', '0', NULL, '1111'),
	(1756, 'KKV323C3', '1', '13500', '', '0', '0', '0', '0', '0', NULL, '1111'),
	(1757, 'KKV304C2', '1', '13500', '', '0', '0', '0', '0', '0', NULL, '1111'),
	(1758, 'KKV300C3', '1', '13500', '', '0', '0', '0', '0', '0', NULL, '1111'),
	(1759, 'LM3110C2', '1', '28900', '', '0', '0', '0', '0', '0', NULL, '1111'),
	(1760, 'LM3118C4', '1', '24200', '', '0', '0', '0', '0', '0', NULL, '1111'),
	(1761, 'LM3143C3', '1', '24200', '', '0', '0', '0', '0', '0', NULL, '1111'),
	(1762, 'LM3134C2', '1', '28900', '', '0', '0', '0', '0', '0', NULL, '1111'),
	(1763, 'M100C08', '1', '9500', 'N', '0', '0', '0', '0', '0', NULL, '1700'),
	(1764, 'M44C05', '1', '9500', 'M', '0', '0', '0', '0', '0', NULL, '1500'),
	(1765, 'M79C6LADYPURPLE', '1', '9500', 'M', '0', '0', '0', '0', '0', NULL, '1500'),
	(1766, 'M103C5BLACKBLUE', '1', '9500', 'M', '0', '0', '0', '0', '0', NULL, '1500'),
	(1767, 'SH03C2', '2', '9500', '', '0', '0', '0', '0', '0', NULL, '200'),
	(1768, 'EA-CINDY3', '2', '6500', '', '0', '0', '0', '0', '0', NULL, '250'),
	(1769, 'M29614C3', '2', '15300', '', '0', '0', '0', '0', '0', NULL, '600'),
	(1770, 'LM3114C4', '2', '28900', '', '0', '0', '0', '0', '0', NULL, '1000'),
	(1771, 'SUM-JOES', '2', '10900', '', '0', '0', '0', '0', '0', NULL, '800'),
	(1772, 'SUM-URBAIN', '2', '7500', '', '0', '0', '0', '0', '0', NULL, '800'),
	(1773, 'DC9079C1', '2', '21400', 'H', '0', '0', '0', '0', '0', NULL, '1000'),
	(1774, 'DCD06C1', '2', '21400', 'U', '0', '0', '0', '0', '0', NULL, '1000'),
	(1775, 'TR52C12', '2', '14800', 'N', '0', '0', '0', '0', '0', NULL, '850'),
	(1776, 'TR44C10', '2', '14800', 'N', '0', '0', '0', '0', '0', NULL, '850'),
	(1777, 'TR48C9', '2', '14800', 'N', '0', '0', '0', '0', '0', NULL, '850'),
	(1778, 'TR92005C2', '2', '21400', 'H', '0', '0', '0', '0', '0', NULL, '100'),
	(1779, 'LS028C2', '2', '24800', 'M', '0', '0', '0', '0', '0', NULL, '3000'),
	(1780, 'TR2217C2', '2', '16900', 'U', '0', '0', '0', '0', '0', NULL, '3000'),
	(1781, 'TR2217C3', '2', '16900', 'U', '0', '0', '0', '0', '0', NULL, '2300'),
	(1782, 'TR1212C1', '2', '21400', 'M', '0', '0', '0', '0', '0', NULL, '2000'),
	(1783, 'J8-3161-E973', '2', '17600', 'H', '0', '0', '0', '0', '0', NULL, '3240'),
	(1784, 'J8-3171-F568', '2', '17600', 'H', '0', '0', '0', '0', '0', NULL, '2960'),
	(1785, 'J8-3179-G486', '2', '17600', 'H', '0', '0', '0', '0', '0', NULL, '3240'),
	(1786, 'J8-3187-G726', '2', '17600', 'H', '0', '0', '0', '0', '0', NULL, '2960'),
	(1787, 'J8-3207-H881', '2', '17600', 'H', '0', '0', '0', '0', '0', NULL, '2960'),
	(1788, 'J8-3215-I555', '2', '17600', 'M', '0', '0', '0', '0', '0', NULL, '3240'),
	(1789, 'J8-3184-G715', '2', '16500', 'M', '0', '0', '0', '0', '0', NULL, '2530'),
	(1790, 'J8-3184-G717', '2', '16500', 'M', '0', '0', '0', '0', '0', NULL, '2530'),
	(1791, 'J8-3194-I196', '2', '17600', 'M', '0', '0', '0', '0', '0', NULL, '3240'),
	(1792, 'J8-3199-H696', '2', '17600', 'M', '0', '0', '0', '0', '0', NULL, '2960'),
	(1793, 'J8-3201-I365', '2', '17600', 'M', '0', '0', '0', '0', '0', NULL, '2960'),
	(1794, 'P9-3173-I149', '2', '20100', 'M', '0', '0', '0', '0', '0', NULL, '4270'),
	(1795, 'P9-3174-I634', '2', '20100', 'M', '0', '0', '0', '0', '0', NULL, '3380'),
	(1796, 'P9-3174-I631', '2', '20100', 'M', '0', '0', '0', '0', '0', NULL, '3380'),
	(1797, 'J8-3217-I558', '2', '17600', 'H', '0', '0', '0', '0', '0', NULL, '3240'),
	(1798, 'D1189C1', '2', '4900', 'H', '0', '0', '0', '0', '0', NULL, '1000'),
	(1799, 'J8-3195-I197', '2', '16500', 'H', '0', '0', '0', '0', '0', NULL, '2530'),
	(1800, 'J8-3210-I175', '2', '17600', 'M', '0', '0', '0', '0', '0', NULL, '3200'),
	(1801, 'J8-3199-I364', '2', '17600', 'M', '0', '0', '0', '0', '0', NULL, '2960'),
	(1802, '8307C1', '2', '30200', 'M', '0', '0', '0', '0', '0', NULL, '100'),
	(1803, '8307C2', '2', '30200', 'M', '0', '0', '0', '0', '0', NULL, '100'),
	(1804, '18011C1', '2', '25300', 'U', '0', '0', '0', '0', '0', NULL, '1724'),
	(1805, 'GSP027C3', '2', '25300', 'U', '0', '0', '0', '0', '0', NULL, '1724'),
	(1806, 'W2338-GC1', '2', '24800', 'U', '0', '0', '0', '0', '0', NULL, '1724'),
	(1807, 'W2351-HC3', '2', '24800', 'U', '0', '0', '0', '0', '0', NULL, '1724'),
	(1808, 'XC61023C3', '2', '24400', 'H', '0', '0', '0', '0', '0', NULL, '1848'),
	(1809, 'J8-3220-J348', '2', '17600', 'M', '0', '0', '0', '0', '0', NULL, '2940'),
	(1810, 'J8-3225-J021', '2', '17600', 'M', '0', '0', '0', '0', '0', NULL, '3240'),
	(1811, 'J8-3225-J019', '2', '17600', 'M', '0', '0', '0', '0', '0', NULL, '3240'),
	(1812, 'J8-3204-I583', '2', '17600', 'M', '0', '0', '0', '0', '0', NULL, '2940'),
	(1813, 'J8-3205-H889', '2', '16500', 'H', '0', '0', '0', '0', '0', NULL, '2530'),
	(1814, 'J8-3208-I382', '2', '16500', 'M', '0', '0', '0', '0', '0', NULL, '2530'),
	(1815, 'J8-3210-I174', '2', '17600', 'M', '0', '0', '0', '0', '0', NULL, '3200'),
	(1816, 'J8-3213-I567', '2', '17600', 'M', '0', '0', '0', '0', '0', NULL, '2940'),
	(1817, 'J8-3214-I550', '2', '17600', 'M', '0', '0', '0', '0', '0', NULL, '3240'),
	(1818, 'J8-3216-I571', '2', '17600', 'H', '0', '0', '0', '0', '0', NULL, '2940'),
	(1819, 'J8-3216-I573', '2', '17600', 'H', '0', '0', '0', '0', '0', NULL, '2940'),
	(1820, 'J8-3218-J296', '2', '16500', 'U', '0', '0', '0', '0', '0', NULL, '2530'),
	(1821, 'J8-3219-J011', '2', '17600', 'H', '0', '0', '0', '0', '0', NULL, '3240'),
	(1822, 'J8-3219-J012', '2', '17600', 'H', '0', '0', '0', '0', '0', NULL, '3240'),
	(1823, 'J8-3219-J013', '2', '17600', 'H', '0', '0', '0', '0', '0', NULL, '3240'),
	(1824, 'J8-3220-J346', '2', '17600', 'M', '0', '0', '0', '0', '0', NULL, '2940'),
	(1825, 'J8-3222-J014', '2', '17600', 'M', '0', '0', '0', '0', '0', NULL, '3240'),
	(1826, 'J8-3222-J016', '2', '17600', 'M', '0', '0', '0', '0', '0', NULL, '3240'),
	(1827, 'KP-3130-H352', '2', '21200', 'M', '0', '0', '0', '0', '0', NULL, '3580'),
	(1828, 'FBD05-07C01', '2', '23200', 'U', '0', '0', '0', '0', '0', NULL, '5300'),
	(1829, '100702C5', '2', '22400', 'M', '0', '0', '0', '0', '0', NULL, '5000'),
	(1830, '100702C7', '2', '22400', 'M', '0', '0', '0', '0', '0', NULL, '5000'),
	(1831, '100704C1', '2', '22400', 'M', '0', '0', '0', '0', '0', NULL, '5000'),
	(1832, '100704C5', '2', '22400', 'M', '0', '0', '0', '0', '0', NULL, '5000'),
	(1833, '100704C7', '2', '22400', 'M', '0', '0', '0', '0', '0', NULL, '5000'),
	(1834, '100705C1', '2', '24400', 'M', '0', '0', '0', '0', '0', NULL, '5000'),
	(1835, '100705C2', '2', '24400', 'M', '0', '0', '0', '0', '0', NULL, '5000'),
	(1836, 'EM6006C1', '2', '26200', 'M', '0', '0', '0', '0', '0', NULL, '7000'),
	(1837, 'EM6006C2', '2', '26200', 'M', '0', '0', '0', '0', '0', NULL, '7000'),
	(1838, 'MG3678C4', '2', '33500', 'M', '0', '0', '0', '0', '0', NULL, '7000'),
	(1839, 'MG3679C3', '2', '30800', 'M', '0', '0', '0', '0', '0', NULL, '7000'),
	(1840, '8623C1', '2', '19800', 'H', '0', '0', '0', '0', '0', NULL, '5000'),
	(1841, '8638C4', '2', '19800', 'H', '0', '0', '0', '0', '0', NULL, '5000'),
	(1842, '8640C2', '2', '19800', 'H', '0', '0', '0', '0', '0', NULL, '5000'),
	(1843, 'MG3721C1', '2', '29900', 'H', '0', '0', '0', '0', '0', NULL, '7000'),
	(1844, 'MG3721C3', '2', '29900', 'H', '0', '0', '0', '0', '0', NULL, '7000'),
	(1845, 'OLD7495AC4', '2', '30200', 'H', '0', '0', '0', '0', '0', NULL, '6000'),
	(1846, 'MS8239BC1', '2', '32200', 'M', '0', '0', '0', '0', '0', NULL, '6000'),
	(1847, 'MS8239BC3', '2', '32200', 'M', '0', '0', '0', '0', '0', NULL, '6000'),
	(1848, 'XE2121C2', '2', '21400', 'H', '0', '0', '0', '0', '0', NULL, '6000'),
	(1849, 'XE2121C4', '2', '21400', 'H', '0', '0', '0', '0', '0', NULL, '6000'),
	(1850, 'YJ-0155C1', '2', '26200', 'M', '0', '0', '0', '0', '0', NULL, '6000'),
	(1851, 'YJ-0169C2', '2', '24400', 'M', '0', '0', '0', '0', '0', NULL, '6000'),
	(1852, 'YJ-0230C3', '2', '24400', 'M', '0', '0', '0', '0', '0', NULL, '6000'),
	(1853, 'P9-3175-I823', '2', '23200', 'M', '0', '0', '0', '0', '0', NULL, '4270'),
	(1854, 'P9-3175-I824', '2', '23200', 'M', '0', '0', '0', '0', '0', NULL, '4270'),
	(1855, 'P9-3154-G773', '2', '20100', 'M', '0', '0', '0', '0', '0', NULL, '3380'),
	(1856, 'P9-3154-H468', '2', '20100', 'M', '0', '0', '0', '0', '0', NULL, '3380'),
	(1857, 'P9-3161-H413', '2', '20100', 'M', '0', '0', '0', '0', '0', NULL, '3380'),
	(1858, 'P9-3176-I826', '2', '23200', 'M', '0', '0', '0', '0', '0', NULL, '4260'),
	(1859, 'P9-3176-I829', '2', '23200', 'M', '0', '0', '0', '0', '0', NULL, '4260'),
	(1860, 'J8-3209-I379', '2', '16500', 'M', '0', '0', '0', '0', '0', NULL, '2530'),
	(1861, 'J8-3223-J312', '2', '17600', 'M', '0', '0', '0', '0', '0', NULL, '2940'),
	(1862, 'P9-3169-H954', '2', '20100', 'M', '0', '0', '0', '0', '0', NULL, '3380'),
	(1863, 'P9-3176-I827', '2', '23200', 'M', '0', '0', '0', '0', '0', NULL, '4270'),
	(1864, 'J8-3209-J094', '2', '16500', 'M', '0', '0', '0', '0', '0', NULL, '2530'),
	(1865, 'J8-3197-H710', '2', '17600', 'H', '0', '0', '0', '0', '0', NULL, '2960'),
	(1866, 'J8-3197-I367', '2', '17600', 'H', '0', '0', '0', '0', '0', NULL, '2960'),
	(1867, '024C1', '2', '25300', 'M', '0', '0', '0', '0', '0', NULL, '3750'),
	(1868, '087C1', '2', '27500', 'U', '0', '0', '0', '0', '0', NULL, '3750'),
	(1869, '087C2', '2', '27500', 'U', '0', '0', '0', '0', '0', NULL, '3750'),
	(1870, 'GLOX2399C1', '2', '28800', 'U', '0', '0', '0', '0', '0', NULL, '8230'),
	(1871, 'GLOX2399C2', '2', '28800', 'U', '0', '0', '0', '0', '0', NULL, '8230'),
	(1872, '8298C2', '2', '28200', 'U', '0', '0', '0', '0', '0', NULL, '6000'),
	(1873, '8298C3', '2', '28200', 'U', '0', '0', '0', '0', '0', NULL, '6000'),
	(1874, '8305C1', '2', '27300', 'M', '0', '0', '0', '0', '0', NULL, '6000'),
	(1875, '8307C4', '2', '30200', 'M', '0', '0', '0', '0', '0', NULL, '6000'),
	(1876, 'MH0057BC2', '2', '27600', 'U', '0', '0', '0', '0', '0', NULL, '6000'),
	(1877, 'MH0057BC3', '2', '27600', 'U', '0', '0', '0', '0', '0', NULL, '6000'),
	(1878, 'MH0057BC4', '2', '27600', 'U', '0', '0', '0', '0', '0', NULL, '6000'),
	(1879, 'RTA5003C1', '2', '27900', 'U', '0', '0', '0', '0', '0', NULL, '6000'),
	(1880, 'RTA5003C3', '2', '27900', 'U', '0', '0', '0', '0', '0', NULL, '6000'),
	(1881, 'RTA5003C4', '2', '27900', 'U', '0', '0', '0', '0', '0', NULL, '6000'),
	(1882, 'RTA5004C4', '2', '26700', 'U', '0', '0', '0', '0', '0', NULL, '6000'),
	(1883, 'RTA5005C1', '2', '29700', 'U', '0', '0', '0', '0', '0', NULL, '6000'),
	(1884, 'RTA5005C3', '2', '29700', 'U', '0', '0', '0', '0', '0', NULL, '6000'),
	(1885, 'RTM1007C3', '2', '28200', 'U', '0', '0', '0', '0', '0', NULL, '6000'),
	(1886, 'RTM1007C4', '2', '28200', 'U', '0', '0', '0', '0', '0', NULL, '6000'),
	(1887, 'WYA5004C2', '2', '26700', 'U', '0', '0', '0', '0', '0', NULL, '6000'),
	(1888, '8346C4', '2', '28000', 'U', '0', '0', '0', '0', '0', NULL, '6000'),
	(1889, 'MB1195C4', '2', '26500', 'M', '0', '0', '0', '0', '0', NULL, '6000'),
	(1890, 'MB1195C5', '2', '25000', 'M', '0', '0', '0', '0', '0', NULL, '6000'),
	(1891, 'J8-3201-H699', '2', '17600', 'M', '0', '0', '0', '0', '0', NULL, '2960'),
	(1892, 'J8-3209-I376', '2', '16500', 'M', '0', '0', '0', '0', '0', NULL, '2530'),
	(1893, 'VM6961C2', '2', '16500', 'M', '0', '0', '0', '0', '0', NULL, '400'),
	(1894, 'REEF5215C4', '2', '49500', 'M', '0', '0', '0', '0', '0', NULL, '13220'),
	(1895, 'REEF5190C1', '2', '45600', 'U', '0', '0', '0', '0', '0', NULL, '11860'),
	(1896, 'VM3751C4', '2', '16500', 'M', '0', '0', '0', '0', '0', NULL, '450'),
	(1897, 'REEF024C026', '2', '52900', 'U', '0', '0', '0', '0', '0', NULL, '12600'),
	(1898, 'REEF217C012', '2', '54400', 'U', '0', '0', '0', '0', '0', NULL, '12930'),
	(1899, '8R1-NAKYMA-09C2', '2', '34400', 'H', '0', '0', '0', '0', '0', NULL, '8200'),
	(1900, '8R1-NAKYMA-09C3', '2', '34400', 'H', '0', '0', '0', '0', '0', NULL, '8200'),
	(1901, '8R1-NAKYMA-11C2', '2', '34400', 'H', '0', '0', '0', '0', '0', NULL, '8200'),
	(1902, '8R1-NAKYMA-11C3', '2', '34400', 'H', '0', '0', '0', '0', '0', NULL, '8200'),
	(1903, '2RN-NAKYMA-10C1', '2', '31800', 'U', '0', '0', '0', '0', '0', NULL, '7570'),
	(1904, '2RN-NAKYMA-10C8', '2', '31800', 'U', '0', '0', '0', '0', '0', NULL, '7570'),
	(1905, '1R1-NAKYMA-10C1', '2', '38200', 'H', '0', '0', '0', '0', '0', NULL, '9130'),
	(1906, '1R1-NAKYMA-10C2', '2', '38200', 'H', '0', '0', '0', '0', '0', NULL, '9130'),
	(1907, '2RN-NAKYMA-05C2', '2', '26200', 'U', '0', '0', '0', '0', '0', NULL, '6220'),
	(1908, '1R1-NAKYMA-09C1', '2', '38200', 'H', '0', '0', '0', '0', '0', NULL, '9130'),
	(1909, '1R1-NAKYMA-09C2', '2', '38200', 'H', '0', '0', '0', '0', '0', NULL, '9130'),
	(1910, '1R1-NAKYMA-11C3', '2', '38200', 'U', '0', '0', '0', '0', '0', NULL, '9130'),
	(1911, '8R1-NAKYMA-03C1', '2', '38200', 'H', '0', '0', '0', '0', '0', NULL, '9130'),
	(1912, '8R1-NAKYMA-03C2', '2', '38200', 'H', '0', '0', '0', '0', '0', NULL, '9130'),
	(1913, '8R1-NAKYMA-03C3', '2', '38200', 'H', '0', '0', '0', '0', '0', NULL, '9130'),
	(1914, '8R1-NAKYMA-12C1', '2', '34400', 'H', '0', '0', '0', '0', '0', NULL, '8200'),
	(1915, '8R1-NAKYMA-12C2', '2', '34400', 'H', '0', '0', '0', '0', '0', NULL, '8200'),
	(1916, '2RN-NAKYMA-07C7', '2', '26200', 'U', '0', '0', '0', '0', '0', NULL, '6220'),
	(1917, '2RN-NAKYMA-28C2', '2', '31800', 'H', '0', '0', '0', '0', '0', NULL, '7570'),
	(1918, '2RN-NAKYMA-30C5', '2', '31800', 'H', '0', '0', '0', '0', '0', NULL, '7570'),
	(1919, '2RN-NAKYMA-31C1', '2', '31800', 'H', '0', '0', '0', '0', '0', NULL, '7570'),
	(1920, '2RN-NAKYMA-31C2', '2', '31800', 'H', '0', '0', '0', '0', '0', NULL, '7570'),
	(1921, '2RN-NAKYMA-31C3', '2', '31800', 'H', '0', '0', '0', '0', '0', NULL, '7570'),
	(1922, '1R1-ROOTS-11C1', '2', '59600', 'H', '0', '0', '0', '0', '0', NULL, '15490'),
	(1923, '1R1-ROOTS-11C2', '2', '59600', 'H', '0', '0', '0', '0', '0', NULL, '15490'),
	(1924, 'LM3126C2', '2', '28900', '', '0', '0', '0', '0', '0', NULL, '500'),
	(1925, 'LM3134C3', '2', '28900', '', '0', '0', '0', '0', '0', NULL, '500'),
	(1926, 'LM3107C3', '2', '24200', '', '0', '0', '0', '0', '0', NULL, '0'),
	(1927, 'LM3127C1', '2', '24200', '', '0', '0', '0', '0', '0', NULL, '500'),
	(1928, 'LM3115C3', '2', '24200', '', '0', '0', '0', '0', '0', NULL, '500'),
	(1929, 'LM3164C1', '2', '28900', '', '0', '0', '0', '0', '0', NULL, '500'),
	(1930, 'LM3124C3', '2', '24200', '', '0', '0', '0', '0', '0', NULL, '500'),
	(1931, 'SH1001NC3', '2', '15500', 'M', '0', '0', '0', '0', '0', NULL, '333'),
	(1932, 'KKV368C4', '2', '13500', '', '0', '0', '0', '0', '0', NULL, '1111'),
	(1933, 'KKV362C4', '2', '13500', '', '0', '0', '0', '0', '0', NULL, '1111'),
	(1934, 'KKV351C2', '2', '13500', '', '0', '0', '0', '0', '0', NULL, '1111'),
	(1935, 'KKV351C3', '2', '13500', '', '0', '0', '0', '0', '0', NULL, '1111'),
	(1936, 'KKV342C4', '2', '13500', '', '0', '0', '0', '0', '0', NULL, '1111'),
	(1937, 'KKV332C2', '2', '13500', '', '0', '0', '0', '0', '0', NULL, '1111'),
	(1938, 'KKV327C2', '2', '13500', '', '0', '0', '0', '0', '0', NULL, '1111'),
	(1939, 'KKV323C2', '2', '13500', '', '0', '0', '0', '0', '0', NULL, '1111'),
	(1940, 'KKV309C3', '2', '13500', '', '0', '0', '0', '0', '0', NULL, '1111'),
	(1941, 'KKV309C4', '2', '13500', '', '0', '0', '0', '0', '0', NULL, '1111'),
	(1942, 'KKV302C2', '2', '13500', '', '0', '0', '0', '0', '0', NULL, '1111'),
	(1943, 'LM3109C3', '2', '24200', '', '0', '0', '0', '0', '0', NULL, '1111'),
	(1944, 'M95C8BLACK', '2', '9500', 'H', '0', '0', '0', '0', '0', NULL, '1000'),
	(1945, 'M44C04', '2', '9500', 'M', '0', '0', '0', '0', '0', NULL, '1500'),
	(1946, 'IV1COL1', '3', '9500', 'U', '0', '0', '0', '0', '0', NULL, '200'),
	(1947, 'LIGNE-DESIRE', '3', '5400', '', '0', '0', '0', '0', '0', NULL, '200'),
	(1948, 'OR-MOJ-02C3', '3', '4700', '', '0', '0', '0', '0', '0', NULL, '350'),
	(1949, 'M29591C3', '3', '15300', '', '0', '0', '0', '0', '0', NULL, '600'),
	(1950, 'M29614C2', '3', '15300', '', '0', '0', '0', '0', '0', NULL, '600'),
	(1951, 'LM3162C1', '3', '28900', '', '0', '0', '0', '0', '0', NULL, '1000'),
	(1952, 'LM3109C4', '3', '24200', '', '0', '0', '0', '0', '0', NULL, '1000'),
	(1953, 'SUM-VICHY', '3', '14900', '', '0', '0', '0', '0', '0', NULL, '800'),
	(1954, 'SUM-OZZIE6027', '3', '5500', '', '0', '0', '0', '0', '0', NULL, '800'),
	(1955, 'KIDDOS-SOL', '3', '9800', 'N', '0', '0', '0', '0', '0', NULL, '700'),
	(1956, 'DCD06C4', '3', '21400', 'U', '0', '0', '0', '0', '0', NULL, '100'),
	(1957, 'TR53C7', '3', '14800', 'N', '0', '0', '0', '0', '0', NULL, '850'),
	(1958, 'TR44C6', '3', '14800', 'N', '0', '0', '0', '0', '0', NULL, '2450'),
	(1959, 'TR92005C6', '3', '21400', 'H', '0', '0', '0', '0', '0', NULL, '100'),
	(1960, 'LS027C2', '3', '24800', 'M', '0', '0', '0', '0', '0', NULL, '3000'),
	(1961, 'LS014C5', '3', '22400', 'M', '0', '0', '0', '0', '0', NULL, '3000'),
	(1962, 'TR92018C2', '3', '23400', 'M', '0', '0', '0', '0', '0', NULL, '3000'),
	(1963, 'TR2210C2', '3', '16900', 'U', '0', '0', '0', '0', '0', NULL, '2000'),
	(1964, 'P9-3169-H952', '3', '20100', 'M', '0', '0', '0', '0', '0', NULL, '3380'),
	(1965, 'J8-3145-D352', '3', '17600', 'H', '0', '0', '0', '0', '0', NULL, '2960'),
	(1966, 'J8-3152-E340', '3', '17600', 'H', '0', '0', '0', '0', '0', NULL, '2960'),
	(1967, 'J8-3187-G728', '3', '17600', 'H', '0', '0', '0', '0', '0', NULL, '2960'),
	(1968, 'J8-3195-H246', '3', '16500', 'H', '0', '0', '0', '0', '0', NULL, '2530'),
	(1969, 'J8-3195-H247', '3', '16500', 'H', '0', '0', '0', '0', '0', NULL, '2530'),
	(1970, 'J8-3211-I177', '3', '17600', 'H', '0', '0', '0', '0', '0', NULL, '3200'),
	(1971, 'J8-3211-I179', '3', '17600', 'H', '0', '0', '0', '0', '0', NULL, '3200'),
	(1972, 'J8-3211-I586', '3', '17600', 'H', '0', '0', '0', '0', '0', NULL, '3200'),
	(1973, 'J8-3210-I173', '3', '17600', 'M', '0', '0', '0', '0', '0', NULL, '3200'),
	(1974, 'D1015C2', '3', '4900', '', '0', '0', '0', '0', '0', NULL, '1000'),
	(1975, 'D1017C2', '3', '4900', '', '0', '0', '0', '0', '0', NULL, '1000'),
	(1976, 'D1311C5', '3', '4900', 'M', '0', '0', '0', '0', '0', NULL, '1000'),
	(1977, 'J8-3217-I557', '3', '17600', 'H', '0', '0', '0', '0', '0', NULL, '3240'),
	(1978, 'GSP023C3', '3', '25300', 'U', '0', '0', '0', '0', '0', NULL, '1724'),
	(1979, 'GSP023C4', '3', '25300', 'U', '0', '0', '0', '0', '0', NULL, '1724'),
	(1980, 'J8-3221-J316', '3', '16500', 'H', '0', '0', '0', '0', '0', NULL, '2530'),
	(1981, 'J8-3203-H893', '3', '17600', 'M', '0', '0', '0', '0', '0', NULL, '2940'),
	(1982, 'J8-3204-H898', '3', '17600', 'M', '0', '0', '0', '0', '0', NULL, '2940'),
	(1983, 'J8-3213-J095', '3', '17600', 'M', '0', '0', '0', '0', '0', NULL, '2940'),
	(1984, 'J8-3214-I548', '3', '17600', 'M', '0', '0', '0', '0', '0', NULL, '3240'),
	(1985, 'J8-3214-I551', '3', '17600', 'M', '0', '0', '0', '0', '0', NULL, '3240'),
	(1986, 'J8-3216-I572', '3', '17600', 'H', '0', '0', '0', '0', '0', NULL, '2940'),
	(1987, 'J8-3220-J349', '3', '17600', 'M', '0', '0', '0', '0', '0', NULL, '2940'),
	(1988, 'J8-3221-J317', '3', '16500', 'H', '0', '0', '0', '0', '0', NULL, '2530'),
	(1989, 'J8-3221-J318', '3', '16500', 'H', '0', '0', '0', '0', '0', NULL, '2530'),
	(1990, 'J8-3222-J017', '3', '17600', 'M', '0', '0', '0', '0', '0', NULL, '3240'),
	(1991, 'J8-3224-J319', '3', '16500', 'H', '0', '0', '0', '0', '0', NULL, '2530'),
	(1992, 'J8-3224-J320', '3', '16500', 'H', '0', '0', '0', '0', '0', NULL, '2530'),
	(1993, 'MJD08-12C01M', '3', '19800', 'U', '0', '0', '0', '0', '0', NULL, '4500'),
	(1994, '60017C2', '3', '29500', 'M', '0', '0', '0', '0', '0', NULL, '5000'),
	(1995, '60068C1', '3', '32200', 'M', '0', '0', '0', '0', '0', NULL, '5000'),
	(1996, 'EF9012C1', '3', '32800', 'M', '0', '0', '0', '0', '0', NULL, '7000'),
	(1997, 'EM1122C2', '3', '28400', 'M', '0', '0', '0', '0', '0', NULL, '7000'),
	(1998, 'MG3677C4', '3', '33500', 'M', '0', '0', '0', '0', '0', NULL, '7000'),
	(1999, 'MG3684C1', '3', '30800', 'M', '0', '0', '0', '0', '0', NULL, '7000'),
	(2000, 'MG3764C1', '3', '28400', 'M', '0', '0', '0', '0', '0', NULL, '7000'),
	(2001, 'TL3682C1', '3', '24800', 'M', '0', '0', '0', '0', '0', NULL, '7000'),
	(2002, 'TL3682C2', '3', '24800', 'M', '0', '0', '0', '0', '0', NULL, '7000'),
	(2003, 'TL3745C1', '3', '33500', 'M', '0', '0', '0', '0', '0', NULL, '7000'),
	(2004, '8601C1', '3', '19800', 'H', '0', '0', '0', '0', '0', NULL, '5000'),
	(2005, '8601C3', '3', '19800', 'H', '0', '0', '0', '0', '0', NULL, '5000'),
	(2006, '8638C1', '3', '19800', 'H', '0', '0', '0', '0', '0', NULL, '5000'),
	(2007, 'TP3916C4', '3', '29900', 'H', '0', '0', '0', '0', '0', NULL, '6000'),
	(2008, 'TP3920C1', '3', '29900', 'U', '0', '0', '0', '0', '0', NULL, '6000'),
	(2009, 'MG6321C1', '3', '22400', 'H', '0', '0', '0', '0', '0', NULL, '6000'),
	(2010, 'XE2120C2', '3', '26200', 'M', '0', '0', '0', '0', '0', NULL, '6000'),
	(2011, 'XE2124C3', '3', '21400', 'H', '0', '0', '0', '0', '0', NULL, '6000'),
	(2012, 'XE2126C1', '3', '21400', 'H', '0', '0', '0', '0', '0', NULL, '6000'),
	(2013, 'YJ-0102CADC1', '3', '26200', 'M', '0', '0', '0', '0', '0', NULL, '6000'),
	(2014, 'YJ-0155C2', '3', '26200', 'M', '0', '0', '0', '0', '0', NULL, '6000'),
	(2015, 'YJ-0169C3', '3', '24400', 'M', '0', '0', '0', '0', '0', NULL, '6000'),
	(2016, 'AN7199L-2754', '3', '20400', 'H', '0', '0', '0', '0', '0', NULL, '4140'),
	(2017, 'J8-3197-H709', '3', '17600', 'H', '0', '0', '0', '0', '0', NULL, '2960'),
	(2018, '8298C1', '3', '28200', 'U', '0', '0', '0', '0', '0', NULL, '6000'),
	(2019, 'RTA5005C4', '3', '29700', 'U', '0', '0', '0', '0', '0', NULL, '6000'),
	(2020, 'RTM1007C1', '3', '28200', 'U', '0', '0', '0', '0', '0', NULL, '6000'),
	(2021, '3029C5', '3', '24200', 'U', '0', '0', '0', '0', '0', NULL, '6000'),
	(2022, '3029C6', '3', '24200', 'U', '0', '0', '0', '0', '0', NULL, '6000'),
	(2023, '8322AC2', '3', '28000', 'U', '0', '0', '0', '0', '0', NULL, '6000'),
	(2024, '8322AC3', '3', '28000', 'U', '0', '0', '0', '0', '0', NULL, '6000'),
	(2025, '8324C3', '3', '28000', 'U', '0', '0', '0', '0', '0', NULL, '6000'),
	(2026, '8359C2', '3', '26000', 'U', '0', '0', '0', '0', '0', NULL, '6000'),
	(2027, '8359C4', '3', '26000', 'U', '0', '0', '0', '0', '0', NULL, '6000'),
	(2028, '8392C3', '3', '28000', 'U', '0', '0', '0', '0', '0', NULL, '6000'),
	(2029, 'MB1195C3', '3', '26500', 'M', '0', '0', '0', '0', '0', NULL, '6000'),
	(2030, 'MOR1668-516', '3', '7200', '', '0', '0', '0', '0', '0', NULL, '267'),
	(2031, 'MO-JULY-106-410', '3', '7200', '', '0', '0', '0', '0', '0', NULL, '267'),
	(2032, 'VM744C2', '3', '16500', 'M', '0', '0', '0', '0', '0', NULL, '656'),
	(2033, 'VM3589C4', '3', '16500', 'M', '0', '0', '0', '0', '0', NULL, '300'),
	(2034, '8R1-NAKYMA-09C1', '3', '34400', 'H', '0', '0', '0', '0', '0', NULL, '8200'),
	(2035, '8R1-NAKYMA-11C1', '3', '34400', 'H', '0', '0', '0', '0', '0', NULL, '8200'),
	(2036, '2RN-NAKYMA-28C3', '3', '31800', 'H', '0', '0', '0', '0', '0', NULL, '7570'),
	(2037, '2RN-NAKYMA-30C3', '3', '31800', 'H', '0', '0', '0', '0', '0', NULL, '7570'),
	(2038, 'SR1417C4', '3', '7500', '', '0', '0', '0', '0', '0', NULL, '250'),
	(2039, 'IV402', '3', '7500', '', '0', '0', '0', '0', '0', NULL, '300'),
	(2040, 'LM3107C2', '3', '24200', '', '0', '0', '0', '0', '0', NULL, '500'),
	(2041, 'LM3108C1', '3', '24200', '', '0', '0', '0', '0', '0', NULL, '500'),
	(2042, 'LM3124C4', '3', '24200', '', '0', '0', '0', '0', '0', NULL, '0'),
	(2043, 'LM3109C2', '3', '24200', '', '0', '0', '0', '0', '0', NULL, '500'),
	(2044, 'KKV354C2', '3', '13500', '', '0', '0', '0', '0', '0', NULL, '1111'),
	(2045, 'KKV342C2', '3', '13500', '', '0', '0', '0', '0', '0', NULL, '1111'),
	(2046, 'KKV327C3', '3', '13500', '', '0', '0', '0', '0', '0', NULL, '1111'),
	(2047, 'KKV326C4', '3', '13500', '', '0', '0', '0', '0', '0', NULL, '1111'),
	(2048, 'KKV293C3', '3', '13500', '', '0', '0', '0', '0', '0', NULL, '1111'),
	(2049, 'LM3124C1', '3', '24200', '', '0', '0', '0', '0', '0', NULL, '1111'),
	(2050, 'LM3118C1', '3', '24200', '', '0', '0', '0', '0', '0', NULL, '1111'),
	(2051, 'LM3117C4', '3', '24200', '', '0', '0', '0', '0', '0', NULL, '1111'),
	(2052, 'LM3113C3', '3', '28900', '', '0', '0', '0', '0', '0', NULL, '1111'),
	(2053, 'LM3132C3', '3', '24200', '', '0', '0', '0', '0', '0', NULL, '1111'),
	(2054, 'M85C1', '3', '9500', 'M', '0', '0', '0', '0', '0', NULL, '850'),
	(2055, 'IV2COL2', '4', '9500', 'M', '0', '0', '0', '0', '0', NULL, '200'),
	(2056, 'LM3164C4', '4', '28900', '', '0', '0', '0', '0', '0', NULL, '500'),
	(2057, 'LM3137C3', '4', '28900', '', '0', '0', '0', '0', '0', NULL, '1000'),
	(2058, 'LM3137C4', '4', '28900', '', '0', '0', '0', '0', '0', NULL, '1000'),
	(2059, 'LM3160C3', '4', '28900', '', '0', '0', '0', '0', '0', NULL, '1000'),
	(2060, 'LM3120C2', '4', '24200', '', '0', '0', '0', '0', '0', NULL, '1000'),
	(2061, 'LM3123C1', '4', '24200', '', '0', '0', '0', '0', '0', NULL, '1000'),
	(2062, 'SUM-ZM045', '4', '10900', '', '0', '0', '0', '0', '0', NULL, '800'),
	(2063, 'SH1008C1', '4', '19800', 'U', '0', '0', '0', '0', '0', NULL, '100'),
	(2064, 'M86C1', '4', '9500', 'M', '0', '0', '0', '0', '0', NULL, '1000'),
	(2065, 'TR92002C5', '4', '21400', 'U', '0', '0', '0', '0', '0', NULL, '1000'),
	(2066, 'LS027C5', '4', '24800', 'M', '0', '0', '0', '0', '0', NULL, '2000'),
	(2067, 'LS029C2', '4', '26900', 'M', '0', '0', '0', '0', '0', NULL, '3000'),
	(2068, 'LS027C10', '4', '24800', 'M', '0', '0', '0', '0', '0', NULL, '3000'),
	(2069, 'LS020C5', '4', '22400', 'M', '0', '0', '0', '0', '0', NULL, '3000'),
	(2070, 'DCD12C1', '4', '21400', 'U', '0', '0', '0', '0', '0', NULL, '2000'),
	(2071, 'TR1220C5', '4', '24800', 'M', '0', '0', '0', '0', '0', NULL, '3000'),
	(2072, 'M70C1', '4', '9500', 'U', '0', '0', '0', '0', '0', NULL, '3000'),
	(2073, 'C2007C2', '4', '19100', 'M', '0', '0', '0', '0', '0', NULL, '2100'),
	(2074, 'C2008C3', '4', '19100', 'M', '0', '0', '0', '0', '0', NULL, '2100'),
	(2075, 'J8-3152-E339', '4', '17600', 'H', '0', '0', '0', '0', '0', NULL, '2960'),
	(2076, 'D1005C8', '4', '4900', '', '0', '0', '0', '0', '0', NULL, '1000'),
	(2077, 'D1286C11', '4', '4900', '', '0', '0', '0', '0', '0', NULL, '1000'),
	(2078, 'SH3041C1', '4', '15500', 'U', '0', '0', '0', '0', '0', NULL, '2400'),
	(2079, 'J8-3214-J054', '4', '17600', 'M', '0', '0', '0', '0', '0', NULL, '3240'),
	(2080, 'J8-3225-J018', '4', '17600', 'M', '0', '0', '0', '0', '0', NULL, '3240'),
	(2081, 'FBD05-07C07', '4', '23200', 'U', '0', '0', '0', '0', '0', NULL, '5300'),
	(2082, '60054C3', '4', '33500', 'M', '0', '0', '0', '0', '0', NULL, '5000'),
	(2083, '60059C5', '4', '26200', 'M', '0', '0', '0', '0', '0', NULL, '5000'),
	(2084, '60069C2', '4', '29900', 'M', '0', '0', '0', '0', '0', NULL, '5000'),
	(2085, '98005C2CLIP', '4', '32800', 'M', '0', '0', '0', '0', '0', NULL, '7000'),
	(2086, '98011C2CLIP', '4', '32800', 'M', '0', '0', '0', '0', '0', NULL, '7000'),
	(2087, 'EF9014C3', '4', '32800', 'M', '0', '0', '0', '0', '0', NULL, '7000'),
	(2088, 'MG3764C3', '4', '28400', 'M', '0', '0', '0', '0', '0', NULL, '7000'),
	(2089, 'TL3682C3', '4', '24800', 'M', '0', '0', '0', '0', '0', NULL, '7000'),
	(2090, 'TL3745C4', '4', '33500', 'M', '0', '0', '0', '0', '0', NULL, '7000'),
	(2091, '8601C2', '4', '19800', 'H', '0', '0', '0', '0', '0', NULL, '5000'),
	(2092, 'MG3721C4', '4', '29900', 'H', '0', '0', '0', '0', '0', NULL, '7000'),
	(2093, 'OLD7492AC4', '4', '23400', 'H', '0', '0', '0', '0', '0', NULL, '6000'),
	(2094, 'OLD7495AC1', '4', '30200', 'H', '0', '0', '0', '0', '0', NULL, '6000'),
	(2095, 'TP3921C2', '4', '29900', 'H', '0', '0', '0', '0', '0', NULL, '6000'),
	(2096, 'MG6344AC1', '4', '30200', 'M', '0', '0', '0', '0', '0', NULL, '6000'),
	(2097, 'MS8200C5', '4', '29500', 'M', '0', '0', '0', '0', '0', NULL, '6000'),
	(2098, 'MS8232BC1', '4', '29500', 'M', '0', '0', '0', '0', '0', NULL, '6000'),
	(2099, 'XE2120C4', '4', '26200', 'M', '0', '0', '0', '0', '0', NULL, '6000'),
	(2100, 'XE2124C4', '4', '21400', 'H', '0', '0', '0', '0', '0', NULL, '6000'),
	(2101, 'XE2127C1', '4', '21400', 'H', '0', '0', '0', '0', '0', NULL, '6000'),
	(2102, 'YJ-0155C3', '4', '26200', 'M', '0', '0', '0', '0', '0', NULL, '6000'),
	(2103, 'YJ-0194C1', '4', '31800', 'M', '0', '0', '0', '0', '0', NULL, '6000'),
	(2104, 'YJ-0194C4', '4', '31800', 'M', '0', '0', '0', '0', '0', NULL, '6000'),
	(2105, 'MFD02-03C01', '4', '23200', 'U', '0', '0', '0', '0', '0', NULL, '5300'),
	(2106, 'ML007C4', '4', '26900', 'U', '0', '0', '0', '0', '0', NULL, '3750'),
	(2107, 'SUM-TUSK', '4', '7500', '', '0', '0', '0', '0', '0', NULL, '2000'),
	(2108, '8324C1', '4', '28000', 'U', '0', '0', '0', '0', '0', NULL, '6000'),
	(2109, '8324C2', '4', '28000', 'U', '0', '0', '0', '0', '0', NULL, '6000'),
	(2110, '8359C1', '4', '26000', 'U', '0', '0', '0', '0', '0', NULL, '6000'),
	(2111, '8392C1', '4', '28000', 'U', '0', '0', '0', '0', '0', NULL, '6000'),
	(2112, '8392C2', '4', '28000', 'U', '0', '0', '0', '0', '0', NULL, '6000'),
	(2113, 'MO-JULY-105-400', '4', '7200', '', '0', '0', '0', '0', '0', NULL, '267'),
	(2114, 'VM6172C4', '4', '56200', 'M', '0', '0', '0', '0', '0', NULL, '13390'),
	(2115, 'LM3160C1', '4', '28900', '', '0', '0', '0', '0', '0', NULL, '0'),
	(2116, 'LM3128C2', '4', '28900', '', '0', '0', '0', '0', '0', NULL, '0'),
	(2117, 'LM3114C2', '4', '28900', '', '0', '0', '0', '0', '0', NULL, '500'),
	(2118, 'LM3120C1', '4', '24200', '', '0', '0', '0', '0', '0', NULL, '500'),
	(2119, 'LM3127C2', '4', '24200', '', '0', '0', '0', '0', '0', NULL, '500'),
	(2120, 'LM3137C2', '4', '28900', '', '0', '0', '0', '0', '0', NULL, '500'),
	(2121, 'LM3129C1', '4', '28900', '', '0', '0', '0', '0', '0', NULL, '500'),
	(2122, 'KKV370C3', '4', '13500', '', '0', '0', '0', '0', '0', NULL, '1111'),
	(2123, 'LM3160C2', '4', '28900', '', '0', '0', '0', '0', '0', NULL, '1111'),
	(2124, 'M100C07', '4', '9500', 'N', '0', '0', '0', '0', '0', NULL, '1700'),
	(2125, 'M99C03BLACKVIOLET', '4', '9500', 'U', '0', '0', '0', '0', '0', NULL, '1500'),
	(2126, 'M105C2', '4', '9500', 'U', '0', '0', '0', '0', '0', NULL, '2500'),
	(2127, 'OS601', '5', '7500', '', '0', '0', '0', '0', '0', NULL, '450'),
	(2128, 'LM3129C4', '5', '28900', '', '0', '0', '0', '0', '0', NULL, '1000'),
	(2129, 'LM3140C3', '5', '28900', '', '0', '0', '0', '0', '0', NULL, '1000'),
	(2130, 'LM3117C2', '5', '24200', '', '0', '0', '0', '0', '0', NULL, '1000'),
	(2131, 'M86C4', '5', '9500', 'M', '0', '0', '0', '0', '0', NULL, '1715'),
	(2132, 'M73C1', '5', '9500', 'M', '0', '0', '0', '0', '0', NULL, '1000'),
	(2133, 'M86C2', '5', '9500', 'M', '0', '0', '0', '0', '0', NULL, '1000'),
	(2134, 'TR49C8', '5', '14800', 'N', '0', '0', '0', '0', '0', NULL, '2450'),
	(2135, 'TR92002C4', '5', '21400', 'U', '0', '0', '0', '0', '0', NULL, '1000'),
	(2136, 'TR2217C4', '5', '16900', 'U', '0', '0', '0', '0', '0', NULL, '3000'),
	(2137, 'LS010C1', '5', '22400', 'M', '0', '0', '0', '0', '0', NULL, '3000'),
	(2138, 'LS014C1', '5', '22400', 'M', '0', '0', '0', '0', '0', NULL, '3000'),
	(2139, 'TR92018C6', '5', '23400', 'M', '0', '0', '0', '0', '0', NULL, '3000'),
	(2140, 'SH14DO', '5', '18500', 'U', '0', '0', '0', '0', '0', NULL, '1450'),
	(2141, 'SILVER-SANDSC2', '5', '14900', '', '0', '0', '0', '0', '0', NULL, '100'),
	(2142, 'D1189C2', '5', '4900', '', '0', '0', '0', '0', '0', NULL, '1000'),
	(2143, 'D1277C9', '5', '4900', '', '0', '0', '0', '0', '0', NULL, '1000'),
	(2144, 'D1309C1', '5', '4900', 'U', '0', '0', '0', '0', '0', NULL, '1000'),
	(2145, 'D1334C16-9', '5', '4900', '', '0', '0', '0', '0', '0', NULL, '1000'),
	(2146, 'SHS002C1E', '5', '15500', 'U', '0', '0', '0', '0', '0', NULL, '2200'),
	(2147, 'MJD08-12C02R', '5', '19800', 'U', '0', '0', '0', '0', '0', NULL, '4500'),
	(2148, 'MJD08-12C03Q', '5', '19800', 'U', '0', '0', '0', '0', '0', NULL, '4500'),
	(2149, '60068C2', '5', '32200', 'M', '0', '0', '0', '0', '0', NULL, '5000'),
	(2150, '60069C1', '5', '29900', 'M', '0', '0', '0', '0', '0', NULL, '5000'),
	(2151, '60074C4', '5', '30200', 'M', '0', '0', '0', '0', '0', NULL, '5000'),
	(2152, '60077C4', '5', '31800', 'M', '0', '0', '0', '0', '0', NULL, '5000'),
	(2153, 'EF9014C1', '5', '32800', 'M', '0', '0', '0', '0', '0', NULL, '7000'),
	(2154, 'EM1135C1', '5', '22400', 'M', '0', '0', '0', '0', '0', NULL, '7000'),
	(2155, 'EM1139C3', '5', '24800', 'M', '0', '0', '0', '0', '0', NULL, '7000'),
	(2156, 'EM6006C4', '5', '26200', 'M', '0', '0', '0', '0', '0', NULL, '7000'),
	(2157, 'MG3677C3', '5', '33500', 'M', '0', '0', '0', '0', '0', NULL, '7000'),
	(2158, 'MG3679C1', '5', '30800', 'M', '0', '0', '0', '0', '0', NULL, '7000'),
	(2159, 'MG3679C2', '5', '30800', 'M', '0', '0', '0', '0', '0', NULL, '7000'),
	(2160, 'MG3684C5', '5', '30800', 'M', '0', '0', '0', '0', '0', NULL, '7000'),
	(2161, 'MG3698C1', '5', '33500', 'M', '0', '0', '0', '0', '0', NULL, '7000'),
	(2162, 'MG3763C1', '5', '31800', 'M', '0', '0', '0', '0', '0', NULL, '7000'),
	(2163, 'MG3764C2', '5', '28400', 'M', '0', '0', '0', '0', '0', NULL, '7000'),
	(2164, 'TL3745C2', '5', '33500', 'M', '0', '0', '0', '0', '0', NULL, '7000'),
	(2165, 'TL3781C5', '5', '33500', 'M', '0', '0', '0', '0', '0', NULL, '7000'),
	(2166, 'TP8003C2', '5', '27500', 'M', '0', '0', '0', '0', '0', NULL, '7000'),
	(2167, 'TP8005C6', '5', '30800', 'M', '0', '0', '0', '0', '0', NULL, '7000'),
	(2168, 'TP8010C1', '5', '32200', 'M', '0', '0', '0', '0', '0', NULL, '7000'),
	(2169, '8623C2', '5', '19800', 'H', '0', '0', '0', '0', '0', NULL, '5000'),
	(2170, '8638C3', '5', '19800', 'H', '0', '0', '0', '0', '0', NULL, '5000'),
	(2171, '8640C1', '5', '19800', 'H', '0', '0', '0', '0', '0', NULL, '5000'),
	(2172, 'OLD7492AC1', '5', '23400', 'H', '0', '0', '0', '0', '0', NULL, '6000'),
	(2173, 'OLD7495AC2', '5', '30200', 'H', '0', '0', '0', '0', '0', NULL, '6000'),
	(2174, 'TP3920C6', '5', '29900', 'U', '0', '0', '0', '0', '0', NULL, '6000'),
	(2175, 'MG6308AC2', '5', '30200', 'M', '0', '0', '0', '0', '0', NULL, '6000'),
	(2176, 'MG6313C2', '5', '30200', 'M', '0', '0', '0', '0', '0', NULL, '6000'),
	(2177, 'MS8200C1', '5', '29500', 'M', '0', '0', '0', '0', '0', NULL, '6000'),
	(2178, 'MS8239BC2', '5', '32200', 'M', '0', '0', '0', '0', '0', NULL, '6000'),
	(2179, 'ES6006C4', '5', '27800', 'M', '0', '0', '0', '0', '0', NULL, '6000'),
	(2180, 'ES6037C4', '5', '29900', 'M', '0', '0', '0', '0', '0', NULL, '6000'),
	(2181, 'XE2127C2', '5', '21400', 'H', '0', '0', '0', '0', '0', NULL, '6000'),
	(2182, 'ML011C4', '5', '26900', 'U', '0', '0', '0', '0', '0', NULL, '3750'),
	(2183, '8322AC1', '5', '28000', 'U', '0', '0', '0', '0', '0', NULL, '6000'),
	(2184, '8346C1', '5', '28000', 'U', '0', '0', '0', '0', '0', NULL, '6000'),
	(2185, '8346C3', '5', '28000', 'U', '0', '0', '0', '0', '0', NULL, '6000'),
	(2186, 'VM3589C1', '5', '16500', 'M', '0', '0', '0', '0', '0', NULL, '490'),
	(2187, 'VM6172C1', '5', '56200', 'M', '0', '0', '0', '0', '0', NULL, '13390'),
	(2188, 'VM6172C2', '5', '56200', 'M', '0', '0', '0', '0', '0', NULL, '13390'),
	(2189, 'SHI32C1', '5', '7500', '', '0', '0', '0', '0', '0', NULL, '300'),
	(2190, 'SH2250C1', '5', '12900', 'U', '0', '0', '0', '0', '0', NULL, '0'),
	(2191, 'LM3109C1', '5', '24200', '', '0', '0', '0', '0', '0', NULL, '500'),
	(2192, 'LM3144C3', '5', '28900', '', '0', '0', '0', '0', '0', NULL, '500'),
	(2193, 'LM3127C3', '5', '24200', '', '0', '0', '0', '0', '0', NULL, '500'),
	(2194, 'LM3144C2', '5', '28900', '', '0', '0', '0', '0', '0', NULL, '500'),
	(2195, 'LM3135C4', '5', '24200', '', '0', '0', '0', '0', '0', NULL, '500'),
	(2196, 'LM3132C4', '5', '24200', '', '0', '0', '0', '0', '0', NULL, '500'),
	(2197, 'KKV354C3', '5', '13500', '', '0', '0', '0', '0', '0', NULL, '1111'),
	(2198, 'M97C5LADYVIOLET', '5', '9500', 'M', '0', '0', '0', '0', '0', NULL, '1500'),
	(2199, 'OS603', '6', '7500', '', '0', '0', '0', '0', '0', NULL, '450'),
	(2200, 'LM3126C1', '6', '28900', '', '0', '0', '0', '0', '0', NULL, '1300'),
	(2201, 'M86C5', '6', '9500', 'M', '0', '0', '0', '0', '0', NULL, '1000'),
	(2202, 'LS037C4', '6', '26900', 'M', '0', '0', '0', '0', '0', NULL, '1000'),
	(2203, 'LS032C4', '6', '26900', 'M', '0', '0', '0', '0', '0', NULL, '1000'),
	(2204, 'TR53C11', '6', '14800', 'N', '0', '0', '0', '0', '0', NULL, '2450'),
	(2205, 'TR44C11', '6', '14800', 'N', '0', '0', '0', '0', '0', NULL, '2450'),
	(2206, 'TR51C11', '6', '14800', 'N', '0', '0', '0', '0', '0', NULL, '2450'),
	(2207, 'LS023C5', '6', '22400', 'M', '0', '0', '0', '0', '0', NULL, '3000'),
	(2208, 'TR92025C1', '6', '23400', 'M', '0', '0', '0', '0', '0', NULL, '3000'),
	(2209, '12-006C1', '6', '21400', 'M', '0', '0', '0', '0', '0', NULL, '2650'),
	(2210, 'WRANGLER-KIDS', '6', '9500', '', '0', '0', '0', '0', '0', NULL, '100'),
	(2211, 'D1017C8', '6', '4900', '', '0', '0', '0', '0', '0', NULL, '1000'),
	(2212, 'D1189C8', '6', '4900', '', '0', '0', '0', '0', '0', NULL, '1000'),
	(2213, 'D1293C7', '6', '4900', '', '0', '0', '0', '0', '0', NULL, '1000'),
	(2214, 'D1306C9', '6', '4900', '', '0', '0', '0', '0', '0', NULL, '1000'),
	(2215, 'D1309C20', '6', '4900', '', '0', '0', '0', '0', '0', NULL, '1000'),
	(2216, 'D1381C1', '6', '4900', 'U', '0', '0', '0', '0', '0', NULL, '1000'),
	(2217, 'SH3040C3', '6', '15500', 'U', '0', '0', '0', '0', '0', NULL, '2200'),
	(2218, 'SHA621C1', '6', '15500', 'U', '0', '0', '0', '0', '0', NULL, '2200'),
	(2219, 'XC61082C2', '6', '24400', 'H', '0', '0', '0', '0', '0', NULL, '1848'),
	(2220, 'MJD08-12C01E', '6', '19800', 'U', '0', '0', '0', '0', '0', NULL, '4500'),
	(2221, 'MJD08-12C04L', '6', '19800', 'U', '0', '0', '0', '0', '0', NULL, '4500'),
	(2222, '60054C2', '6', '33500', 'M', '0', '0', '0', '0', '0', NULL, '5000'),
	(2223, '60068C4', '6', '32200', 'M', '0', '0', '0', '0', '0', NULL, '5000'),
	(2224, '60069C3', '6', '29900', 'M', '0', '0', '0', '0', '0', NULL, '5000'),
	(2225, '60069C6', '6', '29900', 'M', '0', '0', '0', '0', '0', NULL, '5000'),
	(2226, '60074C5', '6', '30200', 'M', '0', '0', '0', '0', '0', NULL, '5000'),
	(2227, '60077C6', '6', '31800', 'M', '0', '0', '0', '0', '0', NULL, '5000'),
	(2228, '98003C2CLIP', '6', '32800', 'M', '0', '0', '0', '0', '0', NULL, '7000'),
	(2229, '98007C4CLIP', '6', '32800', 'M', '0', '0', '0', '0', '0', NULL, '7000'),
	(2230, '98009C1CLIP', '6', '32800', 'M', '0', '0', '0', '0', '0', NULL, '7000'),
	(2231, '98011C1CLIP', '6', '32800', 'M', '0', '0', '0', '0', '0', NULL, '7000'),
	(2232, '98014C1CLIP', '6', '32800', 'M', '0', '0', '0', '0', '0', NULL, '7000'),
	(2233, 'EM1135C4', '6', '22400', 'M', '0', '0', '0', '0', '0', NULL, '7000'),
	(2234, 'EM1139C1', '6', '24800', 'M', '0', '0', '0', '0', '0', NULL, '7000'),
	(2235, 'MG3677C5', '6', '33500', 'M', '0', '0', '0', '0', '0', NULL, '7000'),
	(2236, 'MG3678C5', '6', '33500', 'M', '0', '0', '0', '0', '0', NULL, '7000'),
	(2237, 'MG3764C4', '6', '28400', 'M', '0', '0', '0', '0', '0', NULL, '7000'),
	(2238, 'MG6288C3', '6', '30800', 'M', '0', '0', '0', '0', '0', NULL, '7000'),
	(2239, 'MG6301C4', '6', '30800', 'M', '0', '0', '0', '0', '0', NULL, '7000'),
	(2240, 'TL3745C3', '6', '33500', 'M', '0', '0', '0', '0', '0', NULL, '7000'),
	(2241, 'TP8003C1', '6', '27500', 'M', '0', '0', '0', '0', '0', NULL, '7000'),
	(2242, 'TP8006C1', '6', '32200', 'M', '0', '0', '0', '0', '0', NULL, '7000'),
	(2243, 'TP8006C4', '6', '32200', 'M', '0', '0', '0', '0', '0', NULL, '7000'),
	(2244, 'TP8006C5', '6', '32200', 'M', '0', '0', '0', '0', '0', NULL, '7000'),
	(2245, 'TP8007C2', '6', '27500', 'M', '0', '0', '0', '0', '0', NULL, '7000'),
	(2246, 'TP8007C5', '6', '27500', 'M', '0', '0', '0', '0', '0', NULL, '7000'),
	(2247, 'TP8011C4', '6', '26200', 'M', '0', '0', '0', '0', '0', NULL, '7000'),
	(2248, '8622C1', '6', '19800', 'H', '0', '0', '0', '0', '0', NULL, '5000'),
	(2249, '8623C3', '6', '19800', 'H', '0', '0', '0', '0', '0', NULL, '5000'),
	(2250, 'MG3741C4', '6', '24400', 'H', '0', '0', '0', '0', '0', NULL, '7000'),
	(2251, 'OLD7491AC2', '6', '25800', 'H', '0', '0', '0', '0', '0', NULL, '6000'),
	(2252, 'OLD7495AC3', '6', '30200', 'H', '0', '0', '0', '0', '0', NULL, '6000'),
	(2253, 'TP3916C1', '6', '29900', 'H', '0', '0', '0', '0', '0', NULL, '6000'),
	(2254, 'TP3921C5', '6', '29900', 'H', '0', '0', '0', '0', '0', NULL, '6000'),
	(2255, 'TP3925C2', '6', '27500', 'H', '0', '0', '0', '0', '0', NULL, '6000'),
	(2256, 'TP3925C3', '6', '27500', 'H', '0', '0', '0', '0', '0', NULL, '6000'),
	(2257, 'TP3928C4', '6', '22400', 'H', '0', '0', '0', '0', '0', NULL, '6000'),
	(2258, 'MG6286C4', '6', '30200', 'M', '0', '0', '0', '0', '0', NULL, '6000'),
	(2259, 'MG6308AC1', '6', '30200', 'M', '0', '0', '0', '0', '0', NULL, '6000'),
	(2260, 'MS8232BC4', '6', '29500', 'M', '0', '0', '0', '0', '0', NULL, '6000'),
	(2261, 'MS8239BC4', '6', '32200', 'M', '0', '0', '0', '0', '0', NULL, '6000'),
	(2262, 'ES6011C1', '6', '27800', 'M', '0', '0', '0', '0', '0', NULL, '6000'),
	(2263, 'ES6011C2', '6', '27800', 'M', '0', '0', '0', '0', '0', NULL, '6000'),
	(2264, 'ES6016C3', '6', '27800', 'M', '0', '0', '0', '0', '0', NULL, '6000'),
	(2265, 'ES6017C1', '6', '27800', 'M', '0', '0', '0', '0', '0', NULL, '6000'),
	(2266, 'ES6027C2', '6', '27800', 'M', '0', '0', '0', '0', '0', NULL, '6000'),
	(2267, 'ES6037C3', '6', '29900', 'M', '0', '0', '0', '0', '0', NULL, '6000'),
	(2268, 'ES6040C4', '6', '27800', 'M', '0', '0', '0', '0', '0', NULL, '6000'),
	(2269, 'XE2126C3', '6', '21400', 'H', '0', '0', '0', '0', '0', NULL, '6000'),
	(2270, 'XE2127C3', '6', '21400', 'H', '0', '0', '0', '0', '0', NULL, '6000'),
	(2271, 'FBD06-02C01Y', '6', '23200', 'U', '0', '0', '0', '0', '0', NULL, '5300'),
	(2272, 'MFD01-01C01V', '6', '23200', 'U', '0', '0', '0', '0', '0', NULL, '5300'),
	(2273, '3029C1', '6', '24200', 'U', '0', '0', '0', '0', '0', NULL, '6000'),
	(2274, 'MB1016C4', '6', '26700', 'M', '0', '0', '0', '0', '0', NULL, '6000'),
	(2275, 'LM3128C1', '6', '28900', '', '0', '0', '0', '0', '0', NULL, '0'),
	(2276, 'LM3127C4', '6', '24200', '', '0', '0', '0', '0', '0', NULL, '500'),
	(2277, 'LM3108C4', '6', '24200', '', '0', '0', '0', '0', '0', NULL, '1111'),
	(2278, 'LM3134C1', '6', '28900', '', '0', '0', '0', '0', '0', NULL, '1111'),
	(2279, 'M100C09', '6', '9500', 'N', '0', '0', '0', '0', '0', NULL, '1700'),
	(2280, 'M44C03', '6', '9500', 'M', '0', '0', '0', '0', '0', NULL, '1500'),
	(2281, 'M104C1BLUE', '6', '9500', 'N', '0', '0', '0', '0', '0', NULL, '2500'),
	(2282, 'M104C2CYAN', '6', '9500', 'N', '0', '0', '0', '0', '0', NULL, '2500'),
	(2283, 'M104C3WHITECRYSTAL', '6', '9500', 'N', '0', '0', '0', '0', '0', NULL, '2500'),
	(2284, 'M104C5BLUEBLUE', '6', '9500', 'N', '0', '0', '0', '0', '0', NULL, '2500'),
	(2285, 'KIDDOS', '7', '6500', 'N', '0', '0', '0', '0', '0', NULL, '171'),
	(2286, 'LER-073C9', '7', '20700', '', '0', '0', '0', '0', '0', NULL, '1000'),
	(2287, 'M29208C1', '7', '15300', '', '0', '0', '0', '0', '0', NULL, '600'),
	(2288, 'M29208C3', '7', '15300', '', '0', '0', '0', '0', '0', NULL, '600'),
	(2289, 'SUM-URBAN', '7', '7500', '', '0', '0', '0', '0', '0', NULL, '800'),
	(2290, 'M86C3', '7', '9500', 'M', '0', '0', '0', '0', '0', NULL, '1000'),
	(2291, 'LS008C2', '7', '22400', 'M', '0', '0', '0', '0', '0', NULL, '3000'),
	(2292, 'TR1208C3', '7', '21400', 'U', '0', '0', '0', '0', '0', NULL, '3000'),
	(2293, 'TR2210C4', '7', '16900', 'U', '0', '0', '0', '0', '0', NULL, '3000'),
	(2294, 'DCD12C3', '7', '21400', 'U', '0', '0', '0', '0', '0', NULL, '3000'),
	(2295, 'TR2217C5', '7', '16900', 'U', '0', '0', '0', '0', '0', NULL, '2300'),
	(2296, 'LS014C8', '7', '22400', 'M', '0', '0', '0', '0', '0', NULL, '3000'),
	(2297, 'TR1220C2', '7', '24800', 'M', '0', '0', '0', '0', '0', NULL, '3000'),
	(2298, 'TR1208C7', '7', '21400', 'U', '0', '0', '0', '0', '0', NULL, '2000'),
	(2299, 'TR48C12', '7', '14800', 'N', '0', '0', '0', '0', '0', NULL, '100'),
	(2300, 'D1148C1', '7', '4900', '', '0', '0', '0', '0', '0', NULL, '1000'),
	(2301, 'D1277C7', '7', '4900', '', '0', '0', '0', '0', '0', NULL, '1000'),
	(2302, 'D1298C7', '7', '4900', '', '0', '0', '0', '0', '0', NULL, '1000'),
	(2303, 'D1308C1-9', '7', '4900', '', '0', '0', '0', '0', '0', NULL, '1000'),
	(2304, 'D1312C3-9', '7', '4900', '', '0', '0', '0', '0', '0', NULL, '1000'),
	(2305, 'D1334C16-7', '7', '4900', 'U', '0', '0', '0', '0', '0', NULL, '1000'),
	(2306, 'D9787C94', '7', '4900', '', '0', '0', '0', '0', '0', NULL, '1000'),
	(2307, 'D9792C46', '7', '4900', '', '0', '0', '0', '0', '0', NULL, '1000'),
	(2308, 'D9912C1', '7', '4900', '', '0', '0', '0', '0', '0', NULL, '1000'),
	(2309, 'D9942C40', '7', '4900', '', '0', '0', '0', '0', '0', NULL, '1000'),
	(2310, 'D9989C1', '7', '4900', '', '0', '0', '0', '0', '0', NULL, '1000'),
	(2311, 'SHSP9002C2', '7', '15500', 'U', '0', '0', '0', '0', '0', NULL, '2200'),
	(2312, 'M96C4BLACK', '7', '9500', 'N', '0', '0', '0', '0', '0', NULL, '1000'),
	(2313, 'FBD05-07C04', '7', '23200', 'U', '0', '0', '0', '0', '0', NULL, '5300'),
	(2314, '60026C2', '7', '30200', 'M', '0', '0', '0', '0', '0', NULL, '5000'),
	(2315, '60059C1', '7', '26200', 'M', '0', '0', '0', '0', '0', NULL, '5000'),
	(2316, '60059C4', '7', '26200', 'M', '0', '0', '0', '0', '0', NULL, '5000'),
	(2317, '60077C5', '7', '31800', 'M', '0', '0', '0', '0', '0', NULL, '5000'),
	(2318, '98003C1CLIP', '7', '32800', 'M', '0', '0', '0', '0', '0', NULL, '7000'),
	(2319, '98004C6CLIP', '7', '32800', 'M', '0', '0', '0', '0', '0', NULL, '7000'),
	(2320, '98011C6CLIP', '7', '32800', 'M', '0', '0', '0', '0', '0', NULL, '7000'),
	(2321, '98013C1CLIP', '7', '32800', 'M', '0', '0', '0', '0', '0', NULL, '7000'),
	(2322, 'EM1139C4', '7', '24800', 'M', '0', '0', '0', '0', '0', NULL, '7000'),
	(2323, 'MG3671C1', '7', '33500', 'M', '0', '0', '0', '0', '0', NULL, '7000'),
	(2324, 'MG3677C1', '7', '33500', 'M', '0', '0', '0', '0', '0', NULL, '7000'),
	(2325, 'MG3770C1', '7', '26300', 'M', '0', '0', '0', '0', '0', NULL, '7000'),
	(2326, 'MG6263C2', '7', '32200', 'M', '0', '0', '0', '0', '0', NULL, '7000'),
	(2327, 'MG6263C4', '7', '32200', 'M', '0', '0', '0', '0', '0', NULL, '7000'),
	(2328, 'MG6280C1', '7', '28400', 'M', '0', '0', '0', '0', '0', NULL, '7000'),
	(2329, 'MG6280C4', '7', '28400', 'M', '0', '0', '0', '0', '0', NULL, '7000'),
	(2330, 'MG6288C1', '7', '30800', 'M', '0', '0', '0', '0', '0', NULL, '7000'),
	(2331, 'MG6300C1', '7', '30800', 'M', '0', '0', '0', '0', '0', NULL, '7000'),
	(2332, 'TP8005C2', '7', '30800', 'M', '0', '0', '0', '0', '0', NULL, '7000'),
	(2333, 'TP8011C2', '7', '26200', 'M', '0', '0', '0', '0', '0', NULL, '7000'),
	(2334, 'MG3728C3', '7', '22400', 'H', '0', '0', '0', '0', '0', NULL, '7000'),
	(2335, 'MG3741C1', '7', '24400', 'H', '0', '0', '0', '0', '0', NULL, '7000'),
	(2336, 'OLD7491AC3', '7', '25800', 'H', '0', '0', '0', '0', '0', NULL, '6000'),
	(2337, 'OLD7491AC4', '7', '25800', 'H', '0', '0', '0', '0', '0', NULL, '6000'),
	(2338, 'OLD7492AC2', '7', '23400', 'H', '0', '0', '0', '0', '0', NULL, '6000'),
	(2339, 'TP3916C5', '7', '29900', 'H', '0', '0', '0', '0', '0', NULL, '6000'),
	(2340, 'TP3920C5', '7', '29900', 'U', '0', '0', '0', '0', '0', NULL, '6000'),
	(2341, 'TP3921C1', '7', '29900', 'H', '0', '0', '0', '0', '0', NULL, '6000'),
	(2342, 'TP3925C1', '7', '27500', 'H', '0', '0', '0', '0', '0', NULL, '6000'),
	(2343, 'TP3928C2', '7', '22400', 'H', '0', '0', '0', '0', '0', NULL, '6000'),
	(2344, 'MG6317C1', '7', '32200', 'M', '0', '0', '0', '0', '0', NULL, '6000'),
	(2345, 'ES6004C3', '7', '32200', 'M', '0', '0', '0', '0', '0', NULL, '6000'),
	(2346, 'ES6006C1', '7', '27800', 'M', '0', '0', '0', '0', '0', NULL, '6000'),
	(2347, 'ES6011C3', '7', '27800', 'M', '0', '0', '0', '0', '0', NULL, '6000'),
	(2348, 'ES6012C3', '7', '32200', 'M', '0', '0', '0', '0', '0', NULL, '6000'),
	(2349, 'ES6014C2', '7', '29900', 'M', '0', '0', '0', '0', '0', NULL, '6000'),
	(2350, 'ES6014C3', '7', '29900', 'M', '0', '0', '0', '0', '0', NULL, '6000'),
	(2351, 'ES6016C1', '7', '27800', 'M', '0', '0', '0', '0', '0', NULL, '6000'),
	(2352, 'ES6017C2', '7', '27800', 'M', '0', '0', '0', '0', '0', NULL, '6000'),
	(2353, 'ES6017C3', '7', '27800', 'M', '0', '0', '0', '0', '0', NULL, '6000'),
	(2354, 'ES6040C1', '7', '27800', 'M', '0', '0', '0', '0', '0', NULL, '6000'),
	(2355, 'MFD01-01C02', '7', '23200', 'U', '0', '0', '0', '0', '0', NULL, '5300'),
	(2356, 'MFD01-01C04', '7', '23200', 'U', '0', '0', '0', '0', '0', NULL, '5300'),
	(2357, '95959C4', '7', '34200', 'M', '0', '0', '0', '0', '0', NULL, '3750'),
	(2358, 'IV403', '7', '7500', '', '0', '0', '0', '0', '0', NULL, '300'),
	(2359, 'M100C06', '7', '9500', 'N', '0', '0', '0', '0', '0', NULL, '1700'),
	(2360, 'M104C4BLACKBLUE', '7', '9500', 'N', '0', '0', '0', '0', '0', NULL, '2500'),
	(2361, 'M29608C4', '8', '15300', '', '0', '0', '0', '0', '0', NULL, '600'),
	(2362, 'SUM-BACKSTAGE', '8', '10900', '', '0', '0', '0', '0', '0', NULL, '800'),
	(2363, 'M85C2', '8', '9500', 'M', '0', '0', '0', '0', '0', NULL, '1715'),
	(2364, 'SH1007C2', '8', '19100', 'U', '0', '0', '0', '0', '0', NULL, '100'),
	(2365, 'M90C1', '8', '9500', 'U', '0', '0', '0', '0', '0', NULL, '0'),
	(2366, 'LS031C4', '8', '26900', 'M', '0', '0', '0', '0', '0', NULL, '1000'),
	(2367, 'LS035C1', '8', '26900', 'M', '0', '0', '0', '0', '0', NULL, '1000'),
	(2368, 'LS028C3', '8', '24800', 'M', '0', '0', '0', '0', '0', NULL, '3000'),
	(2369, 'LS028C6', '8', '24800', 'M', '0', '0', '0', '0', '0', NULL, '3000'),
	(2370, 'DCD12C4', '8', '21400', 'M', '0', '0', '0', '0', '0', NULL, '3000'),
	(2371, 'TR92025C4', '8', '23400', 'M', '0', '0', '0', '0', '0', NULL, '3000'),
	(2372, 'TR1222C1', '8', '25800', 'M', '0', '0', '0', '0', '0', NULL, '3000'),
	(2373, 'TR1212C7', '8', '21400', 'M', '0', '0', '0', '0', '0', NULL, '2000'),
	(2374, 'D1148C1-1', '8', '4900', '', '0', '0', '0', '0', '0', NULL, '1000'),
	(2375, 'D1189C16', '8', '4900', '', '0', '0', '0', '0', '0', NULL, '1000'),
	(2376, 'D1252C11', '8', '4900', '', '0', '0', '0', '0', '0', NULL, '1000'),
	(2377, 'D1300C7', '8', '4900', 'U', '0', '0', '0', '0', '0', NULL, '1000'),
	(2378, 'D1312C1-14', '8', '4900', '', '0', '0', '0', '0', '0', NULL, '1000'),
	(2379, 'D1315C1', '8', '4900', 'U', '0', '0', '0', '0', '0', NULL, '1000'),
	(2380, 'D9695C1', '8', '4900', 'M', '0', '0', '0', '0', '0', NULL, '1000'),
	(2381, 'D9695C4', '8', '4900', '', '0', '0', '0', '0', '0', NULL, '1000'),
	(2382, 'D9787C85', '8', '4900', '', '0', '0', '0', '0', '0', NULL, '1000'),
	(2383, 'D9792C52', '8', '4900', '', '0', '0', '0', '0', '0', NULL, '1000'),
	(2384, 'SH2022C1E', '8', '15500', 'U', '0', '0', '0', '0', '0', NULL, '2400'),
	(2385, '60017C5', '8', '29500', 'M', '0', '0', '0', '0', '0', NULL, '5000'),
	(2386, '98004C2CLIP', '8', '32800', 'M', '0', '0', '0', '0', '0', NULL, '7000'),
	(2387, '98007C1CLIP', '8', '32800', 'M', '0', '0', '0', '0', '0', NULL, '7000'),
	(2388, '98010C6CLIP', '8', '32800', 'M', '0', '0', '0', '0', '0', NULL, '7000'),
	(2389, '98014C2CLIP', '8', '32800', 'M', '0', '0', '0', '0', '0', NULL, '7000'),
	(2390, 'EF9012C2', '8', '32800', 'M', '0', '0', '0', '0', '0', NULL, '7000'),
	(2391, 'EF9014C2', '8', '32800', 'M', '0', '0', '0', '0', '0', NULL, '7000'),
	(2392, 'MG3671C2', '8', '33500', 'M', '0', '0', '0', '0', '0', NULL, '7000'),
	(2393, 'MG3671C3', '8', '33500', 'M', '0', '0', '0', '0', '0', NULL, '7000'),
	(2394, 'MG3718C2', '8', '31800', 'M', '0', '0', '0', '0', '0', NULL, '7000'),
	(2395, 'MG3753C3', '8', '22900', 'M', '0', '0', '0', '0', '0', NULL, '7000'),
	(2396, 'MG3763C2', '8', '31800', 'M', '0', '0', '0', '0', '0', NULL, '7000'),
	(2397, 'MG3770C2', '8', '26300', 'M', '0', '0', '0', '0', '0', NULL, '7000'),
	(2398, 'MG6263C1', '8', '32200', 'M', '0', '0', '0', '0', '0', NULL, '7000'),
	(2399, 'MG6280C2', '8', '28400', 'M', '0', '0', '0', '0', '0', NULL, '7000'),
	(2400, 'MG6301C5', '8', '30800', 'M', '0', '0', '0', '0', '0', NULL, '7000'),
	(2401, 'TP8003C5', '8', '27500', 'M', '0', '0', '0', '0', '0', NULL, '7000'),
	(2402, 'TP8005C4', '8', '30800', 'M', '0', '0', '0', '0', '0', NULL, '7000'),
	(2403, 'TP8010C3', '8', '32200', 'M', '0', '0', '0', '0', '0', NULL, '7000'),
	(2404, 'TP8010C4', '8', '32200', 'M', '0', '0', '0', '0', '0', NULL, '7000'),
	(2405, 'MG3728C1', '8', '22400', 'H', '0', '0', '0', '0', '0', NULL, '7000'),
	(2406, 'TP3920C4', '8', '29900', 'U', '0', '0', '0', '0', '0', NULL, '6000'),
	(2407, 'TP3928C1', '8', '22400', 'H', '0', '0', '0', '0', '0', NULL, '6000'),
	(2408, 'MG6286C1', '8', '30200', 'M', '0', '0', '0', '0', '0', NULL, '6000'),
	(2409, 'MG6308AC3', '8', '30200', 'M', '0', '0', '0', '0', '0', NULL, '6000'),
	(2410, 'MG6308AC4', '8', '30200', 'M', '0', '0', '0', '0', '0', NULL, '6000'),
	(2411, 'MG6313C1', '8', '30200', 'M', '0', '0', '0', '0', '0', NULL, '6000'),
	(2412, 'MG6321C3', '8', '22400', 'H', '0', '0', '0', '0', '0', NULL, '6000'),
	(2413, 'MS8232BC2', '8', '29500', 'M', '0', '0', '0', '0', '0', NULL, '6000'),
	(2414, 'ES6004C4', '8', '32200', 'M', '0', '0', '0', '0', '0', NULL, '6000'),
	(2415, 'ES6006C3', '8', '27800', 'M', '0', '0', '0', '0', '0', NULL, '6000'),
	(2416, 'ES6012C4', '8', '32200', 'M', '0', '0', '0', '0', '0', NULL, '6000'),
	(2417, 'ES6027C1', '8', '27800', 'M', '0', '0', '0', '0', '0', NULL, '6000'),
	(2418, 'ES6027C3', '8', '27800', 'M', '0', '0', '0', '0', '0', NULL, '6000'),
	(2419, 'FBD06-02C01', '8', '23200', 'U', '0', '0', '0', '0', '0', NULL, '5300'),
	(2420, 'MFD01-01C01', '8', '23200', 'U', '0', '0', '0', '0', '0', NULL, '5300'),
	(2421, 'MFD01-01C03', '8', '23200', 'U', '0', '0', '0', '0', '0', NULL, '5300'),
	(2422, 'MFD02-03C01F', '8', '23200', 'U', '0', '0', '0', '0', '0', NULL, '5300'),
	(2423, 'MFD02-03C02', '8', '23200', 'U', '0', '0', '0', '0', '0', NULL, '5300'),
	(2424, 'ML020C1', '8', '30800', 'M', '0', '0', '0', '0', '0', NULL, '3750'),
	(2425, 'ML020C2', '8', '30800', 'M', '0', '0', '0', '0', '0', NULL, '3750'),
	(2426, '9602C1', '8', '21300', 'U', '0', '0', '0', '0', '0', NULL, '6000'),
	(2427, '9609C2', '8', '21300', 'U', '0', '0', '0', '0', '0', NULL, '6000'),
	(2428, 'SH12DO', '8', '18500', 'M', '0', '0', '0', '0', '0', NULL, '3500'),
	(2429, 'LM3132C1', '8', '24200', '', '0', '0', '0', '0', '0', NULL, '500'),
	(2430, 'M44C02', '8', '9500', 'M', '0', '0', '0', '0', '0', NULL, '1500'),
	(2431, 'M103C4BLACKBLUE', '8', '9500', 'M', '0', '0', '0', '0', '0', NULL, '1500'),
	(2432, 'LER-064C19', '9', '20700', '', '0', '0', '0', '0', '0', NULL, '1000'),
	(2433, 'LER-068C9', '9', '20700', '', '0', '0', '0', '0', '0', NULL, '1000'),
	(2434, 'M29461C3', '9', '15300', '', '0', '0', '0', '0', '0', NULL, '600'),
	(2435, 'M29615C2', '9', '15300', '', '0', '0', '0', '0', '0', NULL, '600'),
	(2436, 'M29200C4', '9', '15300', '', '0', '0', '0', '0', '0', NULL, '600'),
	(2437, 'SUM-VICHY046', '9', '10900', '', '0', '0', '0', '0', '0', NULL, '800'),
	(2438, 'SH1008C3', '9', '19800', 'U', '0', '0', '0', '0', '0', NULL, '100'),
	(2439, 'SH1005C2', '9', '19100', 'U', '0', '0', '0', '0', '0', NULL, '100'),
	(2440, 'M82C2', '9', '9500', 'M', '0', '0', '0', '0', '0', NULL, '100'),
	(2441, 'DC9079C6', '9', '21400', 'H', '0', '0', '0', '0', '0', NULL, '1000'),
	(2442, 'LS031C3', '9', '26900', 'M', '0', '0', '0', '0', '0', NULL, '1000'),
	(2443, 'LS032C6', '9', '26900', 'M', '0', '0', '0', '0', '0', NULL, '1000'),
	(2444, 'TR52C11', '9', '14800', 'N', '0', '0', '0', '0', '0', NULL, '850'),
	(2445, 'LS027C1', '9', '24800', 'M', '0', '0', '0', '0', '0', NULL, '3000'),
	(2446, 'LS008C6', '9', '22400', 'M', '0', '0', '0', '0', '0', NULL, '3000'),
	(2447, 'DC9079C5', '9', '21400', 'H', '0', '0', '0', '0', '0', NULL, '3000'),
	(2448, 'M89C3', '9', '9500', 'N', '0', '0', '0', '0', '0', NULL, '2000'),
	(2449, 'M82C4', '9', '9500', 'M', '0', '0', '0', '0', '0', NULL, '1657'),
	(2450, 'D1005C1', '9', '4900', 'U', '0', '0', '0', '0', '0', NULL, '1000'),
	(2451, 'D1005C3', '9', '4900', '', '0', '0', '0', '0', '0', NULL, '1000'),
	(2452, 'D1013C17', '9', '4900', '', '0', '0', '0', '0', '0', NULL, '1000'),
	(2453, 'D1013C3', '9', '4900', '', '0', '0', '0', '0', '0', NULL, '1000'),
	(2454, 'D1015C8', '9', '4900', '', '0', '0', '0', '0', '0', NULL, '1000'),
	(2455, 'D1277C1', '9', '4900', 'U', '0', '0', '0', '0', '0', NULL, '1000'),
	(2456, 'D1286C9', '9', '4900', '', '0', '0', '0', '0', '0', NULL, '1000'),
	(2457, 'D1293C21', '9', '4900', '', '0', '0', '0', '0', '0', NULL, '1000'),
	(2458, 'D1300C16', '9', '4900', '', '0', '0', '0', '0', '0', NULL, '1000'),
	(2459, 'D1349C16-1', '9', '4900', 'U', '0', '0', '0', '0', '0', NULL, '1000'),
	(2460, 'D1380C11', '9', '4900', '', '0', '0', '0', '0', '0', NULL, '1000'),
	(2461, 'D1381C9', '9', '4900', '', '0', '0', '0', '0', '0', NULL, '1000'),
	(2462, 'D9994C4', '9', '4900', '', '0', '0', '0', '0', '0', NULL, '1000'),
	(2463, 'SUM-DYNAMO', '9', '7500', '', '0', '0', '0', '0', '0', NULL, '1000'),
	(2464, 'M96C1BLUE-TURQUOISE', '9', '9500', 'N', '0', '0', '0', '0', '0', NULL, '1000'),
	(2465, 'FBD05-07C02', '9', '23200', 'U', '0', '0', '0', '0', '0', NULL, '5300'),
	(2466, '60059C6', '9', '26200', 'M', '0', '0', '0', '0', '0', NULL, '5000'),
	(2467, '60054C5', '9', '33500', 'M', '0', '0', '0', '0', '0', NULL, '5000'),
	(2468, '98003C4CLIP', '9', '32800', 'M', '0', '0', '0', '0', '0', NULL, '7000'),
	(2469, '98004C1CLIP', '9', '32800', 'M', '0', '0', '0', '0', '0', NULL, '7000'),
	(2470, '98005C1CLIP', '9', '32800', 'M', '0', '0', '0', '0', '0', NULL, '7000'),
	(2471, '98005C4CLIP', '9', '32800', 'M', '0', '0', '0', '0', '0', NULL, '7000'),
	(2472, '98007C6CLIP', '9', '32800', 'M', '0', '0', '0', '0', '0', NULL, '7000'),
	(2473, '98009C2CLIP', '9', '32800', 'M', '0', '0', '0', '0', '0', NULL, '7000'),
	(2474, '98010C1CLIP', '9', '32800', 'M', '0', '0', '0', '0', '0', NULL, '7000'),
	(2475, '98010C4CLIP', '9', '32800', 'M', '0', '0', '0', '0', '0', NULL, '7000'),
	(2476, '98013C2CLIP', '9', '32800', 'M', '0', '0', '0', '0', '0', NULL, '7000'),
	(2477, '98013C6CLIP', '9', '32800', 'M', '0', '0', '0', '0', '0', NULL, '7000'),
	(2478, '98014C3CLIP', '9', '32800', 'M', '0', '0', '0', '0', '0', NULL, '7000'),
	(2479, '98015C4CLIP', '9', '32800', 'M', '0', '0', '0', '0', '0', NULL, '7000'),
	(2480, 'EM1135C2', '9', '22400', 'M', '0', '0', '0', '0', '0', NULL, '7000'),
	(2481, 'MG3684C4', '9', '30800', 'M', '0', '0', '0', '0', '0', NULL, '7000'),
	(2482, 'MG3753C2', '9', '22900', 'M', '0', '0', '0', '0', '0', NULL, '7000'),
	(2483, 'MG6280C3', '9', '28400', 'M', '0', '0', '0', '0', '0', NULL, '7000'),
	(2484, 'MG6301C1', '9', '30800', 'M', '0', '0', '0', '0', '0', NULL, '7000'),
	(2485, 'TP8007C1', '9', '27500', 'M', '0', '0', '0', '0', '0', NULL, '7000'),
	(2486, 'TP8011C1', '9', '26200', 'M', '0', '0', '0', '0', '0', NULL, '7000'),
	(2487, 'TP3921C4', '9', '29900', 'H', '0', '0', '0', '0', '0', NULL, '6000'),
	(2488, 'MS8200C2', '9', '29500', 'M', '0', '0', '0', '0', '0', NULL, '6000'),
	(2489, 'ES6004C2', '9', '32200', 'M', '0', '0', '0', '0', '0', NULL, '6000'),
	(2490, 'ES6014C1', '9', '29900', 'M', '0', '0', '0', '0', '0', NULL, '6000'),
	(2491, 'ES6040C2', '9', '27800', 'M', '0', '0', '0', '0', '0', NULL, '6000'),
	(2492, 'FBD06-02C03', '9', '23200', 'U', '0', '0', '0', '0', '0', NULL, '5300'),
	(2493, '95966C1', '9', '32500', 'M', '0', '0', '0', '0', '0', NULL, '3750'),
	(2494, 'SUM-STEFFANI', '9', '9500', '', '0', '0', '0', '0', '0', NULL, '2000'),
	(2495, 'SUM-VERTE', '9', '9500', '', '0', '0', '0', '0', '0', NULL, '2000'),
	(2496, '9601C2', '9', '21300', 'U', '0', '0', '0', '0', '0', NULL, '6000'),
	(2497, '9601C3', '9', '21300', 'U', '0', '0', '0', '0', '0', NULL, '6000'),
	(2498, 'KA03-05C7', '9', '20700', 'U', '0', '0', '0', '0', '0', NULL, '6000'),
	(2499, 'KA04-08C2', '9', '19700', 'U', '0', '0', '0', '0', '0', NULL, '6000'),
	(2500, 'M95C9DARKBLUE-CYAN', '9', '9500', 'H', '0', '0', '0', '0', '0', NULL, '1000'),
	(2501, 'M79C3LADYRED', '9', '9500', 'M', '0', '0', '0', '0', '0', NULL, '1500'),
	(2502, 'M96C1BLACK-LIGHTBLUE', '9', '9500', 'N', '0', '0', '0', '0', '0', NULL, '1500'),
	(2503, 'M44C3', '10', '9500', 'M', '0', '0', '0', '0', '0', NULL, '650'),
	(2504, 'M89C2', '10', '9500', 'N', '0', '0', '0', '0', '0', NULL, '0'),
	(2505, 'LS037C2', '10', '26900', 'M', '0', '0', '0', '0', '0', NULL, '1000'),
	(2506, 'LS020C2', '10', '22400', 'M', '0', '0', '0', '0', '0', NULL, '3000'),
	(2507, 'LS015C3', '10', '23800', 'M', '0', '0', '0', '0', '0', NULL, '3000'),
	(2508, 'LS024C2', '10', '29900', 'M', '0', '0', '0', '0', '0', NULL, '3000'),
	(2509, 'TR92025C2', '10', '23400', 'M', '0', '0', '0', '0', '0', NULL, '3000'),
	(2510, 'TR1222C2', '10', '25800', 'M', '0', '0', '0', '0', '0', NULL, '3000'),
	(2511, 'LS010C4', '10', '22400', 'M', '0', '0', '0', '0', '0', NULL, '2000'),
	(2512, 'D1148C16', '10', '4900', '', '0', '0', '0', '0', '0', NULL, '1000'),
	(2513, 'D1298C6', '10', '4900', 'U', '0', '0', '0', '0', '0', NULL, '1000'),
	(2514, 'D1306C1', '10', '4900', 'U', '0', '0', '0', '0', '0', NULL, '1000'),
	(2515, 'M96C5BLACK-CYAN', '10', '9500', 'N', '0', '0', '0', '0', '0', NULL, '1000'),
	(2516, '98003C3CLIP', '10', '32800', 'M', '0', '0', '0', '0', '0', NULL, '7000'),
	(2517, '98009C6CLIP', '10', '32800', 'M', '0', '0', '0', '0', '0', NULL, '7000'),
	(2518, '98010C2CLIP', '10', '32800', 'M', '0', '0', '0', '0', '0', NULL, '7000'),
	(2519, '98015C1CLIP', '10', '32800', 'M', '0', '0', '0', '0', '0', NULL, '7000'),
	(2520, '98015C2CLIP', '10', '32800', 'M', '0', '0', '0', '0', '0', NULL, '7000'),
	(2521, 'MG3718C5', '10', '31800', 'M', '0', '0', '0', '0', '0', NULL, '7000'),
	(2522, 'MG3763C3', '10', '31800', 'M', '0', '0', '0', '0', '0', NULL, '7000'),
	(2523, 'MG3763C4', '10', '31800', 'M', '0', '0', '0', '0', '0', NULL, '7000'),
	(2524, 'MG3770C4', '10', '26300', 'M', '0', '0', '0', '0', '0', NULL, '7000'),
	(2525, 'FBD06-02C04', '10', '23200', 'U', '0', '0', '0', '0', '0', NULL, '5300'),
	(2526, 'MFD02-03C03', '10', '23200', 'U', '0', '0', '0', '0', '0', NULL, '5300'),
	(2527, 'SUM-SIMPLEM', '10', '7500', '', '0', '0', '0', '0', '0', NULL, '2000'),
	(2528, '9603C1', '10', '21300', 'U', '0', '0', '0', '0', '0', NULL, '6000'),
	(2529, '9603C2', '10', '21300', 'U', '0', '0', '0', '0', '0', NULL, '6000'),
	(2530, '9605C3', '10', '21300', 'U', '0', '0', '0', '0', '0', NULL, '6000'),
	(2531, '9606C2', '10', '21300', 'U', '0', '0', '0', '0', '0', NULL, '6000'),
	(2532, '9609C1', '10', '21300', 'U', '0', '0', '0', '0', '0', NULL, '6000'),
	(2533, '9610C3', '10', '21300', 'U', '0', '0', '0', '0', '0', NULL, '6000'),
	(2534, 'KA01-01C7', '10', '17900', 'U', '0', '0', '0', '0', '0', NULL, '6000'),
	(2535, 'M82C3', '10', '9500', 'M', '0', '0', '0', '0', '0', NULL, '800'),
	(2536, 'M95C6BROWN', '10', '9500', 'H', '0', '0', '0', '0', '0', NULL, '1000'),
	(2537, 'M97C6LADYPURPLE', '10', '9500', 'M', '0', '0', '0', '0', '0', NULL, '1500'),
	(2538, 'M101C04BLUE', '10', '9500', 'U', '0', '0', '0', '0', '0', NULL, '1500'),
	(2539, 'M79C4LADYTORTOISE', '10', '9500', 'M', '0', '0', '0', '0', '0', NULL, '1500'),
	(2540, 'M108VARIOS', '10', '9500', 'H', '0', '0', '0', '0', '0', NULL, '2700'),
	(2541, 'REC-KIDS', '11', '7500', '', '0', '0', '0', '0', '0', NULL, '0'),
	(2542, 'LER-019C19', '11', '20700', '', '0', '0', '0', '0', '0', NULL, '1000'),
	(2543, 'LER-075C17', '11', '20700', '', '0', '0', '0', '0', '0', NULL, '1000'),
	(2544, 'SUM-SEL-58065', '11', '12900', '', '0', '0', '0', '0', '0', NULL, '800'),
	(2545, 'SH1007C1', '11', '19100', 'U', '0', '0', '0', '0', '0', NULL, '100'),
	(2546, 'LS035C2', '11', '26900', 'M', '0', '0', '0', '0', '0', NULL, '1000'),
	(2547, 'LS023C1', '11', '22400', 'M', '0', '0', '0', '0', '0', NULL, '3000'),
	(2548, 'LS015C1', '11', '23800', 'M', '0', '0', '0', '0', '0', NULL, '3000'),
	(2549, 'LS020C1', '11', '22400', 'M', '0', '0', '0', '0', '0', NULL, '3000'),
	(2550, 'LS010C2', '11', '22400', 'M', '0', '0', '0', '0', '0', NULL, '3000'),
	(2551, 'TR1212C2', '11', '21400', 'M', '0', '0', '0', '0', '0', NULL, '2000'),
	(2552, 'D1286C1', '11', '4900', 'U', '0', '0', '0', '0', '0', NULL, '1000'),
	(2553, 'D1298C14', '11', '4900', '', '0', '0', '0', '0', '0', NULL, '1000'),
	(2554, 'D1308C3-9', '11', '4900', '', '0', '0', '0', '0', '0', NULL, '1000'),
	(2555, 'D1315C21', '11', '4900', '', '0', '0', '0', '0', '0', NULL, '1000'),
	(2556, 'D1316C21', '11', '4900', '', '0', '0', '0', '0', '0', NULL, '1000'),
	(2557, 'D1316C9', '11', '4900', '', '0', '0', '0', '0', '0', NULL, '1000'),
	(2558, 'D1349C16-6', '11', '4900', '', '0', '0', '0', '0', '0', NULL, '1000'),
	(2559, 'D9989C3', '11', '4900', '', '0', '0', '0', '0', '0', NULL, '1000'),
	(2560, '60021C2', '11', '24400', 'M', '0', '0', '0', '0', '0', NULL, '5000'),
	(2561, '60088C7', '11', '29900', 'M', '0', '0', '0', '0', '0', NULL, '5000'),
	(2562, 'MG3671C4', '11', '33500', 'M', '0', '0', '0', '0', '0', NULL, '7000'),
	(2563, 'ML019C1', '11', '32500', 'M', '0', '0', '0', '0', '0', NULL, '3750'),
	(2564, 'ML020C3', '11', '30800', 'M', '0', '0', '0', '0', '0', NULL, '3750'),
	(2565, 'ML021C2', '11', '22700', 'M', '0', '0', '0', '0', '0', NULL, '3750'),
	(2566, '9601C1', '11', '21300', 'U', '0', '0', '0', '0', '0', NULL, '6000'),
	(2567, '9602C3', '11', '21300', 'U', '0', '0', '0', '0', '0', NULL, '6000'),
	(2568, '9603C3', '11', '21300', 'U', '0', '0', '0', '0', '0', NULL, '6000'),
	(2569, '9605C1', '11', '21300', 'U', '0', '0', '0', '0', '0', NULL, '6000'),
	(2570, '9605C2', '11', '21300', 'U', '0', '0', '0', '0', '0', NULL, '6000'),
	(2571, '9606C3', '11', '21300', 'U', '0', '0', '0', '0', '0', NULL, '6000'),
	(2572, '9607C1', '11', '21300', 'U', '0', '0', '0', '0', '0', NULL, '6000'),
	(2573, '9607C2', '11', '21300', 'U', '0', '0', '0', '0', '0', NULL, '6000'),
	(2574, '9607C3', '11', '21300', 'U', '0', '0', '0', '0', '0', NULL, '6000'),
	(2575, '9608C1', '11', '21300', 'U', '0', '0', '0', '0', '0', NULL, '6000'),
	(2576, '9608C3', '11', '21300', 'U', '0', '0', '0', '0', '0', NULL, '6000'),
	(2577, '9609C3', '11', '21300', 'U', '0', '0', '0', '0', '0', NULL, '6000'),
	(2578, '9610C2', '11', '21300', 'U', '0', '0', '0', '0', '0', NULL, '6000'),
	(2579, 'KA01-02C5', '11', '20700', 'U', '0', '0', '0', '0', '0', NULL, '6000'),
	(2580, 'KA03-06C6', '11', '21000', 'U', '0', '0', '0', '0', '0', NULL, '6000'),
	(2581, 'KA04-08C8', '11', '21500', 'U', '0', '0', '0', '0', '0', NULL, '6000'),
	(2582, 'KA05-10C1', '11', '19700', 'U', '0', '0', '0', '0', '0', NULL, '6000'),
	(2583, 'KA05-10C13', '11', '18000', 'U', '0', '0', '0', '0', '0', NULL, '6000'),
	(2584, 'KA06-11C4', '11', '19700', 'U', '0', '0', '0', '0', '0', NULL, '6000'),
	(2585, 'KA06-11C5', '11', '18000', 'U', '0', '0', '0', '0', '0', NULL, '6000'),
	(2586, 'SO-BOB-117-416', '11', '9500', '', '0', '0', '0', '0', '0', NULL, '267'),
	(2587, 'M101C01BROWN', '11', '9500', 'U', '0', '0', '0', '0', '0', NULL, '1500'),
	(2588, 'M101C03BLACKGRAY', '11', '9500', 'U', '0', '0', '0', '0', '0', NULL, '1500'),
	(2589, 'M79C5LADYPURPLE', '11', '9500', 'M', '0', '0', '0', '0', '0', NULL, '1500'),
	(2590, 'M105C3', '11', '9500', 'U', '0', '0', '0', '0', '0', NULL, '2500'),
	(2591, 'M106C2', '11', '9500', 'U', '0', '0', '0', '0', '0', NULL, '2500'),
	(2592, 'IV3COL1', '12', '9500', 'M', '0', '0', '0', '0', '0', NULL, '200'),
	(2593, 'M29180C2', '12', '15300', '', '0', '0', '0', '0', '0', NULL, '600'),
	(2594, 'SUM-VICHY047', '12', '10900', '', '0', '0', '0', '0', '0', NULL, '800'),
	(2595, 'SH1005C1', '12', '19100', 'U', '0', '0', '0', '0', '0', NULL, '100'),
	(2596, 'LS031C1', '12', '26900', 'M', '0', '0', '0', '0', '0', NULL, '1000'),
	(2597, 'LS035C3', '12', '26900', 'M', '0', '0', '0', '0', '0', NULL, '1000'),
	(2598, 'TR1222C3', '12', '25800', 'M', '0', '0', '0', '0', '0', NULL, '2000'),
	(2599, 'SUM-LAZ', '12', '7500', '', '0', '0', '0', '0', '0', NULL, '100'),
	(2600, 'D1013C1', '12', '4900', 'U', '0', '0', '0', '0', '0', NULL, '1000'),
	(2601, 'D1252C1', '12', '4900', '', '0', '0', '0', '0', '0', NULL, '1000'),
	(2602, 'D1298C1', '12', '4900', 'U', '0', '0', '0', '0', '0', NULL, '1000'),
	(2603, 'D1306C7', '12', '4900', '', '0', '0', '0', '0', '0', NULL, '1000'),
	(2604, 'D1311C9', '12', '4900', '', '0', '0', '0', '0', '0', NULL, '1000'),
	(2605, 'D1317C9', '12', '4900', '', '0', '0', '0', '0', '0', NULL, '1000'),
	(2606, 'D1320C9', '12', '4900', '', '0', '0', '0', '0', '0', NULL, '1000'),
	(2607, 'D1334C16', '12', '4900', '', '0', '0', '0', '0', '0', NULL, '1000'),
	(2608, 'D1384C9', '12', '4900', '', '0', '0', '0', '0', '0', NULL, '1000'),
	(2609, 'SH3029C1', '12', '15500', 'U', '0', '0', '0', '0', '0', NULL, '2300'),
	(2610, 'M82C5', '12', '9500', 'M', '0', '0', '0', '0', '0', NULL, '100'),
	(2611, '60031C7', '12', '29900', 'M', '0', '0', '0', '0', '0', NULL, '5000'),
	(2612, '60034C2', '12', '33500', 'M', '0', '0', '0', '0', '0', NULL, '5000'),
	(2613, '95959C1', '12', '34200', 'M', '0', '0', '0', '0', '0', NULL, '3750'),
	(2614, 'ML019C2', '12', '32500', 'M', '0', '0', '0', '0', '0', NULL, '3750'),
	(2615, 'ML019C3', '12', '32500', 'M', '0', '0', '0', '0', '0', NULL, '3750'),
	(2616, 'ML019C4', '12', '32500', 'M', '0', '0', '0', '0', '0', NULL, '3750'),
	(2617, '9602C2', '12', '21300', 'U', '0', '0', '0', '0', '0', NULL, '6000'),
	(2618, '9606C1', '12', '21300', 'U', '0', '0', '0', '0', '0', NULL, '6000'),
	(2619, '9608C2', '12', '21300', 'U', '0', '0', '0', '0', '0', NULL, '6000'),
	(2620, '9610C1', '12', '21300', 'U', '0', '0', '0', '0', '0', NULL, '6000'),
	(2621, 'ST404C30', '12', '7500', '', '0', '0', '0', '0', '0', NULL, '220'),
	(2622, 'LM3132C2', '12', '24200', '', '0', '0', '0', '0', '0', NULL, '500'),
	(2623, 'M95C3DARKBLUE-CYAN', '12', '9500', 'H', '0', '0', '0', '0', '0', NULL, '1000'),
	(2624, 'M99C05DARKPURPLE', '12', '9500', 'U', '0', '0', '0', '0', '0', NULL, '1700'),
	(2625, 'M99C04BLACK', '12', '9500', 'U', '0', '0', '0', '0', '0', NULL, '1500'),
	(2626, 'M103C1BLUEPURPLE', '12', '9500', 'M', '0', '0', '0', '0', '0', NULL, '1500'),
	(2627, 'M105C4', '12', '9500', 'U', '0', '0', '0', '0', '0', NULL, '2500'),
	(2628, 'S33S', '13', '11200', 'U', '0', '0', '0', '0', '0', NULL, '700'),
	(2629, 'M29180C3', '13', '15300', '', '0', '0', '0', '0', '0', NULL, '600'),
	(2630, 'M29208C4', '13', '15300', '', '0', '0', '0', '0', '0', NULL, '600'),
	(2631, 'SUM-SEL58092', '13', '12900', '', '0', '0', '0', '0', '0', NULL, '800'),
	(2632, 'TR92018C4', '13', '23400', 'M', '0', '0', '0', '0', '0', NULL, '3000'),
	(2633, 'SH4137C04S', '13', '7500', '', '0', '0', '0', '0', '0', NULL, '100'),
	(2634, 'D1308C16', '13', '4900', '', '0', '0', '0', '0', '0', NULL, '1000'),
	(2635, 'D1311C14', '13', '4900', '', '0', '0', '0', '0', '0', NULL, '1000'),
	(2636, 'D1320C7', '13', '4900', '', '0', '0', '0', '0', '0', NULL, '1000'),
	(2637, 'D9695C3', '13', '4900', '', '0', '0', '0', '0', '0', NULL, '1000'),
	(2638, 'D9994C1', '13', '4900', '', '0', '0', '0', '0', '0', NULL, '1000'),
	(2639, 'SH3029C1-1E', '13', '15500', 'U', '0', '0', '0', '0', '0', NULL, '2200'),
	(2640, '60015C1', '13', '33900', 'M', '0', '0', '0', '0', '0', NULL, '5000'),
	(2641, 'ML008C1', '13', '30200', 'U', '0', '0', '0', '0', '0', NULL, '3750'),
	(2642, 'ML008C3', '13', '30200', 'U', '0', '0', '0', '0', '0', NULL, '3750'),
	(2643, 'ML010C1', '13', '21800', 'U', '0', '0', '0', '0', '0', NULL, '3750'),
	(2644, 'ML011C1', '13', '26900', 'U', '0', '0', '0', '0', '0', NULL, '3750'),
	(2645, 'ML012C1', '13', '26900', 'U', '0', '0', '0', '0', '0', NULL, '3750'),
	(2646, 'ML012C2', '13', '26900', 'U', '0', '0', '0', '0', '0', NULL, '3750'),
	(2647, 'ML020C4', '13', '30800', 'M', '0', '0', '0', '0', '0', NULL, '3750'),
	(2648, 'SUM-MORMAII', '13', '10900', '', '0', '0', '0', '0', '0', NULL, '2000'),
	(2649, 'KA01-01C5', '13', '19600', 'U', '0', '0', '0', '0', '0', NULL, '6000'),
	(2650, 'KA05-09C2', '13', '17900', 'U', '0', '0', '0', '0', '0', NULL, '6000'),
	(2651, 'IV422', '13', '7500', '', '0', '0', '0', '0', '0', NULL, '300'),
	(2652, 'SH2330C3', '13', '12900', 'M', '0', '0', '0', '0', '0', NULL, '0'),
	(2653, 'M95C2BROWN', '13', '9500', 'H', '0', '0', '0', '0', '0', NULL, '1000'),
	(2654, 'M105C5', '13', '9500', 'U', '0', '0', '0', '0', '0', NULL, '2500'),
	(2655, 'LS037C1', '14', '26900', 'M', '0', '0', '0', '0', '0', NULL, '1000'),
	(2656, 'LS032C3', '14', '26900', 'M', '0', '0', '0', '0', '0', NULL, '1000'),
	(2657, 'LS023C2', '14', '22400', 'M', '0', '0', '0', '0', '0', NULL, '3000'),
	(2658, 'D1252C15', '14', '4900', '', '0', '0', '0', '0', '0', NULL, '1000'),
	(2659, 'D1309C11', '14', '4900', '', '0', '0', '0', '0', '0', NULL, '1000'),
	(2660, 'D1312C1', '14', '4900', 'U', '0', '0', '0', '0', '0', NULL, '1000'),
	(2661, 'D1316C1', '14', '4900', 'M', '0', '0', '0', '0', '0', NULL, '1000'),
	(2662, 'D1380C1', '14', '4900', '', '0', '0', '0', '0', '0', NULL, '1000'),
	(2663, 'D1380C14', '14', '4900', '', '0', '0', '0', '0', '0', NULL, '1000'),
	(2664, 'D1381C14', '14', '4900', '', '0', '0', '0', '0', '0', NULL, '1000'),
	(2665, 'D9942C94', '14', '4900', '', '0', '0', '0', '0', '0', NULL, '1000'),
	(2666, 'D9994C3', '14', '4900', '', '0', '0', '0', '0', '0', NULL, '1000'),
	(2667, 'D9994C5', '14', '4900', '', '0', '0', '0', '0', '0', NULL, '1000'),
	(2668, 'SHSP9002C3', '14', '15500', 'U', '0', '0', '0', '0', '0', NULL, '2200'),
	(2669, '60021C3', '14', '24400', 'M', '0', '0', '0', '0', '0', NULL, '5000'),
	(2670, '60023C4', '14', '33900', 'M', '0', '0', '0', '0', '0', NULL, '5000'),
	(2671, '60034C3', '14', '33500', 'M', '0', '0', '0', '0', '0', NULL, '5000'),
	(2672, '60051C1', '14', '20700', 'M', '0', '0', '0', '0', '0', NULL, '5000'),
	(2673, '60051C5', '14', '20700', 'M', '0', '0', '0', '0', '0', NULL, '5000'),
	(2674, '60064C5', '14', '23800', 'M', '0', '0', '0', '0', '0', NULL, '5000'),
	(2675, '60070C1', '14', '26900', 'M', '0', '0', '0', '0', '0', NULL, '5000'),
	(2676, '95291C3', '14', '25300', 'M', '0', '0', '0', '0', '0', NULL, '3750'),
	(2677, '95291C5', '14', '25300', 'M', '0', '0', '0', '0', '0', NULL, '3750'),
	(2678, 'ML007C3', '14', '26900', 'U', '0', '0', '0', '0', '0', NULL, '3750'),
	(2679, 'ML008C4', '14', '30200', 'U', '0', '0', '0', '0', '0', NULL, '3750'),
	(2680, 'ML021C3', '14', '22700', 'M', '0', '0', '0', '0', '0', NULL, '3750'),
	(2681, 'ML021C4', '14', '22700', 'M', '0', '0', '0', '0', '0', NULL, '3750'),
	(2682, 'KA01-01C1', '14', '19600', 'U', '0', '0', '0', '0', '0', NULL, '6000'),
	(2683, 'KA01-01C2', '14', '19600', 'U', '0', '0', '0', '0', '0', NULL, '6000'),
	(2684, 'SHA01C2', '14', '9500', '', '0', '0', '0', '0', '0', NULL, '195'),
	(2685, 'SH2180C1', '14', '12900', 'U', '0', '0', '0', '0', '0', NULL, '0'),
	(2686, 'M82C1', '14', '9500', 'M', '0', '0', '0', '0', '0', NULL, '800'),
	(2687, 'M101C02BLACKWHITE', '14', '9500', 'U', '0', '0', '0', '0', '0', NULL, '1500'),
	(2688, 'M106C1', '14', '9500', 'U', '0', '0', '0', '0', '0', NULL, '2500'),
	(2689, 'LS015C2', '15', '23800', 'M', '0', '0', '0', '0', '0', NULL, '3000'),
	(2690, 'D1315C7', '15', '4900', '', '0', '0', '0', '0', '0', NULL, '1000'),
	(2691, 'D1317C21', '15', '4900', '', '0', '0', '0', '0', '0', NULL, '1000'),
	(2692, 'D1380C7', '15', '4900', '', '0', '0', '0', '0', '0', NULL, '1000'),
	(2693, 'D1384C7', '15', '4900', '', '0', '0', '0', '0', '0', NULL, '1000'),
	(2694, 'SHS002C1', '15', '15500', 'U', '0', '0', '0', '0', '0', NULL, '2200'),
	(2695, '60023C1', '15', '33900', 'M', '0', '0', '0', '0', '0', NULL, '5000'),
	(2696, '60031C1', '15', '29900', 'M', '0', '0', '0', '0', '0', NULL, '5000'),
	(2697, '60035C5', '15', '27800', 'M', '0', '0', '0', '0', '0', NULL, '5000'),
	(2698, '60035C6', '15', '27800', 'M', '0', '0', '0', '0', '0', NULL, '5000'),
	(2699, '60047C6', '15', '30200', 'M', '0', '0', '0', '0', '0', NULL, '5000'),
	(2700, '60051C6', '15', '20700', 'M', '0', '0', '0', '0', '0', NULL, '5000'),
	(2701, '60072C1', '15', '29900', 'M', '0', '0', '0', '0', '0', NULL, '5000'),
	(2702, '60072C2', '15', '29900', 'M', '0', '0', '0', '0', '0', NULL, '5000'),
	(2703, '60072C3', '15', '29900', 'M', '0', '0', '0', '0', '0', NULL, '5000'),
	(2704, '60072C4', '15', '29900', 'M', '0', '0', '0', '0', '0', NULL, '5000'),
	(2705, 'ML007C1', '15', '26900', 'U', '0', '0', '0', '0', '0', NULL, '3750'),
	(2706, 'ML010C2', '15', '21800', 'U', '0', '0', '0', '0', '0', NULL, '3750'),
	(2707, 'ML012C4', '15', '26900', 'U', '0', '0', '0', '0', '0', NULL, '3750'),
	(2708, 'ML021C1', '15', '22700', 'M', '0', '0', '0', '0', '0', NULL, '3750'),
	(2709, 'KA04-08C5', '15', '19700', 'U', '0', '0', '0', '0', '0', NULL, '6000'),
	(2710, 'SH2310C2', '15', '12900', 'U', '0', '0', '0', '0', '0', NULL, '0'),
	(2711, 'SHI85C10S', '15', '7500', '', '0', '0', '0', '0', '0', NULL, '0'),
	(2712, 'M44C01', '15', '9500', 'M', '0', '0', '0', '0', '0', NULL, '1500'),
	(2713, 'M106C3', '15', '9500', 'U', '0', '0', '0', '0', '0', NULL, '2500'),
	(2714, 'M106C4', '15', '9500', 'U', '0', '0', '0', '0', '0', NULL, '2500'),
	(2715, 'M88C2', '16', '9500', 'M', '0', '0', '0', '0', '0', NULL, '100'),
	(2716, 'LS032C1', '16', '26900', 'M', '0', '0', '0', '0', '0', NULL, '1000'),
	(2717, 'TR92025C5', '16', '23400', 'M', '0', '0', '0', '0', '0', NULL, '2000'),
	(2718, '12-006C2', '16', '21400', 'M', '0', '0', '0', '0', '0', NULL, '2650'),
	(2719, 'D1309C21', '16', '4900', '', '0', '0', '0', '0', '0', NULL, '1000'),
	(2720, 'D1317C1', '16', '4900', '', '0', '0', '0', '0', '0', NULL, '1000'),
	(2721, 'D1320C1', '16', '4900', '', '0', '0', '0', '0', '0', NULL, '1000'),
	(2722, 'D1610C3', '16', '4900', 'M', '0', '0', '0', '0', '0', NULL, '1000'),
	(2723, 'D9989C4', '16', '4900', '', '0', '0', '0', '0', '0', NULL, '1000'),
	(2724, '60015C5', '16', '33900', 'M', '0', '0', '0', '0', '0', NULL, '5000'),
	(2725, '60026C3', '16', '30200', 'M', '0', '0', '0', '0', '0', NULL, '5000'),
	(2726, '60026C5', '16', '30200', 'M', '0', '0', '0', '0', '0', NULL, '5000'),
	(2727, '60034C1', '16', '33500', 'M', '0', '0', '0', '0', '0', NULL, '5000'),
	(2728, '60035C4', '16', '27800', 'M', '0', '0', '0', '0', '0', NULL, '5000'),
	(2729, '60035C7', '16', '27800', 'M', '0', '0', '0', '0', '0', NULL, '5000'),
	(2730, '60049C2', '16', '29900', 'M', '0', '0', '0', '0', '0', NULL, '5000'),
	(2731, '60070C3', '16', '26900', 'M', '0', '0', '0', '0', '0', NULL, '5000'),
	(2732, '60070C5', '16', '26900', 'M', '0', '0', '0', '0', '0', NULL, '5000'),
	(2733, '60083C3', '16', '23800', 'M', '0', '0', '0', '0', '0', NULL, '5000'),
	(2734, '60086C3', '16', '27500', 'M', '0', '0', '0', '0', '0', NULL, '5000'),
	(2735, '60088C5', '16', '29900', 'M', '0', '0', '0', '0', '0', NULL, '5000'),
	(2736, 'ML010C3', '16', '21800', 'U', '0', '0', '0', '0', '0', NULL, '3750'),
	(2737, 'ML011C2', '16', '26900', 'U', '0', '0', '0', '0', '0', NULL, '3750'),
	(2738, 'M29615C3', '17', '15300', '', '0', '0', '0', '0', '0', NULL, '600'),
	(2739, 'M29608C2', '17', '15300', '', '0', '0', '0', '0', '0', NULL, '600'),
	(2740, 'LS023C3', '17', '22400', 'M', '0', '0', '0', '0', '0', NULL, '3000'),
	(2741, '12-004C1', '17', '21400', 'M', '0', '0', '0', '0', '0', NULL, '2600'),
	(2742, '12-006C3', '17', '21400', 'M', '0', '0', '0', '0', '0', NULL, '2650'),
	(2743, '12-009C1', '17', '21400', 'M', '0', '0', '0', '0', '0', NULL, '1850'),
	(2744, '12-011C1', '17', '11900', 'N', '0', '0', '0', '0', '0', NULL, '1600'),
	(2745, 'C2007C3', '17', '19100', 'M', '0', '0', '0', '0', '0', NULL, '2100'),
	(2746, 'SUM-MEDIA-MONTURA', '17', '7500', '', '0', '0', '0', '0', '0', NULL, '100'),
	(2747, 'D9912C3', '17', '4900', '', '0', '0', '0', '0', '0', NULL, '1000'),
	(2748, 'SH3048C1-5', '17', '15500', 'U', '0', '0', '0', '0', '0', NULL, '2200'),
	(2749, '60034C5', '17', '33500', 'M', '0', '0', '0', '0', '0', NULL, '5000'),
	(2750, '60035C9', '17', '27800', 'M', '0', '0', '0', '0', '0', NULL, '5000'),
	(2751, '60041C1', '17', '22900', 'M', '0', '0', '0', '0', '0', NULL, '5000'),
	(2752, '60041C2', '17', '22900', 'M', '0', '0', '0', '0', '0', NULL, '5000'),
	(2753, '60046C1', '17', '27800', 'M', '0', '0', '0', '0', '0', NULL, '5000'),
	(2754, '60046C2', '17', '27800', 'M', '0', '0', '0', '0', '0', NULL, '5000'),
	(2755, '60047C1', '17', '30200', 'M', '0', '0', '0', '0', '0', NULL, '5000'),
	(2756, '60048C4', '17', '25300', 'M', '0', '0', '0', '0', '0', NULL, '5000'),
	(2757, '60049C1', '17', '29900', 'M', '0', '0', '0', '0', '0', NULL, '5000'),
	(2758, '60049C5', '17', '29900', 'M', '0', '0', '0', '0', '0', NULL, '5000'),
	(2759, '60064C2', '17', '23800', 'M', '0', '0', '0', '0', '0', NULL, '5000'),
	(2760, '60064C6', '17', '23800', 'M', '0', '0', '0', '0', '0', NULL, '5000'),
	(2761, '60086C1', '17', '27500', 'M', '0', '0', '0', '0', '0', NULL, '5000'),
	(2762, '60088C1', '17', '29900', 'M', '0', '0', '0', '0', '0', NULL, '5000'),
	(2763, '60089C3', '17', '29900', 'M', '0', '0', '0', '0', '0', NULL, '5000'),
	(2764, '60089C6', '17', '29900', 'M', '0', '0', '0', '0', '0', NULL, '5000'),
	(2765, 'ML012C3', '17', '26900', 'U', '0', '0', '0', '0', '0', NULL, '3750'),
	(2766, 'ST405C10', '17', '7500', '', '0', '0', '0', '0', '0', NULL, '220'),
	(2767, 'M99C01BLACKGREEN', '17', '9500', 'U', '0', '0', '0', '0', '0', NULL, '1500'),
	(2768, 'M104VARIOS', '17', '9500', 'N', '0', '0', '0', '0', '0', NULL, '1500'),
	(2769, 'M29614C4', '18', '15300', '', '0', '0', '0', '0', '0', NULL, '600'),
	(2770, 'SUM-MONTURA-AIRE', '18', '14900', '', '0', '0', '0', '0', '0', NULL, '100'),
	(2771, 'D1365C8', '18', '4900', '', '0', '0', '0', '0', '0', NULL, '1000'),
	(2772, 'D1610C4', '18', '4900', '', '0', '0', '0', '0', '0', NULL, '1000'),
	(2773, 'D9989C5', '18', '4900', '', '0', '0', '0', '0', '0', NULL, '1000'),
	(2774, '60001C1', '18', '22400', 'M', '0', '0', '0', '0', '0', NULL, '5000'),
	(2775, '60001C6', '18', '22400', 'M', '0', '0', '0', '0', '0', NULL, '5000'),
	(2776, '60005C6', '18', '28400', 'M', '0', '0', '0', '0', '0', NULL, '5000'),
	(2777, '60007C4', '18', '23800', 'M', '0', '0', '0', '0', '0', NULL, '5000'),
	(2778, '60020C1', '18', '25300', 'M', '0', '0', '0', '0', '0', NULL, '5000'),
	(2779, '60023C2', '18', '33900', 'M', '0', '0', '0', '0', '0', NULL, '5000'),
	(2780, '60026C6', '18', '30200', 'M', '0', '0', '0', '0', '0', NULL, '5000'),
	(2781, '60047C2', '18', '30200', 'M', '0', '0', '0', '0', '0', NULL, '5000'),
	(2782, '60048C1', '18', '25300', 'M', '0', '0', '0', '0', '0', NULL, '5000'),
	(2783, '60048C3', '18', '25300', 'M', '0', '0', '0', '0', '0', NULL, '5000'),
	(2784, '60064C1', '18', '23800', 'M', '0', '0', '0', '0', '0', NULL, '5000'),
	(2785, '60083C1', '18', '23800', 'M', '0', '0', '0', '0', '0', NULL, '5000'),
	(2786, '60083C5', '18', '23800', 'M', '0', '0', '0', '0', '0', NULL, '5000'),
	(2787, '60089C1', '18', '29900', 'M', '0', '0', '0', '0', '0', NULL, '5000'),
	(2788, 'S35S', '18', '11200', 'U', '0', '0', '0', '0', '0', NULL, '460'),
	(2789, 'NX2C5', '18', '9500', '', '0', '0', '0', '0', '0', NULL, '200'),
	(2790, 'M81C2', '19', '9500', 'U', '0', '0', '0', '0', '0', NULL, '800'),
	(2791, '12-007C1', '19', '21400', 'M', '0', '0', '0', '0', '0', NULL, '2300'),
	(2792, '60007C1', '19', '23800', 'M', '0', '0', '0', '0', '0', NULL, '5000'),
	(2793, '60046C7', '19', '27800', 'M', '0', '0', '0', '0', '0', NULL, '5000'),
	(2794, '60048C6', '19', '25300', 'M', '0', '0', '0', '0', '0', NULL, '5000'),
	(2795, 'SH01COL03', '19', '9500', '', '0', '0', '0', '0', '0', NULL, '150'),
	(2796, 'CNX-METAL', '20', '7500', '', '0', '0', '0', '0', '0', NULL, '300'),
	(2797, '12-004C3', '20', '21400', 'M', '0', '0', '0', '0', '0', NULL, '2600'),
	(2798, 'D9912C5', '20', '4900', '', '0', '0', '0', '0', '0', NULL, '1000'),
	(2799, '60001C3', '20', '22400', 'M', '0', '0', '0', '0', '0', NULL, '5000'),
	(2800, '60001C4', '20', '22400', 'M', '0', '0', '0', '0', '0', NULL, '5000'),
	(2801, '60005C4', '20', '28400', 'M', '0', '0', '0', '0', '0', NULL, '5000'),
	(2802, 'ST405C20', '20', '7500', '', '0', '0', '0', '0', '0', NULL, '220'),
	(2803, 'M100C03', '20', '9500', 'N', '0', '0', '0', '0', '0', NULL, '1700'),
	(2804, 'M105C1', '20', '9500', 'U', '0', '0', '0', '0', '0', NULL, '2500'),
	(2805, '12-001C1', '21', '11900', 'N', '0', '0', '0', '0', '0', NULL, '1500'),
	(2806, 'D1384C1', '21', '4900', 'U', '0', '0', '0', '0', '0', NULL, '1000'),
	(2807, 'SH12NA', '21', '18500', 'M', '0', '0', '0', '0', '0', NULL, '3500'),
	(2808, 'ST402C30', '21', '7500', '', '0', '0', '0', '0', '0', NULL, '220'),
	(2809, 'SH2330C2', '21', '12900', 'M', '0', '0', '0', '0', '0', NULL, '0'),
	(2810, '12-004C2', '22', '21400', 'M', '0', '0', '0', '0', '0', NULL, '2600'),
	(2811, 'ENZOC1', '22', '9500', '', '0', '0', '0', '0', '0', NULL, '100'),
	(2812, 'LAZ-KIDS', '22', '7500', '', '0', '0', '0', '0', '0', NULL, '100'),
	(2813, 'D1365C11', '22', '4900', '', '0', '0', '0', '0', '0', NULL, '1000'),
	(2814, 'SUM-NIK03', '22', '7900', '', '0', '0', '0', '0', '0', NULL, '2000'),
	(2815, 'M100C01', '22', '9500', 'N', '0', '0', '0', '0', '0', NULL, '1700'),
	(2816, 'M88C3', '23', '9500', 'M', '0', '0', '0', '0', '0', NULL, '100'),
	(2817, 'D1365C9', '23', '4900', '', '0', '0', '0', '0', '0', NULL, '1000'),
	(2818, 'ST401C20', '23', '7500', '', '0', '0', '0', '0', '0', NULL, '220'),
	(2819, 'M100C05', '23', '9500', 'N', '0', '0', '0', '0', '0', NULL, '1700'),
	(2820, 'M29608C3', '24', '15300', '', '0', '0', '0', '0', '0', NULL, '600'),
	(2821, 'SUM-STARK', '24', '10900', '', '0', '0', '0', '0', '0', NULL, '800'),
	(2822, 'SH3040C1E', '24', '15500', 'U', '0', '0', '0', '0', '0', NULL, '2300'),
	(2823, 'SH14PE', '24', '18500', 'U', '0', '0', '0', '0', '0', NULL, '1550'),
	(2824, 'SH1007C3', '25', '19100', 'U', '0', '0', '0', '0', '0', NULL, '100'),
	(2825, 'SH4163C15M', '25', '7500', '', '0', '0', '0', '0', '0', NULL, '100'),
	(2826, 'SUM-METAL', '25', '9500', '', '0', '0', '0', '0', '0', NULL, '100'),
	(2827, 'SH3046C1', '25', '15500', 'U', '0', '0', '0', '0', '0', NULL, '2400'),
	(2828, 'SHA607C1', '25', '15500', 'U', '0', '0', '0', '0', '0', NULL, '2200'),
	(2829, 'SH14NE', '25', '18500', 'U', '0', '0', '0', '0', '0', NULL, '1550'),
	(2830, 'SH35BR', '25', '18500', 'H', '0', '0', '0', '0', '0', NULL, '1550'),
	(2831, 'SH35NE', '25', '18500', 'H', '0', '0', '0', '0', '0', NULL, '1550'),
	(2832, 'SH2330C1', '25', '12900', 'M', '0', '0', '0', '0', '0', NULL, '0'),
	(2833, 'M100C02', '25', '9500', 'N', '0', '0', '0', '0', '0', NULL, '1700'),
	(2834, 'M29608C1', '26', '15300', '', '0', '0', '0', '0', '0', NULL, '600'),
	(2835, 'SUM-OLIVEPEOPLE', '26', '10900', '', '0', '0', '0', '0', '0', NULL, '800'),
	(2836, 'D1365C1', '26', '4900', 'U', '0', '0', '0', '0', '0', NULL, '1000'),
	(2837, 'SHSP9007C3', '26', '11800', 'U', '0', '0', '0', '0', '0', NULL, '2200'),
	(2838, 'SHA02C2', '26', '9500', '', '0', '0', '0', '0', '0', NULL, '195'),
	(2839, '12-001C2', '27', '11900', 'N', '0', '0', '0', '0', '0', NULL, '1500'),
	(2840, 'SH3040C1-2', '27', '11800', 'U', '0', '0', '0', '0', '0', NULL, '2000'),
	(2841, 'SH3041C1E', '27', '15500', 'U', '0', '0', '0', '0', '0', NULL, '2400'),
	(2842, 'SH4137C10M', '28', '7500', '', '0', '0', '0', '0', '0', NULL, '100'),
	(2843, 'SUM-OKUS', '28', '7500', '', '0', '0', '0', '0', '0', NULL, '100'),
	(2844, 'SHSP8008C3', '28', '15500', 'U', '0', '0', '0', '0', '0', NULL, '2200'),
	(2845, 'SH34NA', '28', '18500', 'M', '0', '0', '0', '0', '0', NULL, '3500'),
	(2846, 'SUM-GLORIA', '29', '14900', '', '0', '0', '0', '0', '0', NULL, '800'),
	(2847, '12-007C3', '29', '21400', 'M', '0', '0', '0', '0', '0', NULL, '2300'),
	(2848, '12-011C2', '29', '11900', 'N', '0', '0', '0', '0', '0', NULL, '1600'),
	(2849, '12-011C3', '29', '11900', 'N', '0', '0', '0', '0', '0', NULL, '1600'),
	(2850, 'SHA607C2', '29', '15500', 'U', '0', '0', '0', '0', '0', NULL, '2200'),
	(2851, 'SH35PE', '29', '18500', 'H', '0', '0', '0', '0', '0', NULL, '1550'),
	(2852, 'SH34NE', '29', '18500', 'M', '0', '0', '0', '0', '0', NULL, '3500'),
	(2853, 'SHI32C2', '29', '7500', '', '0', '0', '0', '0', '0', NULL, '200'),
	(2854, 'SUM-BONNIE', '30', '14900', '', '0', '0', '0', '0', '0', NULL, '800'),
	(2855, '12-005C1', '30', '21400', 'M', '0', '0', '0', '0', '0', NULL, '2450'),
	(2856, 'SH3048C1-2', '30', '15500', 'U', '0', '0', '0', '0', '0', NULL, '2200'),
	(2857, 'SH5307C1', '30', '15500', 'U', '0', '0', '0', '0', '0', NULL, '2000'),
	(2858, 'SH12PE', '30', '18500', 'M', '0', '0', '0', '0', '0', NULL, '3500'),
	(2859, 'SH14PL', '31', '18500', 'U', '0', '0', '0', '0', '0', NULL, '1450'),
	(2860, 'SH3048C1-3', '31', '15500', 'U', '0', '0', '0', '0', '0', NULL, '2200'),
	(2861, 'SH55412C1', '31', '15500', 'U', '0', '0', '0', '0', '0', NULL, '2200'),
	(2862, 'SHSP8008C4', '31', '11800', 'U', '0', '0', '0', '0', '0', NULL, '2200'),
	(2863, 'SH3051C1E', '32', '15500', 'U', '0', '0', '0', '0', '0', NULL, '2200'),
	(2864, 'SH15NA', '32', '15500', 'M', '0', '0', '0', '0', '0', NULL, '1550'),
	(2865, 'SH15ROS', '32', '15500', 'M', '0', '0', '0', '0', '0', NULL, '1550'),
	(2866, 'SH01COL01', '32', '9500', '', '0', '0', '0', '0', '0', NULL, '150'),
	(2867, '12-005C3', '33', '21400', 'M', '0', '0', '0', '0', '0', NULL, '2450'),
	(2868, '12-007C2', '33', '21400', 'M', '0', '0', '0', '0', '0', NULL, '2300'),
	(2869, 'SH3051C1-2', '33', '11800', 'U', '0', '0', '0', '0', '0', NULL, '2100'),
	(2870, 'NX2-C4', '33', '9500', '', '0', '0', '0', '0', '0', NULL, '300'),
	(2871, '12-002C3', '34', '11900', 'N', '0', '0', '0', '0', '0', NULL, '1300'),
	(2872, 'IV3COL02', '34', '9500', 'M', '0', '0', '0', '0', '0', NULL, '150'),
	(2873, 'IV3COL03', '35', '9500', 'M', '0', '0', '0', '0', '0', NULL, '200'),
	(2874, 'SH3046C1-2', '36', '11800', 'U', '0', '0', '0', '0', '0', NULL, '2000'),
	(2875, 'SH15VE', '36', '15500', 'M', '0', '0', '0', '0', '0', NULL, '1550'),
	(2876, '12-005C2', '37', '21400', 'M', '0', '0', '0', '0', '0', NULL, '2450'),
	(2877, 'SUM-GENESIS', '37', '14900', '', '0', '0', '0', '0', '0', NULL, '2000'),
	(2878, 'SH03C13', '37', '9500', '', '0', '0', '0', '0', '0', NULL, '250'),
	(2879, 'SH01C2', '37', '9500', '', '0', '0', '0', '0', '0', NULL, '220'),
	(2880, 'SH34VE', '38', '18500', 'M', '0', '0', '0', '0', '0', NULL, '3500'),
	(2881, 'SH5307C1E', '39', '15500', 'U', '0', '0', '0', '0', '0', NULL, '2200'),
	(2882, 'SH-CLAUDIA', '39', '9500', '', '0', '0', '0', '0', '0', NULL, '0'),
	(2883, 'SUM-SIGNO', '40', '7500', '', '0', '0', '0', '0', '0', NULL, '100'),
	(2884, 'SUM-LUXURE', '40', '7500', '', '0', '0', '0', '0', '0', NULL, '1000'),
	(2885, '12-001C3', '41', '11900', 'N', '0', '0', '0', '0', '0', NULL, '1500'),
	(2886, '12-003C2', '41', '11900', 'N', '0', '0', '0', '0', '0', NULL, '1200'),
	(2887, '12-002C1', '42', '11900', 'N', '0', '0', '0', '0', '0', NULL, '1300'),
	(2888, 'OPTIC100', '44', '10900', '', '0', '0', '0', '0', '0', NULL, '100'),
	(2889, 'M100C04', '44', '9500', 'N', '0', '0', '0', '0', '0', NULL, '1700'),
	(2890, '12-003C1', '45', '11900', 'N', '0', '0', '0', '0', '0', NULL, '1200'),
	(2891, 'ANGIUS-METAL', '46', '7500', '', '0', '0', '0', '0', '0', NULL, '600'),
	(2892, '12-002C2', '47', '11900', 'N', '0', '0', '0', '0', '0', NULL, '1300'),
	(2893, 'NX06C3', '50', '9500', '', '0', '0', '0', '0', '0', NULL, '195'),
	(2894, '12-003C3', '51', '11900', 'N', '0', '0', '0', '0', '0', NULL, '1200'),
	(2895, 'M100C11', '51', '9500', 'N', '0', '0', '0', '0', '0', NULL, '1700'),
	(2896, 'SUM-MAXSMITH', '58', '12900', '', '0', '0', '0', '0', '0', NULL, '800'),
	(2897, 'SH03C12', '58', '9500', '', '0', '0', '0', '0', '0', NULL, '300'),
	(2898, 'SHSP9005C3', '61', '11800', 'U', '0', '0', '0', '0', '0', NULL, '2200'),
	(2899, 'SUM-DERAPAGE', '62', '12900', 'H', '0', '0', '0', '0', '0', NULL, '100'),
	(2900, 'SH-DELFI', '63', '9500', '', '0', '0', '0', '0', '0', NULL, '0'),
	(2901, 'SUM-CLAUDIOLOPEZ', '72', '14900', '', '0', '0', '0', '0', '0', NULL, '800'),
	(2902, 'SH3051C1', '73', '15500', 'U', '0', '0', '0', '0', '0', NULL, '2200'),
	(2903, 'SUM-LAU58016', '82', '12900', '', '0', '0', '0', '0', '0', NULL, '800'),
	(2904, 'NX1COL3', '93', '9500', '', '0', '0', '0', '0', '0', NULL, '200'),
	(2905, 'ECO-METAL', '135', '9500', '', '0', '0', '0', '0', '0', NULL, '0'),
	(2906, 'PAMI', '599', '2500', '', '0', '0', '0', '0', '0', NULL, '80');

-- Volcando estructura para tabla optdelsol_28.proveedor
CREATE TABLE IF NOT EXISTS `proveedor` (
  `idproveedor` int NOT NULL AUTO_INCREMENT,
  `cuit` varchar(45) CHARACTER SET utf8mb4 COLLATE utf8mb4_0900_ai_ci DEFAULT NULL,
  `nombre` varchar(250) CHARACTER SET utf8mb4 COLLATE utf8mb4_0900_ai_ci DEFAULT NULL,
  PRIMARY KEY (`idproveedor`) USING BTREE,
  UNIQUE KEY `uq_cuit` (`cuit`)
) ENGINE=InnoDB AUTO_INCREMENT=38 DEFAULT CHARSET=utf8mb4 COLLATE=utf8mb4_0900_ai_ci;

-- Volcando datos para la tabla optdelsol_28.proveedor: ~5 rows (aproximadamente)
DELETE FROM `proveedor`;
INSERT INTO `proveedor` (`idproveedor`, `cuit`, `nombre`) VALUES
	(33, '33-71007669-9', 'NIVEL UNO'),
	(34, '33-69154492-9', 'LUXOTTICA'),
	(35, '30-71390270-1', 'GEN5 OPTICS'),
	(36, '30-70858213-8', 'OPTITECH SRL'),
	(37, '20-23273898-8', 'LA ROSA');

-- Volcando estructura para tabla optdelsol_28.session
CREATE TABLE IF NOT EXISTS `session` (
  `idsession` int NOT NULL AUTO_INCREMENT,
  `token` varchar(250) NOT NULL DEFAULT '0',
  `fkaccount` int NOT NULL DEFAULT '0',
  `active` int DEFAULT '0',
  PRIMARY KEY (`idsession`)
) ENGINE=InnoDB DEFAULT CHARSET=utf8mb4 COLLATE=utf8mb4_0900_ai_ci;

-- Volcando datos para la tabla optdelsol_28.session: ~0 rows (aproximadamente)
DELETE FROM `session`;

-- Volcando estructura para tabla optdelsol_28.stock
CREATE TABLE IF NOT EXISTS `stock` (
  `sucursal_idsucursal` int NOT NULL,
  `codigo_idcodigo` int NOT NULL,
  `cantidad` int DEFAULT '0',
  PRIMARY KEY (`sucursal_idsucursal`,`codigo_idcodigo`),
  KEY `fk_sucursal_has_codigo_codigo1_idx` (`codigo_idcodigo`),
  KEY `fk_sucursal_has_codigo_sucursal1_idx` (`sucursal_idsucursal`),
  CONSTRAINT `fk_sucursal_has_codigo_codigo1` FOREIGN KEY (`codigo_idcodigo`) REFERENCES `codigo` (`idcodigo`),
  CONSTRAINT `fk_sucursal_has_codigo_sucursal1` FOREIGN KEY (`sucursal_idsucursal`) REFERENCES `sucursal` (`idsucursal`)
) ENGINE=InnoDB DEFAULT CHARSET=utf8mb4 COLLATE=utf8mb4_0900_ai_ci;

-- Volcando datos para la tabla optdelsol_28.stock: ~1,772 rows (aproximadamente)
DELETE FROM `stock`;
INSERT INTO `stock` (`sucursal_idsucursal`, `codigo_idcodigo`, `cantidad`) VALUES
	(13, 130, 93),
	(13, 131, 3),
	(13, 132, 4),
	(13, 133, 10),
	(13, 134, 2),
	(13, 135, 5),
	(13, 136, 1),
	(13, 137, 32),
	(13, 138, 19),
	(13, 139, 34),
	(13, 140, 33),
	(13, 141, 29),
	(13, 142, 3),
	(13, 143, 1),
	(13, 144, 37),
	(13, 145, 18),
	(13, 146, 16),
	(13, 147, 7),
	(13, 148, 13),
	(13, 149, 15),
	(13, 150, 58),
	(13, 151, 1),
	(13, 152, 3),
	(13, 153, 2),
	(13, 154, 35),
	(13, 155, 1),
	(13, 156, 1),
	(13, 157, 1),
	(13, 158, 0),
	(13, 159, 3),
	(13, 160, 6),
	(13, 161, 0),
	(13, 162, 0),
	(13, 163, 11),
	(13, 164, 63),
	(13, 165, 39),
	(13, 166, 2),
	(13, 167, 1),
	(13, 168, 1),
	(13, 169, 1),
	(13, 170, 14),
	(13, 171, 26),
	(13, 172, 1),
	(13, 173, 50),
	(13, 174, 3),
	(13, 175, 3),
	(13, 176, 1),
	(13, 177, 2),
	(13, 178, 10),
	(13, 179, 18),
	(13, 180, 33),
	(13, 181, 1),
	(13, 182, 0),
	(13, 183, 20),
	(13, 184, 17),
	(13, 185, 8),
	(13, 186, 9),
	(13, 187, 11),
	(13, 188, 1),
	(13, 189, 1),
	(13, 190, 1),
	(13, 191, 4),
	(13, 192, 3),
	(13, 193, 1),
	(13, 194, 5),
	(13, 195, 1),
	(13, 196, 5),
	(13, 197, 2),
	(13, 198, 5),
	(13, 199, 5),
	(13, 200, 1),
	(13, 201, 1),
	(13, 202, 4),
	(13, 203, 8),
	(13, 204, 4),
	(13, 205, 3),
	(13, 206, 3),
	(13, 207, 4),
	(13, 208, 5),
	(13, 209, 1),
	(13, 210, 1),
	(13, 211, 2),
	(13, 212, 6),
	(13, 213, 4),
	(13, 214, 1),
	(13, 215, 1),
	(13, 216, 12),
	(13, 217, 2),
	(13, 218, 5),
	(13, 219, 2),
	(13, 220, 2),
	(13, 221, 2),
	(13, 222, 4),
	(13, 223, 4),
	(13, 224, 3),
	(13, 225, 6),
	(13, 226, 1),
	(13, 227, 4),
	(13, 228, 1),
	(13, 229, 5),
	(13, 230, 2),
	(13, 231, 15),
	(13, 232, 1),
	(13, 233, 3),
	(13, 234, 37),
	(13, 235, 1),
	(13, 236, 0),
	(13, 237, 1),
	(13, 238, 0),
	(13, 239, 0),
	(13, 240, 1),
	(13, 241, 0),
	(13, 242, 1),
	(13, 243, 11),
	(13, 244, 2),
	(13, 245, 4),
	(13, 246, 5),
	(13, 247, 1),
	(13, 248, 125),
	(13, 249, 4),
	(13, 250, 2),
	(13, 251, 1),
	(13, 252, 2),
	(13, 253, 3),
	(13, 254, 5),
	(13, 255, 2),
	(13, 256, 2),
	(13, 257, 3),
	(13, 258, 2),
	(13, 259, 1),
	(13, 260, 1),
	(13, 261, 2),
	(13, 262, 1),
	(13, 263, 1),
	(13, 264, 1),
	(13, 265, 1),
	(13, 266, 2),
	(13, 267, 3),
	(13, 268, 3),
	(13, 269, 2),
	(13, 270, 1),
	(13, 271, 2),
	(13, 272, 2),
	(13, 273, 1),
	(13, 274, 2),
	(13, 275, 1),
	(13, 276, 3),
	(13, 277, 18),
	(13, 278, 1),
	(13, 279, 2),
	(13, 280, 6),
	(13, 281, 3),
	(13, 282, 3),
	(13, 283, 1),
	(13, 284, 3),
	(13, 285, 2),
	(13, 286, 4),
	(13, 287, 1),
	(13, 288, 6),
	(13, 289, 1),
	(13, 290, 3),
	(13, 291, 0),
	(13, 292, 0),
	(13, 293, 0),
	(13, 294, 1),
	(13, 295, 0),
	(13, 296, 2),
	(13, 297, 1),
	(13, 298, 7),
	(13, 299, 3),
	(13, 300, 13),
	(13, 301, 0),
	(13, 302, 10),
	(13, 303, 4659),
	(13, 304, 10),
	(13, 305, 8),
	(13, 306, 7),
	(13, 307, 3),
	(13, 308, 7),
	(13, 309, 0),
	(13, 310, 3),
	(13, 311, 5),
	(13, 312, 13),
	(13, 313, 24),
	(13, 314, 13),
	(13, 315, 20),
	(13, 316, 4),
	(13, 317, 2),
	(13, 318, 0),
	(13, 319, 14),
	(13, 320, 6),
	(13, 321, 8),
	(13, 322, 8),
	(13, 323, 3),
	(13, 324, 5),
	(13, 325, 9),
	(13, 326, 5),
	(13, 327, 4),
	(13, 328, 4),
	(13, 329, 5),
	(13, 330, 4),
	(13, 331, 3),
	(13, 332, 1),
	(13, 333, 3),
	(13, 334, 2),
	(13, 335, 5),
	(13, 336, 4),
	(13, 337, 4),
	(13, 338, 0),
	(13, 339, 0),
	(13, 340, 0),
	(13, 341, 17),
	(13, 342, 43),
	(13, 343, 6),
	(13, 344, 72),
	(13, 345, 21),
	(13, 346, 21),
	(13, 347, 8),
	(13, 348, 55),
	(13, 349, 64),
	(13, 350, 20),
	(13, 351, 0),
	(13, 352, 8),
	(13, 353, 7),
	(13, 354, 13),
	(13, 355, 5),
	(13, 356, 1),
	(13, 357, 3),
	(13, 358, 11),
	(13, 359, 0),
	(13, 360, 4),
	(13, 361, 2),
	(13, 362, 5),
	(13, 363, 1),
	(13, 364, 13),
	(13, 365, 7),
	(13, 366, 0),
	(13, 367, 5),
	(13, 368, 5),
	(13, 369, 0),
	(13, 370, 0),
	(13, 371, 17),
	(13, 372, 1),
	(13, 373, 0),
	(13, 374, 1),
	(13, 375, 3),
	(13, 376, 0),
	(13, 377, 0),
	(13, 378, 0),
	(13, 379, 0),
	(13, 380, 0),
	(13, 381, 0),
	(13, 382, 10),
	(13, 383, 19),
	(13, 384, 21),
	(13, 385, 9),
	(13, 386, 0),
	(13, 387, 0),
	(13, 388, 0),
	(13, 389, 6),
	(13, 390, 4),
	(13, 391, 5),
	(13, 392, 7),
	(13, 393, 6),
	(13, 394, 11),
	(13, 395, 0),
	(13, 396, 3),
	(13, 397, 7),
	(13, 398, 2),
	(13, 399, 8),
	(13, 400, 8),
	(13, 401, 12),
	(13, 402, 16),
	(13, 403, 9),
	(13, 404, 12),
	(13, 405, 6),
	(13, 406, 9),
	(13, 407, 9),
	(13, 408, 6),
	(13, 409, 14),
	(13, 410, 15),
	(13, 411, 8),
	(13, 412, 0),
	(13, 413, 0),
	(13, 414, 0),
	(13, 415, 1),
	(13, 416, 0),
	(13, 417, 1),
	(13, 418, 0),
	(13, 419, 0),
	(13, 420, 4),
	(13, 421, 3),
	(13, 422, 4),
	(13, 423, 1),
	(13, 424, 5),
	(13, 425, 3),
	(13, 426, 3),
	(13, 427, 1),
	(13, 428, 1),
	(13, 429, 11),
	(13, 430, 4),
	(13, 431, 8),
	(13, 432, 3),
	(13, 433, 2),
	(13, 434, 4),
	(13, 435, 10),
	(13, 436, 15),
	(13, 437, 17),
	(13, 438, 13),
	(13, 439, 7),
	(13, 440, 9),
	(13, 441, 4),
	(13, 442, 10),
	(13, 443, 11),
	(13, 444, 10),
	(13, 445, 7),
	(13, 446, 11),
	(13, 447, 6),
	(13, 448, 8),
	(13, 449, 3),
	(13, 450, 2),
	(13, 451, 7),
	(13, 452, 5),
	(13, 453, 8),
	(13, 454, 5),
	(13, 455, 4),
	(13, 456, 6),
	(13, 457, 2),
	(13, 458, 4),
	(13, 459, 5),
	(13, 460, 5),
	(13, 461, 11),
	(13, 462, 3),
	(13, 463, 12),
	(13, 464, 5),
	(13, 465, 6),
	(13, 466, 10),
	(13, 467, 8),
	(13, 468, 7),
	(13, 469, 3),
	(13, 470, 1),
	(13, 471, 10),
	(13, 472, 1),
	(13, 473, 3),
	(13, 474, 7),
	(13, 475, 6),
	(13, 476, 8),
	(13, 477, 2),
	(13, 478, 2),
	(13, 479, 7),
	(13, 480, 9),
	(13, 481, 7),
	(13, 482, 12),
	(13, 483, 10),
	(13, 484, 15),
	(13, 485, 4),
	(13, 486, 6),
	(13, 487, 29),
	(13, 488, 4),
	(13, 489, 1),
	(13, 490, 6),
	(13, 491, 21),
	(13, 492, 26),
	(13, 493, 41),
	(13, 494, 42),
	(13, 495, 46),
	(13, 496, 33),
	(13, 497, 45),
	(13, 498, 40),
	(13, 499, 51),
	(13, 500, 16),
	(13, 501, 21),
	(13, 502, 20),
	(13, 503, 29),
	(13, 504, 36),
	(13, 505, 33),
	(13, 506, 5),
	(13, 507, 16),
	(13, 508, 17),
	(13, 509, 14),
	(13, 510, 27),
	(13, 511, 23),
	(13, 512, 17),
	(13, 513, 17),
	(13, 514, 29),
	(13, 515, 29),
	(13, 516, 0),
	(13, 517, 0),
	(13, 518, 0),
	(13, 519, 4),
	(13, 520, 13),
	(13, 521, 28),
	(13, 522, 25),
	(13, 523, 5),
	(13, 524, 28),
	(13, 525, 37),
	(13, 526, 22),
	(13, 527, 57),
	(13, 528, 17),
	(13, 529, 22),
	(13, 530, 10),
	(13, 531, 15),
	(13, 532, 12),
	(13, 533, 6),
	(13, 534, 1),
	(13, 535, 1),
	(13, 536, 0),
	(13, 537, 0),
	(13, 538, 1),
	(13, 539, 1),
	(13, 540, 0),
	(13, 541, 1),
	(13, 542, 0),
	(13, 543, 1),
	(13, 544, 0),
	(13, 545, 1),
	(13, 546, 0),
	(13, 547, 0),
	(13, 548, 1),
	(13, 549, 3),
	(13, 550, 1),
	(13, 551, 3),
	(13, 552, 0),
	(13, 553, 3),
	(13, 554, 3),
	(13, 555, 1),
	(13, 556, 2),
	(13, 557, 2),
	(13, 558, 0),
	(13, 559, 1),
	(13, 560, 2),
	(13, 561, 3),
	(13, 562, 2),
	(13, 563, 3),
	(13, 564, 2),
	(13, 565, 1),
	(13, 566, 1),
	(13, 567, 3),
	(13, 568, 1),
	(13, 569, 3),
	(13, 570, 3),
	(13, 571, 0),
	(13, 572, 1),
	(13, 573, 1),
	(13, 574, 1),
	(13, 575, 1),
	(13, 576, 1),
	(13, 577, 1),
	(13, 578, 2),
	(13, 579, 2),
	(13, 580, 1),
	(13, 581, 1),
	(13, 582, 1),
	(13, 583, 1),
	(13, 584, 2),
	(13, 585, 1),
	(13, 586, 2),
	(13, 587, 2),
	(13, 588, 1),
	(13, 589, 3),
	(13, 590, 0),
	(13, 591, 0),
	(13, 592, 0),
	(13, 593, 2),
	(13, 594, 2),
	(13, 595, 1),
	(13, 596, 1),
	(13, 597, 2),
	(13, 598, 1),
	(13, 599, 1),
	(13, 600, 0),
	(13, 601, 7),
	(13, 602, 8),
	(13, 603, 0),
	(13, 604, 11),
	(13, 605, 0),
	(13, 606, 9),
	(13, 607, 0),
	(13, 608, 8),
	(13, 609, 0),
	(13, 610, 6),
	(13, 611, 7),
	(13, 612, 7),
	(13, 613, 4),
	(13, 614, 0),
	(13, 615, 6),
	(13, 616, 4),
	(13, 617, 6),
	(13, 618, 8),
	(13, 619, 9),
	(13, 620, 12),
	(13, 621, 0),
	(13, 622, 9),
	(13, 623, 7),
	(13, 624, 0),
	(13, 625, 11),
	(13, 626, 0),
	(13, 627, 8),
	(13, 628, 9),
	(13, 629, 7),
	(13, 630, 12),
	(13, 631, 10),
	(13, 632, 9),
	(13, 633, 7),
	(13, 634, 8),
	(13, 635, 5),
	(13, 636, 10),
	(13, 637, 12),
	(13, 638, 6),
	(13, 639, 7),
	(13, 640, 13),
	(13, 641, 10),
	(13, 642, 5),
	(13, 643, 14),
	(13, 644, 6),
	(13, 645, 12),
	(13, 646, 13),
	(13, 647, 0),
	(13, 648, 11),
	(13, 649, 14),
	(13, 650, 8),
	(13, 651, 7),
	(13, 652, 8),
	(13, 653, 10),
	(13, 654, 14),
	(13, 655, 13),
	(13, 656, 11),
	(13, 657, 10),
	(13, 658, 16),
	(13, 659, 14),
	(13, 660, 12),
	(13, 661, 16),
	(13, 662, 13),
	(13, 663, 12),
	(13, 664, 12),
	(13, 665, 6),
	(13, 666, 0),
	(13, 667, 9),
	(13, 668, 11),
	(13, 669, 25),
	(13, 670, 17),
	(13, 671, 16),
	(13, 672, 19),
	(13, 673, 14),
	(13, 674, 9),
	(13, 675, 14),
	(13, 676, 11),
	(13, 677, 6),
	(13, 678, 14),
	(13, 679, 6),
	(13, 680, 12),
	(13, 681, 14),
	(13, 682, 12),
	(13, 683, 15),
	(13, 684, 14),
	(13, 685, 6),
	(13, 686, 10),
	(13, 687, 8),
	(13, 688, 6),
	(13, 689, 5),
	(13, 690, 6),
	(13, 691, 8),
	(13, 692, 5),
	(13, 693, 13),
	(13, 694, 18),
	(13, 695, 5),
	(13, 696, 12),
	(13, 697, 0),
	(13, 698, 10),
	(13, 699, 12),
	(13, 700, 15),
	(13, 701, 11),
	(13, 702, 12),
	(13, 703, 8),
	(13, 704, 10),
	(13, 705, 3),
	(13, 706, 1),
	(13, 707, 1),
	(13, 708, 2),
	(13, 709, 1),
	(13, 710, 1),
	(13, 711, 9),
	(13, 712, 40),
	(13, 713, 1),
	(13, 714, 1),
	(13, 715, 8),
	(13, 716, 10),
	(13, 717, 13),
	(13, 718, 27),
	(13, 719, 24),
	(13, 720, 6),
	(13, 721, 4),
	(13, 722, 26),
	(13, 723, 24),
	(13, 724, 36),
	(13, 725, 29),
	(13, 726, 31),
	(13, 727, 17),
	(13, 728, 72),
	(13, 729, 33),
	(13, 730, 32),
	(13, 731, 30),
	(13, 732, 39),
	(13, 733, 30),
	(13, 734, 25),
	(13, 735, 28),
	(13, 736, 4),
	(13, 737, 15),
	(13, 738, 5),
	(13, 739, 28),
	(13, 740, 31),
	(13, 741, 1),
	(13, 742, 6),
	(13, 743, 14),
	(13, 744, 61),
	(13, 745, 26),
	(13, 746, 0),
	(13, 747, 0),
	(13, 748, 0),
	(13, 749, 10),
	(13, 750, 1),
	(13, 751, 1),
	(13, 752, 1),
	(13, 753, 0),
	(13, 754, 1),
	(13, 755, 2),
	(13, 756, 0),
	(13, 757, 0),
	(13, 758, 1),
	(13, 759, 1),
	(13, 760, 2),
	(13, 761, 1),
	(13, 762, 1),
	(13, 763, 1),
	(13, 764, 1),
	(13, 765, 1),
	(13, 766, 1),
	(13, 767, 1),
	(13, 768, 6),
	(13, 769, 0),
	(13, 770, 1),
	(13, 771, 0),
	(13, 772, 2),
	(13, 773, 2),
	(13, 774, 2),
	(13, 775, 1),
	(13, 776, 1),
	(13, 777, 1),
	(13, 778, 3),
	(13, 779, 2),
	(13, 780, 2),
	(13, 781, 3),
	(13, 782, 2),
	(13, 783, 2),
	(13, 784, 1),
	(13, 785, 0),
	(13, 786, 2),
	(13, 787, 0),
	(13, 788, 0),
	(13, 789, 2),
	(13, 790, 4),
	(13, 791, 3),
	(13, 792, 2),
	(13, 793, 4),
	(13, 794, 0),
	(13, 795, 0),
	(13, 796, 11),
	(13, 797, 10),
	(13, 798, 0),
	(13, 799, 7),
	(13, 800, 9),
	(13, 801, 20),
	(13, 802, 22),
	(13, 803, 24),
	(13, 804, 29),
	(13, 805, 25),
	(13, 806, 23),
	(13, 807, 22),
	(13, 808, 27),
	(13, 809, 0),
	(13, 810, 1),
	(13, 811, 1),
	(13, 812, 2),
	(13, 813, 2),
	(13, 814, 1),
	(13, 815, 2),
	(13, 816, 1),
	(13, 817, 2),
	(13, 818, 1),
	(13, 819, 1),
	(13, 820, 1),
	(13, 821, 3),
	(13, 822, 2),
	(13, 823, 2),
	(13, 824, 3),
	(13, 825, 0),
	(13, 826, 3),
	(13, 827, 1),
	(13, 828, 2),
	(13, 829, 1),
	(13, 830, 1),
	(13, 831, 2),
	(13, 832, 2),
	(13, 833, 2),
	(13, 834, 2),
	(13, 835, 1),
	(13, 836, 2),
	(13, 837, 3),
	(13, 838, 3),
	(13, 839, 2),
	(13, 840, 1),
	(13, 841, 1),
	(13, 842, 3),
	(13, 843, 3),
	(13, 844, 3),
	(13, 845, 4),
	(13, 846, 0),
	(13, 847, 2),
	(13, 848, 0),
	(13, 849, 1),
	(13, 850, 1),
	(13, 851, 1),
	(13, 852, 1),
	(13, 853, 1),
	(13, 854, 1),
	(13, 855, 0),
	(13, 856, 1),
	(13, 857, 1),
	(13, 858, 0),
	(13, 859, 14),
	(13, 860, 22),
	(13, 861, 21),
	(13, 862, 20),
	(13, 863, 32),
	(13, 864, 0),
	(13, 865, 0),
	(13, 866, 1),
	(13, 867, 0),
	(13, 868, 15),
	(13, 869, 12),
	(13, 870, 4),
	(13, 871, 0),
	(13, 872, 1),
	(13, 873, 0),
	(13, 874, 16),
	(13, 875, 20),
	(13, 876, 39),
	(13, 877, 0),
	(13, 878, 46),
	(13, 879, 0),
	(13, 880, 0),
	(13, 881, 1),
	(13, 882, 1),
	(13, 883, 0),
	(13, 884, 0),
	(13, 885, 2),
	(13, 886, 2),
	(13, 887, 0),
	(13, 888, 0),
	(13, 889, 1),
	(13, 890, 2),
	(13, 891, 2),
	(13, 892, 1),
	(13, 893, 1),
	(13, 894, 1),
	(13, 895, 9),
	(13, 896, 6),
	(13, 897, 4),
	(13, 898, 3),
	(13, 899, 2),
	(13, 900, 5),
	(13, 901, 5),
	(13, 902, 6),
	(13, 903, 0),
	(13, 904, 0),
	(13, 905, 0),
	(13, 906, 0),
	(13, 907, 0),
	(13, 908, 1),
	(13, 909, 4),
	(13, 910, 5),
	(13, 911, 0),
	(13, 912, 4),
	(13, 913, 18),
	(13, 914, 20),
	(13, 915, 20),
	(13, 916, 18),
	(13, 917, 20),
	(13, 918, 18),
	(13, 919, 18),
	(13, 920, 18),
	(13, 921, 13),
	(13, 922, 18),
	(13, 923, 3),
	(13, 924, 8),
	(13, 925, 17),
	(13, 926, 11),
	(13, 927, 14),
	(13, 928, 15),
	(13, 929, 18),
	(13, 930, 14),
	(13, 931, 7),
	(13, 932, 15),
	(13, 933, 15),
	(13, 934, 18),
	(13, 935, 15),
	(13, 936, 11),
	(13, 937, 16),
	(13, 938, 12),
	(13, 939, 14),
	(13, 940, 17),
	(13, 941, 16),
	(13, 942, 15),
	(13, 943, 12),
	(13, 944, 16),
	(13, 945, 17),
	(13, 946, 17),
	(13, 947, 17),
	(13, 948, 17),
	(13, 949, 17),
	(13, 950, 19),
	(13, 951, 17),
	(13, 952, 18),
	(13, 953, 15),
	(13, 954, 18),
	(13, 955, 18),
	(13, 956, 17),
	(13, 957, 19),
	(13, 958, 15),
	(13, 959, 15),
	(13, 960, 17),
	(13, 961, 14),
	(13, 962, 12),
	(13, 963, 15),
	(13, 964, 3),
	(13, 965, 0),
	(13, 966, 7),
	(13, 967, 7),
	(13, 968, 4),
	(13, 969, 9),
	(13, 970, 18),
	(13, 971, 17),
	(13, 972, 14),
	(13, 973, 14),
	(13, 974, 3),
	(13, 975, 5),
	(13, 976, 6),
	(13, 977, 5),
	(13, 978, 3),
	(13, 979, 6),
	(13, 980, 6),
	(13, 981, 13),
	(13, 982, 16),
	(13, 983, 16),
	(13, 984, 15),
	(13, 985, 14),
	(13, 986, 15),
	(13, 987, 15),
	(13, 988, 5),
	(13, 989, 6),
	(13, 990, 5),
	(13, 991, 7),
	(13, 992, 5),
	(13, 993, 18),
	(13, 994, 16),
	(13, 995, 18),
	(13, 996, 17),
	(13, 997, 16),
	(13, 998, 15),
	(13, 999, 16),
	(13, 1000, 11),
	(13, 1001, 18),
	(13, 1002, 17),
	(13, 1003, 17),
	(13, 1004, 5),
	(13, 1005, 0),
	(13, 1006, 0),
	(13, 1007, 0),
	(13, 1008, 0),
	(13, 1009, 0),
	(13, 1010, 0),
	(13, 1011, 0),
	(13, 1012, 0),
	(13, 1013, 0),
	(13, 1014, 7),
	(13, 1015, 5),
	(13, 1016, 10),
	(13, 1017, 8),
	(13, 1018, 8),
	(13, 1019, 7),
	(13, 1020, 6),
	(13, 1021, 8),
	(13, 1022, 4),
	(13, 1023, 8),
	(13, 1024, 5),
	(13, 1025, 5),
	(13, 1026, 8),
	(13, 1027, 6),
	(13, 1028, 9),
	(13, 1029, 10),
	(13, 1030, 9),
	(13, 1031, 10),
	(13, 1032, 8),
	(13, 1033, 8),
	(13, 1034, 5),
	(13, 1035, 4),
	(13, 1036, 6),
	(13, 1037, 7),
	(13, 1038, 9),
	(13, 1039, 8),
	(13, 1040, 7),
	(13, 1041, 8),
	(13, 1042, 8),
	(13, 1043, 10),
	(13, 1044, 10),
	(13, 1045, 9),
	(13, 1046, 2),
	(13, 1047, 5),
	(13, 1048, 4),
	(13, 1049, 8),
	(13, 1050, 3),
	(13, 1051, 0),
	(13, 1052, 0),
	(13, 1053, 2),
	(13, 1054, 0),
	(13, 1055, 0),
	(13, 1056, 0),
	(13, 1057, 0),
	(13, 1058, 0),
	(13, 1059, 0),
	(13, 1060, 0),
	(13, 1061, 0),
	(13, 1062, 2),
	(13, 1063, 3),
	(13, 1064, 3),
	(13, 1065, 5),
	(13, 1066, 0),
	(13, 1067, 2),
	(13, 1068, 0),
	(13, 1069, 2),
	(13, 1070, 0),
	(13, 1071, 0),
	(13, 1072, 0),
	(13, 1073, 0),
	(13, 1074, 0),
	(13, 1075, 0),
	(13, 1076, 1),
	(13, 1077, 1),
	(13, 1078, 0),
	(13, 1079, 0),
	(13, 1080, 0),
	(13, 1081, 3),
	(13, 1082, 1),
	(13, 1083, 1),
	(13, 1084, 0),
	(13, 1085, 0),
	(13, 1086, 1),
	(13, 1087, 2),
	(13, 1088, 0),
	(13, 1089, 0),
	(13, 1090, 0),
	(13, 1091, 0),
	(13, 1092, 2),
	(13, 1093, 1),
	(13, 1094, 1),
	(13, 1095, 8),
	(13, 1096, 6),
	(13, 1097, 7),
	(13, 1098, 7),
	(13, 1099, 8),
	(13, 1100, 9),
	(13, 1101, 7),
	(13, 1102, 7),
	(13, 1103, 6),
	(13, 1104, 7),
	(13, 1105, 9),
	(13, 1106, 6),
	(13, 1107, 8),
	(13, 1108, 0),
	(13, 1109, 0),
	(13, 1110, 0),
	(13, 1111, 0),
	(13, 1112, 0),
	(13, 1113, 1),
	(13, 1114, 1),
	(13, 1115, 0),
	(13, 1116, 0),
	(13, 1117, 6),
	(13, 1118, 5),
	(13, 1119, 8),
	(13, 1120, 7),
	(13, 1121, 8),
	(13, 1122, 4),
	(13, 1123, 6),
	(13, 1124, 6),
	(13, 1125, 6),
	(13, 1126, 9),
	(13, 1127, 6),
	(13, 1128, 6),
	(13, 1129, 5),
	(13, 1130, 8),
	(13, 1131, 8),
	(13, 1132, 9),
	(13, 1133, 7),
	(13, 1134, 6),
	(13, 1135, 1),
	(13, 1136, 2),
	(13, 1137, 0),
	(13, 1138, 2),
	(13, 1139, 0),
	(13, 1140, 2),
	(13, 1141, 1),
	(13, 1142, 2),
	(13, 1143, 2),
	(13, 1144, 2),
	(13, 1145, 1),
	(13, 1146, 0),
	(13, 1147, 0),
	(13, 1148, 0),
	(13, 1149, 0),
	(13, 1150, 0),
	(13, 1151, 4),
	(13, 1152, 5),
	(13, 1153, 2),
	(13, 1154, 4),
	(13, 1155, 1),
	(13, 1156, 1),
	(13, 1157, 4),
	(13, 1158, 5),
	(13, 1159, 3),
	(13, 1160, 5),
	(13, 1161, 2),
	(13, 1162, 2),
	(13, 1163, 3),
	(13, 1164, 4),
	(13, 1165, 2),
	(13, 1166, 5),
	(13, 1167, 3),
	(13, 1168, 7),
	(13, 1169, 3),
	(13, 1170, 8),
	(13, 1171, 7),
	(13, 1172, 3),
	(13, 1173, 7),
	(13, 1174, 4),
	(13, 1175, 9),
	(13, 1176, 6),
	(13, 1177, 6),
	(13, 1178, 6),
	(13, 1179, 6),
	(13, 1180, 8),
	(13, 1181, 7),
	(13, 1182, 6),
	(13, 1183, 8),
	(13, 1184, 6),
	(13, 1185, 6),
	(13, 1186, 5),
	(13, 1187, 8),
	(13, 1188, 8),
	(13, 1189, 8),
	(13, 1190, 4),
	(13, 1191, 7),
	(13, 1192, 2),
	(13, 1193, 3),
	(13, 1194, 4),
	(13, 1195, 5),
	(13, 1196, 9),
	(13, 1197, 4),
	(13, 1198, 4),
	(13, 1199, 8),
	(13, 1200, 5),
	(13, 1201, 0),
	(13, 1202, 0),
	(13, 1203, 0),
	(13, 1204, 0),
	(13, 1205, 9),
	(13, 1206, 7),
	(13, 1207, 7),
	(13, 1208, 7),
	(13, 1209, 8),
	(13, 1210, 5),
	(13, 1211, 6),
	(13, 1212, 5),
	(13, 1213, 7),
	(13, 1214, 5),
	(13, 1215, 8),
	(13, 1216, 9),
	(13, 1217, 7),
	(13, 1218, 7),
	(13, 1219, 7),
	(13, 1220, 5),
	(13, 1221, 6),
	(13, 1222, 7),
	(13, 1223, 6),
	(13, 1224, 8),
	(13, 1225, 6),
	(13, 1226, 8),
	(13, 1227, 6),
	(13, 1228, 5),
	(13, 1229, 7),
	(13, 1230, 9),
	(13, 1231, 5),
	(13, 1232, 0),
	(13, 1233, 0),
	(13, 1234, 0),
	(13, 1235, 0),
	(13, 1236, 2),
	(13, 1237, 2),
	(13, 1238, 4),
	(13, 1239, 0),
	(13, 1240, 6),
	(13, 1241, 2),
	(13, 1242, 4),
	(13, 1243, 4),
	(13, 1244, 0),
	(13, 1245, 0),
	(13, 1246, 0),
	(13, 1247, 0),
	(13, 1248, 0),
	(13, 1249, 0),
	(13, 1250, 0),
	(13, 1251, 0),
	(13, 1252, 0),
	(13, 1253, 0),
	(13, 1254, 0),
	(13, 1255, 0),
	(13, 1256, 7),
	(13, 1257, 5),
	(13, 1258, 8),
	(13, 1259, 10),
	(13, 1260, 8),
	(13, 1261, 6),
	(13, 1262, 7),
	(13, 1263, 8),
	(13, 1264, 6),
	(13, 1265, 4),
	(13, 1266, 5),
	(13, 1267, 6),
	(13, 1268, 10),
	(13, 1269, 0),
	(13, 1270, 1),
	(13, 1271, 1),
	(13, 1272, 1),
	(13, 1273, 3),
	(13, 1274, 0),
	(13, 1275, 0),
	(13, 1276, 0),
	(13, 1277, 2),
	(13, 1278, 2),
	(13, 1279, 1),
	(13, 1280, 1),
	(13, 1281, 1),
	(13, 1282, 1),
	(13, 1283, 0),
	(13, 1284, 0),
	(13, 1285, 8),
	(13, 1286, 9),
	(13, 1287, 0),
	(13, 1288, 0),
	(13, 1289, 0),
	(13, 1290, 0),
	(13, 1291, 0),
	(13, 1292, 0),
	(13, 1293, 0),
	(13, 1294, 6),
	(13, 1295, 0),
	(13, 1296, 0),
	(13, 1297, 7),
	(13, 1298, 0),
	(13, 1299, 5),
	(13, 1300, 0),
	(13, 1301, 0),
	(13, 1302, 2),
	(13, 1303, 2),
	(13, 1304, 1),
	(13, 1305, 1),
	(13, 1306, 0),
	(13, 1307, 2),
	(13, 1308, 2),
	(13, 1309, 2),
	(13, 1310, 1),
	(13, 1311, 0),
	(13, 1312, 0),
	(13, 1313, 1),
	(13, 1314, 0),
	(13, 1315, 1),
	(13, 1316, 2),
	(13, 1317, 1),
	(13, 1318, 1),
	(13, 1319, 1),
	(13, 1320, 1),
	(13, 1321, 3),
	(13, 1322, 2),
	(13, 1323, 2),
	(13, 1324, 1),
	(13, 1325, 2),
	(13, 1326, 2),
	(13, 1327, 1),
	(13, 1328, 1),
	(13, 1329, 1),
	(13, 1330, 1),
	(13, 1331, 1),
	(13, 1332, 1),
	(13, 1333, 1),
	(13, 1334, 1),
	(13, 1335, 1),
	(13, 1336, 1),
	(13, 1337, 0),
	(13, 1338, 0),
	(13, 1339, 1),
	(13, 1340, 1),
	(13, 1341, 2),
	(13, 1342, 1),
	(13, 1343, 2),
	(13, 1344, 2),
	(13, 1345, 1),
	(13, 1346, 2),
	(13, 1347, 2),
	(13, 1348, 2),
	(13, 1349, 1),
	(13, 1350, 0),
	(13, 1351, 1),
	(13, 1352, 1),
	(13, 1353, 1),
	(13, 1354, 2),
	(13, 1355, 2),
	(13, 1356, 1),
	(13, 1357, 1),
	(13, 1358, 3),
	(13, 1359, 1),
	(13, 1360, 2),
	(13, 1361, 1),
	(13, 1362, 2),
	(13, 1363, 1),
	(13, 1364, 0),
	(13, 1365, 1),
	(13, 1366, 1),
	(13, 1367, 1),
	(13, 1368, 0),
	(13, 1369, 0),
	(13, 1370, 0),
	(13, 1371, 2),
	(13, 1372, 6),
	(13, 1373, 6),
	(13, 1374, 0),
	(13, 1375, 1),
	(13, 1376, 2),
	(13, 1377, 1),
	(13, 1378, 13),
	(13, 1379, 13),
	(13, 1380, 10),
	(13, 1381, 4),
	(13, 1382, 2),
	(13, 1383, 15),
	(13, 1384, 13),
	(13, 1385, 4),
	(13, 1386, 13),
	(13, 1387, 13),
	(13, 1388, 14),
	(13, 1389, 9),
	(13, 1390, 10),
	(13, 1391, 12),
	(13, 1392, 13),
	(13, 1393, 16),
	(13, 1394, 5),
	(13, 1395, 13),
	(13, 1396, 9),
	(13, 1397, 17),
	(13, 1398, 15),
	(13, 1399, 3),
	(13, 1400, 6),
	(13, 1401, 3),
	(13, 1402, 5),
	(13, 1403, 0),
	(13, 1404, 4),
	(13, 1405, 6),
	(13, 1406, 7),
	(13, 1407, 7),
	(13, 1408, 5),
	(13, 1409, 11),
	(13, 1410, 8),
	(13, 1411, 0),
	(13, 1412, 1),
	(13, 1413, 1),
	(13, 1414, 0),
	(13, 1415, 0),
	(13, 1416, 0),
	(13, 1417, 0),
	(13, 1418, 1),
	(13, 1419, 0),
	(13, 1420, 0),
	(13, 1421, 0),
	(13, 1422, 1),
	(13, 1423, 0),
	(13, 1424, 0),
	(13, 1425, 0),
	(13, 1426, 0),
	(13, 1427, 0),
	(13, 1428, 1),
	(13, 1429, 0),
	(13, 1430, 0),
	(13, 1431, 1),
	(13, 1432, 1),
	(13, 1433, 0),
	(13, 1434, 0),
	(13, 1435, 0),
	(13, 1436, 0),
	(13, 1437, 18),
	(13, 1438, 13),
	(13, 1439, 15),
	(13, 1440, 5),
	(13, 1441, 7),
	(13, 1442, 4),
	(13, 1443, 9),
	(13, 1444, 8),
	(13, 1445, 0),
	(13, 1446, 5),
	(13, 1447, 5),
	(13, 1448, 5),
	(13, 1449, 0),
	(13, 1450, 3),
	(13, 1451, 7),
	(13, 1452, 4),
	(13, 1453, 3),
	(13, 1454, 2),
	(13, 1455, 2),
	(13, 1456, 0),
	(13, 1457, 0),
	(13, 1458, 0),
	(13, 1459, 0),
	(13, 1460, 0),
	(13, 1461, 0),
	(13, 1462, 2),
	(13, 1463, 2),
	(13, 1464, 1),
	(13, 1465, 1),
	(13, 1466, 0),
	(13, 1467, 2),
	(13, 1468, 2),
	(13, 1469, 3),
	(13, 1470, 1),
	(13, 1471, 2),
	(13, 1472, 2),
	(13, 1473, 2),
	(13, 1474, 6),
	(13, 1475, 3),
	(13, 1476, 2),
	(13, 1477, 5),
	(13, 1478, 3),
	(13, 1479, 2),
	(13, 1480, 4),
	(13, 1481, 4),
	(13, 1482, 3),
	(13, 1483, 5),
	(13, 1484, 5),
	(13, 1485, 2),
	(13, 1486, 4),
	(13, 1487, 3),
	(13, 1488, 3),
	(13, 1489, 3),
	(13, 1490, 4),
	(13, 1491, 3),
	(13, 1492, 11),
	(13, 1493, 9),
	(13, 1494, 9),
	(13, 1495, 8),
	(13, 1496, 12),
	(13, 1497, 10),
	(13, 1498, 10),
	(13, 1499, 9),
	(13, 1500, 11),
	(13, 1501, 11),
	(13, 1502, 11),
	(13, 1503, 10),
	(13, 1504, 12),
	(13, 1505, 10),
	(13, 1506, 11),
	(13, 1507, 11),
	(13, 1508, 11),
	(13, 1509, 11),
	(13, 1510, 11),
	(13, 1511, 12),
	(13, 1512, 11),
	(13, 1513, 10),
	(13, 1514, 8),
	(13, 1515, 11),
	(13, 1516, 11),
	(13, 1517, 11),
	(13, 1518, 10),
	(13, 1519, 6),
	(13, 1520, 2),
	(13, 1521, 2),
	(13, 1522, 2),
	(13, 1523, 11),
	(13, 1524, 13),
	(13, 1525, 10),
	(13, 1526, 9),
	(13, 1527, 6),
	(13, 1528, 8),
	(13, 1529, 5),
	(13, 1530, 8),
	(13, 1531, 13),
	(13, 1532, 9),
	(13, 1533, 10),
	(13, 1534, 7),
	(13, 1535, 11),
	(13, 1536, 9),
	(13, 1537, 10),
	(13, 1538, 2),
	(13, 1539, 0),
	(13, 1540, 2),
	(13, 1541, 2),
	(13, 1542, 1),
	(13, 1543, 0),
	(13, 2177, 0),
	(13, 2178, 0),
	(13, 2179, 0),
	(13, 2180, 0),
	(13, 2181, 1),
	(13, 2182, 1),
	(13, 2183, 1),
	(13, 2184, 1),
	(13, 2185, 0),
	(13, 2186, 0),
	(13, 2187, 0),
	(13, 2188, 0),
	(13, 2189, 0),
	(13, 2190, 0),
	(13, 2191, 1),
	(13, 2192, 0),
	(13, 2193, 1),
	(13, 2194, 0),
	(13, 2195, 0),
	(13, 2196, 1),
	(13, 2197, 0),
	(13, 2198, 0),
	(13, 2199, 0),
	(13, 2200, 0),
	(13, 2201, 0),
	(13, 2202, 1),
	(13, 2203, 0),
	(13, 2204, 0),
	(13, 2205, 1),
	(13, 2206, 0),
	(13, 2207, 1),
	(13, 2208, 0),
	(13, 2209, 1),
	(13, 2210, 1),
	(13, 2211, 0),
	(13, 2212, 2),
	(13, 2213, 1),
	(13, 2214, 1),
	(13, 2215, 4),
	(13, 2216, 4),
	(13, 2217, 3),
	(13, 2218, 1),
	(13, 2219, 0),
	(13, 2220, 2),
	(13, 2221, 1),
	(13, 2222, 2),
	(13, 2223, 1),
	(13, 2224, 3),
	(13, 2225, 3),
	(13, 2226, 0),
	(13, 2227, 0),
	(13, 2228, 1),
	(13, 2229, 1),
	(13, 2230, 2),
	(13, 2231, 1),
	(13, 2232, 2),
	(13, 2233, 1),
	(13, 2234, 1),
	(13, 2235, 1),
	(13, 2236, 0),
	(13, 2237, 0),
	(13, 2238, 0),
	(13, 2239, 1),
	(13, 2240, 0),
	(13, 2241, 0),
	(13, 2242, 0),
	(13, 2243, 0),
	(13, 2244, 0),
	(13, 2245, 0),
	(13, 2246, 0),
	(13, 2247, 0),
	(13, 2248, 0),
	(13, 2249, 0),
	(13, 2250, 0),
	(13, 2251, 0),
	(13, 2252, 1),
	(13, 2253, 0),
	(13, 2254, 0),
	(13, 2255, 0),
	(13, 2256, 0),
	(13, 2257, 0),
	(13, 2258, 0),
	(13, 2259, 0),
	(13, 2260, 0),
	(13, 2261, 0),
	(13, 2262, 0),
	(13, 2263, 0),
	(13, 2264, 0),
	(13, 2265, 2),
	(13, 2266, 0),
	(13, 2267, 1),
	(13, 2268, 0),
	(13, 2269, 0),
	(13, 2270, 0),
	(13, 2271, 0),
	(13, 2272, 0),
	(13, 2273, 0),
	(13, 2274, 0),
	(13, 2275, 0),
	(13, 2276, 0),
	(13, 2277, 0),
	(13, 2278, 0),
	(13, 2279, 0),
	(13, 2280, 0),
	(13, 2281, 0),
	(13, 2282, 0),
	(13, 2283, 0),
	(13, 2284, 0),
	(13, 2285, 0),
	(13, 2286, 0),
	(13, 2287, 0),
	(13, 2288, 0),
	(13, 2289, 0),
	(13, 2290, 0),
	(13, 2291, 0),
	(13, 2292, 0),
	(13, 2293, 0),
	(13, 2294, 1),
	(13, 2295, 0),
	(13, 2296, 0),
	(13, 2297, 0),
	(13, 2298, 1),
	(13, 2299, 0),
	(13, 2300, 0),
	(13, 2301, 11),
	(13, 2302, 9),
	(13, 2303, 9),
	(13, 2304, 9),
	(13, 2305, 10),
	(13, 2306, 0),
	(13, 2307, 0),
	(13, 2308, 0),
	(13, 2309, 0),
	(13, 2310, 0),
	(13, 2311, 0),
	(13, 2312, 0),
	(13, 2313, 0),
	(13, 2314, 0),
	(13, 2315, 0),
	(13, 2316, 0),
	(13, 2317, 0),
	(13, 2318, 0),
	(13, 2319, 3),
	(13, 2320, 0),
	(13, 2321, 0),
	(13, 2322, 0),
	(13, 2323, 1),
	(13, 2324, 2),
	(13, 2325, 0),
	(13, 2326, 0),
	(13, 2327, 0),
	(13, 2328, 0),
	(13, 2329, 2),
	(13, 2330, 11),
	(13, 2331, 11),
	(13, 2332, 20),
	(13, 2333, 11),
	(13, 2334, 0),
	(13, 2335, 0),
	(13, 2336, 0),
	(13, 2337, 0),
	(13, 2338, 0),
	(13, 2339, 0),
	(13, 2340, 1),
	(13, 2341, 0),
	(13, 2342, 1),
	(13, 2343, 0),
	(13, 2344, 1),
	(13, 2345, 0),
	(13, 2346, 1),
	(13, 2347, 0),
	(13, 2348, 0),
	(13, 2349, 0),
	(13, 2350, 0),
	(13, 2351, 0),
	(13, 2352, 0),
	(13, 2353, 0),
	(13, 2354, 0),
	(13, 2355, 0),
	(13, 2356, 1),
	(13, 2357, 0),
	(13, 2358, 1),
	(13, 2359, 0),
	(13, 2360, 1),
	(13, 2361, 2),
	(13, 2362, 2),
	(13, 2363, 0),
	(13, 2364, 2),
	(13, 2365, 0),
	(13, 2366, 1),
	(13, 2367, 2),
	(13, 2368, 0),
	(13, 2369, 2),
	(13, 2370, 2),
	(13, 2371, 2),
	(13, 2372, 1),
	(13, 2373, 0),
	(13, 2374, 0),
	(13, 2375, 1),
	(13, 2376, 0),
	(13, 2377, 1),
	(13, 2378, 1),
	(13, 2379, 0),
	(13, 2380, 0),
	(13, 2381, 0),
	(13, 2382, 3),
	(13, 2383, 1),
	(13, 2384, 3),
	(13, 2385, 2),
	(13, 2386, 2),
	(13, 2387, 0),
	(13, 2388, 1),
	(13, 2389, 5),
	(13, 2390, 3),
	(13, 2391, 1),
	(13, 2392, 0),
	(13, 2393, 0),
	(13, 2394, 1),
	(13, 2395, 1),
	(13, 2396, 1),
	(13, 2397, 1),
	(13, 2398, 0),
	(13, 2399, 0),
	(13, 2400, 0),
	(13, 2401, 1),
	(13, 2402, 0),
	(13, 2403, 12),
	(13, 2404, 20),
	(13, 2405, 20),
	(13, 2406, 20),
	(13, 2407, 20),
	(13, 2408, 10000),
	(13, 2409, 10000),
	(13, 2410, 10000),
	(13, 2411, 10000),
	(13, 2412, 10000),
	(13, 2413, 10000),
	(13, 2414, 10000),
	(13, 2415, 10000),
	(13, 2416, 10000),
	(13, 2417, 10000),
	(13, 2418, 10000),
	(13, 2419, 10000),
	(13, 2420, 10000),
	(13, 2421, 10000),
	(13, 2422, 10000),
	(13, 2423, 10000),
	(13, 2424, 10000),
	(13, 2425, 10000),
	(13, 2426, 10000),
	(13, 2427, 10000),
	(13, 2428, 10000),
	(13, 2429, 20000),
	(13, 2430, 20000),
	(13, 2431, 20000),
	(13, 2432, 20000),
	(13, 2433, 20000),
	(13, 2434, 20000),
	(13, 2435, 20000),
	(13, 2436, 20000),
	(13, 2437, 20000),
	(13, 2438, 20000),
	(13, 2439, 20000),
	(13, 2440, 20000),
	(13, 2441, 20000),
	(13, 2442, 20000),
	(13, 2443, 20000),
	(13, 2444, 20000),
	(13, 2445, 20000),
	(13, 2446, 20000),
	(13, 2447, 20000),
	(13, 2448, 20000),
	(13, 2449, 20000),
	(13, 2450, 10000),
	(13, 2451, 10000),
	(13, 2452, 10000),
	(13, 2453, 10000),
	(13, 2454, 10000),
	(13, 2455, 10000),
	(13, 2456, 10000),
	(13, 2457, 10000),
	(13, 2458, 10000),
	(13, 2459, 10000),
	(13, 2460, 10000),
	(13, 2461, 10000),
	(13, 2462, 10000),
	(13, 2463, 10000),
	(13, 2464, 10000),
	(13, 2465, 10000),
	(13, 2466, 10000),
	(13, 2467, 10000),
	(13, 2468, 10000),
	(13, 2469, 10000),
	(13, 2470, 10000),
	(13, 2471, 10000),
	(13, 2472, 10000),
	(13, 2473, 10000),
	(13, 2474, 10000),
	(13, 2475, 10000),
	(13, 2476, 10000),
	(13, 2477, 10000),
	(13, 2478, 10000),
	(13, 2479, 10000),
	(13, 2480, 10000),
	(13, 2481, 10000),
	(13, 2482, 10000),
	(13, 2483, 10000),
	(13, 2484, 10000),
	(13, 2485, 10000),
	(13, 2486, 10000),
	(13, 2487, 10000),
	(13, 2488, 10000),
	(13, 2489, 10000),
	(13, 2490, 10000),
	(13, 2491, 10000),
	(13, 2492, 10000),
	(13, 2493, 10000),
	(13, 2494, 10000),
	(13, 2495, 10000),
	(13, 2496, 10000),
	(13, 2497, 10000),
	(13, 2498, 10000),
	(13, 2499, 10000),
	(13, 2500, 10000),
	(13, 2501, 10000),
	(13, 2502, 10000),
	(13, 2503, 10000),
	(13, 2504, 10000),
	(13, 2505, 10000),
	(13, 2506, 10000),
	(13, 2507, 10000),
	(13, 2508, 10000),
	(13, 2509, 10000),
	(13, 2510, 10000),
	(13, 2511, 10000),
	(13, 2512, 5000),
	(13, 2513, 5000),
	(13, 2514, 5000),
	(13, 2515, 5000),
	(13, 2516, 5000),
	(13, 2517, 5000),
	(13, 2518, 5000),
	(13, 2519, 5000),
	(13, 2520, 5000),
	(13, 2521, 5000),
	(13, 2522, 5000),
	(13, 2523, 5000),
	(13, 2524, 5000),
	(13, 2525, 5000),
	(13, 2526, 5000),
	(13, 2527, 5000),
	(13, 2528, 5000),
	(13, 2529, 5000),
	(13, 2530, 5000),
	(13, 2531, 5000),
	(13, 2532, 5000),
	(13, 2533, 200),
	(13, 2534, 200);

-- Volcando estructura para tabla optdelsol_28.subfamilia
CREATE TABLE IF NOT EXISTS `subfamilia` (
  `idsubfamilia` int NOT NULL AUTO_INCREMENT,
  `familia_idfamilia` int NOT NULL,
  `nombre_corto` varchar(45) DEFAULT NULL,
  `nombre_largo` varchar(45) DEFAULT NULL,
  PRIMARY KEY (`idsubfamilia`),
  UNIQUE KEY `uqid` (`nombre_corto`,`familia_idfamilia`),
  KEY `fk_subfamilia_familia1_idx` (`familia_idfamilia`),
  CONSTRAINT `fk_subfamilia_familia1` FOREIGN KEY (`familia_idfamilia`) REFERENCES `familia` (`idfamilia`)
) ENGINE=InnoDB AUTO_INCREMENT=17 DEFAULT CHARSET=utf8mb4 COLLATE=utf8mb4_0900_ai_ci;

-- Volcando datos para la tabla optdelsol_28.subfamilia: ~8 rows (aproximadamente)
DELETE FROM `subfamilia`;
INSERT INTO `subfamilia` (`idsubfamilia`, `familia_idfamilia`, `nombre_corto`, `nombre_largo`) VALUES
	(3, 2, 'SOL', 'SOL'),
	(4, 2, 'REC', 'RECETA'),
	(11, 13, 'CRISTALES', 'CRISTALES'),
	(12, 14, 'LC', 'LC'),
	(13, 14, 'TRATAMIENTOS', 'TRATAMIENTOS'),
	(14, 16, 'INSUMO', 'INSUMO'),
	(15, 15, 'TRATAMIENTO', 'TRATAMIENTO'),
	(16, 17, 'LIQUIDOS', 'LIQUIDOS');

-- Volcando estructura para tabla optdelsol_28.subgrupo
CREATE TABLE IF NOT EXISTS `subgrupo` (
  `idsubgrupo` int NOT NULL AUTO_INCREMENT,
  `grupo_idgrupo` int NOT NULL,
  `nombre_corto` varchar(45) DEFAULT NULL,
  `nombre_largo` varchar(45) DEFAULT NULL,
  `multiplicador` varchar(50) DEFAULT '1',
  `precio_defecto` decimal(20,6) DEFAULT '0.000000',
  PRIMARY KEY (`idsubgrupo`),
  UNIQUE KEY `unique` (`grupo_idgrupo`,`nombre_corto`),
  KEY `fk_subgrupo_grupo1_idx` (`grupo_idgrupo`),
  CONSTRAINT `fk_subgrupo_grupo1` FOREIGN KEY (`grupo_idgrupo`) REFERENCES `grupo` (`idgrupo`)
) ENGINE=InnoDB AUTO_INCREMENT=1353 DEFAULT CHARSET=utf8mb4 COLLATE=utf8mb4_0900_ai_ci;

-- Volcando datos para la tabla optdelsol_28.subgrupo: ~641 rows (aproximadamente)
DELETE FROM `subgrupo`;
INSERT INTO `subgrupo` (`idsubgrupo`, `grupo_idgrupo`, `nombre_corto`, `nombre_largo`, `multiplicador`, `precio_defecto`) VALUES
	(123, 120, '360 1', '360 1300', '1', 0.000000),
	(124, 120, '360 2', '360 1500', '1', 0.000000),
	(125, 120, '360 3', '360 1750', '1', 0.000000),
	(160, 94, 'WR2', 'WRANGLER 1400', '1', 0.000000),
	(161, 94, 'WR3', 'WRANGLER 1500', '1', 0.000000),
	(162, 94, 'WR4', 'WRANGLER 1600', '1', 0.000000),
	(183, 118, 'WA1', 'WANAMA 1500', '1', 0.000000),
	(184, 118, 'WA2', 'WANAMA 1600', '1', 0.000000),
	(185, 118, 'WA3', 'WANAMA 1700', '1', 0.000000),
	(192, 111, 'MOT1', 'MOTOR OIL 1100', '1', 0.000000),
	(428, 107, 'KOOK1 ', 'KOOK 800', '1', 0.000000),
	(432, 105, 'ELAR1', 'ELIZABETH ARDEN1300', '1', 0.000000),
	(433, 105, 'ELAR2', 'ELIZABETH ARDEN1400', '1', 0.000000),
	(434, 105, 'ELAR3', 'ELIZABETH ARDEN 1700', '1', 0.000000),
	(436, 115, 'SOD1', 'SODIO 1000', '1', 0.000000),
	(438, 98, '3601', '3601000', '1', 0.000000),
	(439, 98, '3602', '3601100', '1', 0.000000),
	(440, 98, '3603', '3601300', '1', 0.000000),
	(473, 108, 'MAN1', 'MANGO', '1', 0.000000),
	(478, 109, 'MDQ1', 'MDQ', '1', 0.000000),
	(497, 102, 'BOR1', 'BORSALINO', '1', 0.000000),
	(498, 102, 'BOR2', 'BORSALINO', '1', 0.000000),
	(502, 116, 'TUSK1', 'TUSK', '1', 0.000000),
	(503, 116, 'TUSK2', 'TUSK', '1', 0.000000),
	(505, 119, 'BOR1', 'BORSALINO', '1', 0.000000),
	(507, 110, 'MIS1', 'MISTRAL', '1', 0.000000),
	(508, 110, 'MIS2', 'MISTRAL', '1', 0.000000),
	(580, 54, 'MORM1', 'MORMAII', '1', 0.000000),
	(581, 54, 'MORM2', 'MORMAII', '1', 0.000000),
	(582, 54, 'MORM3', 'MORMAII', '1', 0.000000),
	(583, 55, 'AB1', 'ABSURDA', '1', 0.000000),
	(584, 55, 'AB2', 'ABSURDA', '1', 0.000000),
	(585, 55, 'AB3', 'ABSURDA', '1', 0.000000),
	(586, 56, 'AB1', 'ABSURDA', '1', 0.000000),
	(587, 56, 'AB2', 'ABSURDA', '1', 0.000000),
	(588, 56, 'AB3', 'ABSURDA', '1', 0.000000),
	(589, 57, 'MORM1', 'MORMAII', '1', 0.000000),
	(590, 57, 'MORM2', 'MORMAII', '1', 0.000000),
	(591, 58, 'NOX1', 'NOX', '1', 0.000000),
	(593, 59, 'SOLNIÑO', 'SOLNIÑO', '1', 0.000000),
	(595, 60, 'VAR1', 'VARIOS', '1', 0.000000),
	(596, 61, 'TC1', 'TERESA CALANDRA', '1', 0.000000),
	(597, 61, 'TC2', 'TERESA CALANDRA', '1', 0.000000),
	(598, 61, 'TC3', 'TERESA CALANDRA', '1', 0.000000),
	(602, 64, 'HL1', 'HANG LOOSE', '1', 0.000000),
	(603, 64, 'HL2', 'HANG LOOSE', '1', 0.000000),
	(604, 64, 'HL3', 'HANG LOOSE', '1', 0.000000),
	(605, 65, 'CK1', 'CELINE KHAN', '1', 0.000000),
	(606, 65, 'CK2', 'CELINE KHAN', '1', 0.000000),
	(607, 65, 'CK3', 'CELINE KHAN', '1', 0.000000),
	(619, 73, 'DAN1', 'DANUBE', '1', 0.000000),
	(620, 73, 'DAN2', 'DANUBE', '1', 0.000000),
	(621, 75, 'CK1', 'CELINE KHAN', '1', 0.000000),
	(624, 76, 'TIF1', 'TIFFANY', '1', 0.000000),
	(627, 77, 'OKU1', 'OKUS', '1', 0.000000),
	(628, 77, 'OKU2', 'OKUS', '1', 0.000000),
	(629, 77, 'OKU3', 'OKUS', '1', 0.000000),
	(630, 78, 'STI1', 'STILL', '1', 0.000000),
	(632, 79, 'LAV1', 'LAVANETT', '1', 0.000000),
	(633, 80, 'OPT1', 'OPTITECH', '1', 0.000000),
	(634, 80, 'OPT2', 'OPTITECH', '1', 0.000000),
	(635, 81, 'FLE1', 'FLEUR', '1', 0.000000),
	(636, 82, 'SAIL1', 'SAIL', '1', 0.000000),
	(637, 84, 'OPT1', 'OPTITECH', '1', 0.000000),
	(638, 84, 'OPT2', 'OPTITECH', '1', 0.000000),
	(639, 84, 'OPT3', 'OPTITECH', '1', 0.000000),
	(640, 83, 'SEÑ1', 'SEÑAL', '1', 0.000000),
	(641, 85, 'JOR1', 'JORDAN', '1', 0.000000),
	(643, 86, 'WA1', 'WANAMA RECETA', '1', 0.000000),
	(645, 88, 'ROS1', 'ROSSET RECETAS', '1', 0.000000),
	(648, 90, 'PHAN1', 'PHANCOLOR 1', '1', 0.000000),
	(649, 90, 'PHAN2', 'PHANCOLOR 2', '1', 0.000000),
	(650, 90, 'PHAN 3', 'PHANCOLOR 3', '1', 0.000000),
	(655, 113, 'STONE', 'STONE', '1', 0.000000),
	(657, 100, 'IDENTIK1', 'IDENTIKIT', '1', 0.000000),
	(658, 101, 'IDENTIK1', 'IDENTIKIT', '1', 0.000000),
	(659, 122, 'VERANURADO', 'VERANURADO', '1', 0.000000),
	(660, 122, 'VERMETAL', 'VERMETAL', '1', 0.000000),
	(661, 123, 'SIG1', 'SIGNO 1', '1', 0.000000),
	(663, 123, 'JUV', 'JUVENILES', '1', 0.000000),
	(664, 124, 'NEVMET', 'NEVADA METAL', '1', 0.000000),
	(665, 124, 'NEVRANURADO', 'NEVADA RANURADO', '1', 0.000000),
	(666, 124, 'NEVMONTURA', 'NEVADA MONTURA', '1', 0.000000),
	(667, 125, 'BANANA KIDS', 'BANANA KIDS', '1', 0.000000),
	(668, 126, 'PAMIJUV', 'PAMIJUV', '1.6', 0.000000),
	(669, 126, 'PAMIDAM', 'PAMIDAM', '1.6', 0.000000),
	(670, 126, 'PAMICAB', 'PAMICAB', '1.6', 0.000000),
	(671, 58, 'NOX2', 'NOX2', '1', 0.000000),
	(672, 127, 'CADES1', 'CADES1', '1', 0.000000),
	(673, 128, 'SHITTO1', 'SHITTO1', '1', 0.000000),
	(674, 128, 'SHITTO2', 'SHITTO2', '1', 0.000000),
	(675, 128, 'SHITTO3', 'SHITTO3', '1', 0.000000),
	(676, 60, 'IDENTIKIDS', 'IDENTIKIDS', '1', 0.000000),
	(677, 129, 'RAYBAN', 'RAYBAN', '1', 0.000000),
	(678, 130, 'BAKUSCAREY', 'BAKUSCAREY', '1', 0.000000),
	(679, 130, 'BAKIDS', 'BAKIDS', '1', 0.000000),
	(680, 130, 'BAKUSMETAL', 'BAKUSMETAL', '1', 0.000000),
	(681, 131, 'SH1', 'SH1', '1', 0.000000),
	(682, 132, 'NX1', 'NX1', '1', 0.000000),
	(683, 133, 'IV1', 'IV1', '1', 0.000000),
	(684, 134, 'CLIPER', 'CLIPER', '1', 0.000000),
	(685, 135, 'MOT1', 'MOT1', '1', 0.000000),
	(686, 136, 'BRI1', 'BRI1', '1', 0.000000),
	(687, 138, 'K1', 'K1', '1', 0.000000),
	(688, 139, 'ROT1', 'ROT1', '1', 0.000000),
	(689, 140, 'MOR1', 'MOR1', '1', 0.000000),
	(690, 139, 'ROT2', 'ROT2', '1', 0.000000),
	(691, 139, 'ROT3', 'ROT3', '1', 0.000000),
	(692, 57, 'MOR2', 'MOR2', '1', 0.000000),
	(693, 140, 'MOR2', 'MOR2', '1', 0.000000),
	(695, 141, 'NAK1', 'NAK1', '1', 0.000000),
	(696, 142, 'VIS1', 'VIS1', '1', 0.000000),
	(697, 139, 'ROOT4', 'ROOT4', '1', 0.000000),
	(698, 143, 'ROT1', 'ROT1', '1', 0.000000),
	(699, 53, 'CAV1', 'CAV1', '1', 0.000000),
	(700, 53, 'CAV2', 'CAV2', '1', 0.000000),
	(701, 53, 'CAV3', 'CAV3', '1', 0.000000),
	(702, 52, 'CAV1', 'CAV1', '1', 0.000000),
	(703, 144, 'AF1', 'AF1', '1', 0.000000),
	(704, 144, 'AF2', 'AF2', '1', 0.000000),
	(705, 144, 'AF3', 'AF3', '1', 0.000000),
	(707, 121, 'CH1', 'OCCHIALI', '1', 0.000000),
	(708, 121, 'CH2', 'OCCHIALI', '1', 0.000000),
	(709, 121, 'CH3', 'OCCHIALI', '1', 0.000000),
	(710, 144, 'AF4', 'AF4', '1', 0.000000),
	(711, 121, 'CH4', 'CH4', '1', 0.000000),
	(715, 146, 'VM4', 'VM4', '1', 0.000000),
	(716, 63, 'VM1', 'VM1', '1', 0.000000),
	(717, 63, 'VM2', 'VM2', '1', 0.000000),
	(718, 63, 'VM3', 'VM3', '1', 0.000000),
	(719, 97, 'WRA1', 'WRA1', '1', 0.000000),
	(720, 97, 'WRA2', 'WRA2', '1', 0.000000),
	(721, 97, 'WRA3', 'WRA3', '1', 0.000000),
	(722, 147, 'HR1', 'HR1', '1', 0.000000),
	(723, 147, 'HR2', 'HR2', '1', 0.000000),
	(724, 147, 'HR3', 'HR3', '1', 0.000000),
	(725, 146, 'VM1', 'VM1', '1', 0.000000),
	(726, 64, 'HL4', 'HL4', '1', 0.000000),
	(727, 91, 'REEF1', 'REEF1', '1', 0.000000),
	(728, 91, 'REEF2', 'REEF2', '1', 0.000000),
	(729, 91, 'REEF3', 'REEF3', '1', 0.000000),
	(730, 148, 'REEF1', 'REEF1', '1', 0.000000),
	(731, 148, 'REEF2', 'REEF2', '1', 0.000000),
	(732, 148, 'REEF3', 'REEF3', '1', 0.000000),
	(745, 155, 'SALVATORE 01', 'SALVATORE 01', '1', 0.000000),
	(746, 153, 'FLEXON 01', 'FLEXON 01', '1', 0.000000),
	(747, 151, 'CALVIN 01', 'CALVIN 01', '1', 0.000000),
	(748, 156, 'OLIVER 1', 'OLIVER 1', '1', 0.000000),
	(749, 157, 'OPTIC100-1', '', '1', 0.000000),
	(755, 158, 'EA 1', '', '1', 0.000000),
	(756, 158, 'EA 2', '', '1', 0.000000),
	(757, 158, 'EA 3', '', '1', 0.000000),
	(758, 157, 'OPTIC100-2', '', '1', 0.000000),
	(759, 120, '360 4', '', '1', 0.000000),
	(760, 120, '360 5', '', '1', 0.000000),
	(761, 147, 'HL 1', '', '1', 0.000000),
	(762, 160, 'MORW 1', '', '1', 0.000000),
	(763, 161, 'SOD 1', '', '1', 0.000000),
	(764, 162, 'MAG 1', '', '1', 0.000000),
	(765, 161, 'SOD 3', '', '1', 0.000000),
	(766, 161, 'SOD 2', '', '1', 0.000000),
	(767, 163, 'TK1', 'TK1', '1', 0.000000),
	(768, 89, 'OSSI 2', '', '1', 0.000000),
	(769, 164, 'COOK1', '', '1', 0.000000),
	(770, 164, 'COOK2', '', '1', 0.000000),
	(771, 164, 'COOK3', '', '1', 0.000000),
	(772, 164, 'COOK4', '', '1', 0.000000),
	(773, 165, 'GRAV1', 'GRAV1', '1', 0.000000),
	(774, 165, 'GRAV2', 'GRAV2', '1', 0.000000),
	(775, 166, 'SAX1', 'SAX1', '1', 0.000000),
	(776, 167, 'SPIT1', 'SPIT1', '1', 0.000000),
	(777, 168, 'MOD1', 'MOD1', '1', 0.000000),
	(778, 168, 'MOD2', 'MOD2', '1', 0.000000),
	(779, 169, 'PROMIX', 'PROMIX', '1', 0.000000),
	(780, 169, 'OPTIMIST', 'OPTIMIST', '1', 0.000000),
	(781, 169, 'SIMPLE MODEL', 'SIMPLE MODEL', '1', 0.000000),
	(784, 169, 'VALENTINA REHDER', 'VALENTINA REHDER', '1', 0.000000),
	(785, 169, 'AGASSO', 'AGASSO', '1', 0.000000),
	(786, 170, 'BRU1', 'BRU1', '1', 0.000000),
	(787, 169, 'VE', 'VE', '1', 0.000000),
	(788, 112, 'OSSI1', 'OSSI1', '1', 0.000000),
	(789, 112, 'OSSI2', 'OSSI2', '1', 0.000000),
	(790, 58, 'NOX3', 'NOX3', '1', 0.000000),
	(791, 171, 'GAT1', 'GAT1', '1', 0.000000),
	(792, 171, 'GAT2', 'GAT2', '1', 0.000000),
	(793, 171, 'GAT3', 'GAT3', '1', 0.000000),
	(794, 84, 'OPT4', 'OPT4', '1', 0.000000),
	(795, 84, 'OPT5', 'OPT5', '1', 0.000000),
	(796, 173, 'SAIL1', 'SAIL1', '1', 0.000000),
	(797, 89, 'OSSI2', 'OSSI2', '1', 0.000000),
	(798, 57, 'MOR4', 'MOR4', '1', 0.000000),
	(799, 123, 'SIG2', 'SIG2', '1', 0.000000),
	(800, 144, 'AF5', 'AF5', '1', 0.000000),
	(802, 57, 'MOR5', 'MOR5', '1', 0.000000),
	(803, 110, 'MORM5', 'MORM5', '1', 0.000000),
	(804, 54, 'MOR4', 'MOR4', '1', 0.000000),
	(805, 57, 'MOR6', 'MOR6', '1', 0.000000),
	(806, 174, 'MDQ1', 'MDQ1', '1', 0.000000),
	(807, 174, 'MDQ2', 'MDQ2', '1', 0.000000),
	(808, 175, 'DC1', 'DC1', '1', 0.000000),
	(809, 176, 'MAR1', 'MAR1', '1', 0.000000),
	(810, 177, 'WES1', 'WES1', '1', 0.000000),
	(811, 178, 'FER1', 'FER1', '1', 0.000000),
	(812, 178, 'FER2', 'FER2', '1', 0.000000),
	(813, 178, 'FER3', 'FER3', '1', 0.000000),
	(814, 179, 'GC1', 'GC1', '1', 0.000000),
	(815, 180, 'IN1', 'IN1', '1', 0.000000),
	(816, 180, 'INT2', 'INT2', '1', 0.000000),
	(817, 182, 'DY1', 'DY1', '1', 0.000000),
	(818, 182, 'DY2', 'DY2', '1', 0.000000),
	(819, 182, 'DY3', 'DY3', '1', 0.000000),
	(820, 183, 'URB1', 'URB1', '1', 0.000000),
	(821, 184, 'TC1', 'TC1', '1', 0.000000),
	(822, 185, 'MAR1', 'MAR1', '1', 0.000000),
	(823, 185, 'MAR2', 'MAR2', '1', 0.000000),
	(824, 185, 'MAR3', 'MAR3', '1', 0.000000),
	(825, 186, 'PATP1', 'PATP1', '1', 0.000000),
	(827, 186, 'PATP2', 'PATP2', '1', 0.000000),
	(828, 186, 'PATP3', 'PATP3', '1', 0.000000),
	(829, 157, 'OPTIC2', 'OPTIC2', '1', 0.000000),
	(830, 187, 'P1', 'P1', '1', 0.000000),
	(835, 104, 'CH1', 'CH1', '1', 0.000000),
	(836, 104, 'CH2', 'CH2', '1', 0.000000),
	(837, 104, 'CH3', 'CH3', '1', 0.000000),
	(838, 188, 'AF1', 'AF1', '1', 0.000000),
	(839, 188, 'AF2', 'AF2', '1', 0.000000),
	(840, 188, 'AF3', 'AF3', '1', 0.000000),
	(841, 116, 'TUSK3', 'TUSK3', '1', 0.000000),
	(842, 189, 'MIS1', 'MIS1', '1', 0.000000),
	(843, 79, 'LAV2', 'LAV2', '1', 0.000000),
	(844, 79, 'LAV3', 'LAV3', '1', 0.000000),
	(845, 191, 'GI1', 'GI1', '1', 0.000000),
	(846, 192, 'GAZ1', 'GAZ1', '1', 0.000000),
	(851, 195, 'RV1', 'RV1', '1', 0.000000),
	(852, 169, 'MARCUS MILLER', 'MARCUS MILLER', '1', 0.000000),
	(853, 196, 'STEF1', 'STEF1', '1', 0.000000),
	(854, 197, 'X-L1', 'X-L1', '1', 0.000000),
	(855, 198, 'MUS1', 'MUS1', '1', 0.000000),
	(856, 199, 'NK1', 'NK1', '1', 0.000000),
	(857, 200, 'MAN1', 'MAN1', '1', 0.000000),
	(858, 201, 'PAT1', 'PAT1', '1', 0.000000),
	(859, 202, 'PR1', 'PR1', '1', 0.000000),
	(860, 203, 'FL1', 'FL1', '1', 0.000000),
	(861, 204, 'BA1', 'BA1', '1', 0.000000),
	(862, 206, 'NIKE1', 'NIKE1', '1', 0.000000),
	(864, 131, 'SHITO2', 'SHITO', '1', 0.000000),
	(865, 207, 'SF1', 'SF1', '1', 0.000000),
	(866, 208, 'MAR1', 'MAR1', '1', 0.000000),
	(867, 209, 'ANG1', 'ANG1', '1', 0.000000),
	(868, 210, 'CNX1', 'CNX1', '1', 0.000000),
	(871, 213, 'AG1', 'AG1', '1', 0.000000),
	(872, 212, 'ASP1', 'ASP1', '1', 0.000000),
	(873, 214, 'F2F1', 'F2F1', '1', 0.000000),
	(874, 215, 'BB1', 'BB1', '1', 0.000000),
	(875, 217, 'MOR1', 'MOR1', '1', 0.000000),
	(876, 218, 'NAK1', 'NAK1', '1', 0.000000),
	(877, 219, 'VER1', 'VER1', '1', 0.000000),
	(878, 220, 'B1', 'B1', '1', 0.000000),
	(879, 73, 'DC1', 'DC1', '1', 0.000000),
	(880, 73, 'DC2', 'DC2', '1', 0.000000),
	(881, 221, 'DC1', 'DC1', '1', 0.000000),
	(882, 221, 'DC2', 'DC2', '1', 0.000000),
	(883, 222, 'V1', 'V1', '1', 0.000000),
	(885, 223, 'GRA1', 'GRA1', '1', 0.000000),
	(886, 224, 'MAN1', 'MAN1', '1', 0.000000),
	(887, 224, 'MAN2', 'MAN2', '1', 0.000000),
	(893, 227, 'KHAN1', 'KHAN1', '1', 0.000000),
	(894, 228, 'B1', 'B1', '1', 0.000000),
	(895, 229, 'DG1', 'DG1', '1', 0.000000),
	(896, 230, 'OA1', 'OA1', '1', 0.000000),
	(898, 232, 'COOK1', 'COOK1', '1', 0.000000),
	(899, 233, 'PL1', 'PL1', '1', 0.000000),
	(900, 234, 'IV1', 'IV1', '1', 0.000000),
	(907, 236, 'DEL1', 'DEL1', '1', 0.000000),
	(908, 91, 'REEF4', 'REEF4', '1', 0.000000),
	(909, 91, 'REEF5', 'REEF5', '1', 0.000000),
	(910, 112, 'OSSI3', 'OSSI3', '1', 0.000000),
	(911, 232, 'COOK2', 'COOK2', '1', 0.000000),
	(912, 118, 'WA4', 'WA4', '1', 0.000000),
	(913, 202, 'PR2', 'PR2', '1', 0.000000),
	(914, 89, 'ISI3', 'OSI3', '1', 0.000000),
	(915, 86, 'WA2', 'WA2', '1', 0.000000),
	(916, 88, 'ROS2', 'ROS2', '1', 0.000000),
	(917, 88, 'ROS3', 'ROS3', '1', 0.000000),
	(918, 64, 'HS5', 'HS5', '1', 0.000000),
	(919, 55, 'AB4', 'AB4', '1', 0.000000),
	(920, 54, 'MORM5', 'MORM5', '1', 0.000000),
	(921, 237, 'GL', 'METALHATAI', '1', 0.000000),
	(922, 238, 'LAZ1', 'LAZ1', '1', 0.000000),
	(923, 64, 'HL6', 'HL6', '1', 0.000000),
	(924, 140, 'MOR3', 'MOR3', '1', 0.000000),
	(925, 139, 'ROOTS4', 'ROOTS4', '1', 0.000000),
	(926, 65, 'CELINE', 'CELINE', '1', 0.000000),
	(927, 169, 'MOONBASA', 'MOONBASA', '1', 0.000000),
	(929, 169, 'VUOSI', 'VUOSI', '1', 0.000000),
	(930, 169, 'SNIPER', 'SNIPER', '1', 0.000000),
	(933, 239, 'AY1', 'AY1', '1', 0.000000),
	(934, 239, 'AY2', 'AY2', '1', 0.000000),
	(935, 239, 'AY3', 'AY3', '1', 0.000000),
	(936, 241, 'AY1', 'AY1', '1', 0.000000),
	(937, 241, 'AY2', 'AY2', '1', 0.000000),
	(941, 183, 'URB3', 'URB3', '1', 0.000000),
	(981, 232, 'COOK3', 'COOK3', '1', 0.000000),
	(990, 173, 'SAIL2', 'RECETA', '1', 0.000000),
	(991, 183, 'URB2', 'URBAN2', '1', 0.000000),
	(992, 177, 'WES2', 'WESTBURY2', '1', 0.000000),
	(993, 247, 'ONBO1', 'ONBO1', '1', 0.000000),
	(995, 248, 'SWORLD', 'SWORLD', '1', 0.000000),
	(996, 248, 'KARLDI', 'KARLDI', '1', 0.000000),
	(997, 248, 'BAD BOY', 'BAD BOY', '1', 0.000000),
	(1001, 169, 'OSHKOSH', 'REC', '1', 0.000000),
	(1002, 250, 'GV1', 'GV1', '1', 0.000000),
	(1003, 54, 'MORM6', 'MORM6', '1', 0.000000),
	(1004, 129, 'RAY2', 'RAY2', '1', 0.000000),
	(1005, 84, 'OPT6', 'OPT6', '1', 0.000000),
	(1006, 199, 'NK2', 'NK2', '1', 0.000000),
	(1007, 251, 'NK1', 'NK1', '1', 0.000000),
	(1008, 54, 'MORM7', 'MORM7', '1', 0.000000),
	(1009, 109, 'MDQ2', 'MDQ2', '1', 0.000000),
	(1010, 252, 'NOON1', 'NOON1', '1', 0.000000),
	(1011, 254, 'OSS1', 'OSS1', '1', 0.000000),
	(1012, 255, 'PORT1', 'PORT1', '1', 0.000000),
	(1013, 253, 'OSSA1', 'OSSA1', '1', 0.000000),
	(1014, 256, 'MONT1', 'MONT1', '1', 0.000000),
	(1015, 257, 'PORTS1', 'PORTS1', '1', 0.000000),
	(1016, 258, 'MNTG1', 'MNTG1', '1', 0.000000),
	(1017, 90, 'PHAN4', 'PHAN4', '1', 0.000000),
	(1018, 53, 'CAV4', 'CAV4', '1', 0.000000),
	(1019, 165, 'GRAV3', 'GRAV3', '1', 0.000000),
	(1020, 241, 'AY3', 'AY3', '1', 0.000000),
	(1025, 164, 'COOK5', 'COOK5', '1', 0.000000),
	(1026, 112, 'OSSI4', 'OSSI4', '1', 0.000000),
	(1027, 232, 'COOK4', 'COOK4', '1', 0.000000),
	(1028, 89, 'OSSI3', 'OSSI3', '1', 0.000000),
	(1029, 94, 'WRS', 'SOL', '1', 0.000000),
	(1030, 260, 'KAOS1', 'KAOS1', '1', 0.000000),
	(1031, 261, 'LM1', 'LM1', '1', 0.000000),
	(1032, 262, 'CCS1', 'CCS1', '1', 0.000000),
	(1033, 199, 'NK3', 'NK3', '1', 0.000000),
	(1034, 199, 'NK4', 'NK4', '1', 0.000000),
	(1035, 128, 'SHITTO4', 'SHITTO4', '1', 0.000000),
	(1036, 263, 'LUX', 'LUXURE', '1', 0.000000),
	(1037, 264, 'CONT', 'CONT', '1', 0.000000),
	(1038, 265, 'UNISOL', 'UNISOL', '1', 0.000000),
	(1039, 266, 'UNIREC', 'UNIREC', '1', 0.000000),
	(1040, 267, 'PI1', 'PI1', '1', 0.000000),
	(1042, 270, 'AN1', 'AN1', '1', 0.000000),
	(1043, 91, 'REEF6', 'REEF6', '1', 0.000000),
	(1044, 148, 'REEF4', 'REEF4', '1', 0.000000),
	(1045, 250, 'GV2', 'GV2', '1', 0.000000),
	(1046, 250, 'GV3', 'GENESIS', '1', 0.000000),
	(1047, 271, 'VB1', 'VBANCH1', '1', 0.000000),
	(1048, 261, 'LM2', 'LM2', '1', 0.000000),
	(1049, 273, 'ORBS', 'ORBS', '1', 0.000000),
	(1050, 272, 'ORBR', 'ORBR', '1', 0.000000),
	(1051, 169, 'LEGIRO', 'LEGIRO', '1', 0.000000),
	(1052, 261, 'LM3', 'LM3', '1', 0.000000),
	(1053, 250, 'GV4', 'GV4', '1', 0.000000),
	(1054, 250, 'GV5', 'GV5', '1', 0.000000),
	(1055, 264, 'CONT2', 'CONT2', '1', 0.000000),
	(1056, 274, 'PLM', 'PLM', '1', 0.000000),
	(1057, 250, 'GV6', 'GV6', '1', 0.000000),
	(1058, 264, 'CONT3', 'CONT3', '1', 0.000000),
	(1059, 146, 'VM5', 'VM5', '1', 0.000000),
	(1061, 275, 'OS', 'OS', '1', 0.000000),
	(1062, 63, 'VM4', 'VM4', '1', 0.000000),
	(1063, 91, 'REEF7', 'REEF7', '1', 0.000000),
	(1064, 94, 'WR5', 'WR5', '1', 0.000000),
	(1065, 64, 'HS7', 'HS7', '1', 0.000000),
	(1066, 94, 'WR6', 'WR6', '1', 0.000000),
	(1067, 276, 'BER1', 'BER1', '1', 0.000000),
	(1068, 277, 'BERS1', 'BERS1', '1', 0.000000),
	(1069, 81, 'FLE2', 'FLE2', '1', 0.000000),
	(1070, 82, 'SAIL2', 'SAIL2', '1', 0.000000),
	(1071, 278, 'AC1', 'AC1', '1', 0.000000),
	(1072, 80, 'OPT3', 'OPT3', '1', 0.000000),
	(1073, 84, 'OPT7', 'OPT7', '1', 0.000000),
	(1074, 54, 'MO8', 'MO8', '1', 0.000000),
	(1076, 279, 'AND1', 'AND1', '1', 0.000000),
	(1077, 109, 'MDQ3', 'MDQ3', '1', 0.000000),
	(1078, 98, '360S1', '360S1', '1', 0.000000),
	(1079, 143, 'ROOT2', 'ROOT2', '1', 0.000000),
	(1080, 217, 'MOR2', 'MOR2', '1', 0.000000),
	(1081, 218, 'NAK2', 'NAK2', '1', 0.000000),
	(1082, 158, 'EA4', 'EA4', '1', 0.000000),
	(1083, 169, 'ECOMETAL', 'ECOMETAL', '1', 0.000000),
	(1084, 91, 'REEF8', 'REEF8', '1', 0.000000),
	(1085, 112, 'OSS5', 'OSS5', '1', 0.000000),
	(1086, 232, 'COOK5', 'COOK5', '1', 0.000000),
	(1087, 89, 'OSS 4', 'OSS 4', '1', 0.000000),
	(1088, 112, 'OSS 6', 'OSS 6', '1', 0.000000),
	(1089, 80, 'OPT 4', 'OPT 4', '1', 0.000000),
	(1090, 280, 'AC1', 'AC1', '1', 0.000000),
	(1091, 238, 'LZ2', 'LZ2', '1', 0.000000),
	(1092, 163, 'TS2', 'TS2', '1', 0.000000),
	(1093, 65, 'CK4', 'CK4', '1', 0.000000),
	(1094, 64, 'HS8', 'HS8', '1', 0.000000),
	(1095, 63, 'VM5', 'VM5', '1', 0.000000),
	(1096, 139, 'ROOT5', 'ROOT5', '1', 0.000000),
	(1097, 140, 'MOR4', 'MOR4', '1', 0.000000),
	(1098, 141, 'NAK2', 'NAK2', '1', 0.000000),
	(1099, 129, 'RAYBAN 2', 'RAYBAN 2', '1', 0.000000),
	(1100, 261, 'LM4', 'LM4', '1', 0.000000),
	(1101, 264, 'CONT4', 'CONT4', '1', 0.000000),
	(1102, 127, 'CADES2', 'CADES2', '1', 0.000000),
	(1103, 128, 'SHITTO5', 'SHITTO5', '1', 0.000000),
	(1104, 281, 'OS1', 'OS1', '1', 0.000000),
	(1105, 282, 'UL1', 'UL1', '1', 0.000000),
	(1106, 283, 'AC1', 'AC1', '1', 0.000000),
	(1107, 284, 'AB1', 'AB1', '1', 0.000000),
	(1108, 139, 'ROOTS6', 'ROOTS6', '1', 0.000000),
	(1109, 140, 'MOOR5', 'MOOR5', '1', 0.000000),
	(1110, 141, 'NAK3', 'NAK3', '1', 0.000000),
	(1111, 84, 'OPT8', 'OPT8', '1', 0.000000),
	(1112, 203, 'FL2', 'FL2', '1', 0.000000),
	(1113, 270, 'K2', 'K2', '1', 0.000000),
	(1114, 255, 'PORT2', 'PORT2', '1', 0.000000),
	(1115, 254, 'OSS2', 'OSS2', '1', 0.000000),
	(1116, 165, 'GRAV5', 'GRAV5', '1', 0.000000),
	(1117, 65, 'CK5', 'CK5', '1', 0.000000),
	(1118, 65, 'KR', 'KR', '1', 0.000000),
	(1119, 238, 'LZ3', 'LZ3', '1', 0.000000),
	(1120, 175, 'DC2', 'DC2', '1', 0.000000),
	(1121, 177, 'W3', 'W3', '1', 0.000000),
	(1122, 285, 'BB', 'BRIGITTE BARDO', '1', 0.000000),
	(1123, 285, 'MO', 'MOTOR OIL', '1', 0.000000),
	(1124, 272, 'ORB1', 'ORB1', '1', 0.000000),
	(1125, 57, 'MORM3', 'MORM3', '1', 0.000000),
	(1126, 287, 'PCDA1', 'PCDA1', '1', 0.000000),
	(1127, 289, 'POL1', 'POL1', '1', 0.000000),
	(1128, 209, 'ANG2', 'ANG2', '1', 0.000000),
	(1129, 147, 'HR4', 'HR4', '1', 0.000000),
	(1130, 97, 'WRA4', 'WRA4', '1', 0.000000),
	(1131, 91, 'REEF9', 'REEF9', '1', 0.000000),
	(1133, 148, 'REEF5', 'REEF5', '1', 0.000000),
	(1134, 120, '360 6', '360 6', '1', 0.000000),
	(1135, 290, 'CS', 'CS', '1', 0.000000),
	(1137, 112, 'OSS6', 'OSS6', '1', 0.000000),
	(1138, 89, 'OSS4', 'OSS4', '1', 0.000000),
	(1139, 112, 'OSS7', 'OSS7', '1', 0.000000),
	(1140, 128, 'SHITTO6', 'SHITTO6', '1', 0.000000),
	(1141, 127, 'CADES3', 'CADES3', '1', 0.000000),
	(1142, 239, 'AY4', 'AY4', '1', 0.000000),
	(1143, 130, 'BAK1', 'BAK1', '1', 0.000000),
	(1144, 147, 'HR5', 'HR5', '1', 0.000000),
	(1145, 148, 'REEF6', 'REEF6', '1', 0.000000),
	(1146, 281, 'OS2', 'OS2', '1', 0.000000),
	(1147, 281, 'OS3', 'OS3', '1', 0.000000),
	(1148, 146, 'VM6', 'VM6', '1', 0.000000),
	(1149, 97, 'WR5', 'WR5', '1', 0.000000),
	(1150, 58, 'NOX4', 'NOX4', '1', 0.000000),
	(1151, 260, 'KAOS2', 'KAOS2', '1', 0.000000),
	(1152, 261, 'LM5', 'LM5', '1', 0.000000),
	(1153, 131, 'SHITT3', 'SHITT3', '1', 0.000000),
	(1154, 97, 'WRA5', 'WRA5', '1', 0.000000),
	(1155, 291, 'ZA1', 'ZA1', '1', 0.000000),
	(1156, 292, 'SM1', 'SM1', '1', 0.000000),
	(1157, 129, 'RAY 4', 'RAY 4', '1', 0.000000),
	(1158, 293, 'VER 1', 'VER 1', '1', 0.000000),
	(1159, 77, 'OKU4', 'OKU4', '1', 0.000000),
	(1160, 294, 'OKSOL', 'OKSOL', '1', 0.000000),
	(1161, 180, 'INT3', 'INT3', '1', 0.000000),
	(1162, 109, 'MDQ4', 'MDQ4', '1', 0.000000),
	(1163, 293, 'VER2', 'VER2', '1', 0.000000),
	(1164, 61, 'TC4', 'TC4', '1', 0.000000),
	(1165, 295, 'ANG1', 'ANG1', '1', 0.000000),
	(1166, 248, 'RANIERI', 'RANIERI', '1', 0.000000),
	(1167, 85, 'JOR2', 'JOR2', '1', 0.000000),
	(1168, 168, 'MOD3', 'MOD3', '1', 0.000000),
	(1169, 256, 'MONT2', 'MONT2', '1', 0.000000),
	(1170, 279, 'AND2', 'AND2', '1', 0.000000),
	(1171, 253, 'OSS2', 'OSS2', '1', 0.000000),
	(1172, 91, 'REEF10', 'REEF10', '1', 0.000000),
	(1173, 209, 'LINEA-B', 'LINEA-B', '1', 0.000000),
	(1174, 296, 'LO1', 'LO1', '1', 0.000000),
	(1175, 232, 'COOK6', 'COOK6', '1', 0.000000),
	(1176, 89, 'OSS5', 'OSS5', '1', 0.000000),
	(1177, 164, 'COOK6', 'COOK6', '1', 0.000000),
	(1178, 217, 'MOR3', 'MOR3', '1', 0.000000),
	(1179, 94, 'WR7', 'WR7', '1', 0.000000),
	(1180, 63, 'VM6', 'VM6', '1', 0.000000),
	(1181, 293, 'VER3', 'VER3', '1', 0.000000),
	(1182, 297, 'DS1', 'DS1', '1', 0.000000),
	(1183, 173, 'SAIL3', 'SAIL3', '1', 0.000000),
	(1184, 180, 'INT4', 'INT4', '1', 0.000000),
	(1185, 148, 'REEF10', 'REEF10', '1', 0.000000),
	(1186, 298, 'CA1', 'CA1', '1', 0.000000),
	(1187, 299, 'C1', 'C1', '1', 0.000000),
	(1188, 274, 'PLM1', 'PLM1', '1', 0.000000),
	(1189, 289, 'POL2', 'POL2', '1', 0.000000),
	(1190, 136, 'BR2', 'BR2', '1', 0.000000),
	(1191, 135, 'MOT2', 'MOT2', '1', 0.000000),
	(1192, 300, 'KIDDOS', 'NIÑOS REC', '1', 0.000000),
	(1194, 301, 'PRU', 'SOL', '1', 0.000000),
	(1195, 302, 'RA', 'ECONOMICOS', '1', 0.000000),
	(1196, 304, 'SUM1', '', '1', 0.000000),
	(1197, 305, 'TIFF', 'TIFF', '1', 0.000000),
	(1198, 307, 'ELL', '', '1', 0.000000),
	(1199, 308, 'GIO', '', '1', 0.000000),
	(1200, 309, 'R', '', '1', 0.000000),
	(1201, 310, 'LUX', '', '1', 0.000000),
	(1202, 311, 'WES', '', '1', 0.000000),
	(1203, 312, 'POLO', '', '1', 0.000000),
	(1204, 313, 'POL', 'RECETA', '1', 0.000000),
	(1205, 127, 'CADES4', 'CADES CHINOS', '1', 0.000000),
	(1206, 129, 'R-BAN', '', '1', 0.000000),
	(1207, 304, 'SUM2', '', '1', 0.000000),
	(1208, 314, 'ORE1', '', '1', 0.000000),
	(1209, 315, 'DY1', '', '1', 0.000000),
	(1210, 316, 'SUM1', 'SUM1', '1', 0.000000),
	(1211, 98, '360S', 'SOL', '1', 0.000000),
	(1212, 317, 'PAULA', 'PAULA', '1', 0.000000),
	(1213, 133, 'CADESS', 'CADES SOL', '1', 0.000000),
	(1214, 318, 'MA1', 'MA1', '1', 0.000000),
	(1215, 163, 'TSK3', 'TSK3', '1', 0.000000),
	(1216, 160, 'MORW4', 'MORW4', '1', 0.000000),
	(1217, 60, 'VAR3', 'VAR3', '1', 0.000000),
	(1218, 128, 'SHI7', 'SHITTO7', '1', 0.000000),
	(1220, 128, 'SHI8', 'SHITTO8', '1', 0.000000),
	(1221, 126, 'PAM', 'PAM', '1.6', 0.000000),
	(1222, 322, 'VZ', 'VALDEZ', '1', 0.000000),
	(1223, 323, 'BO', 'BO', '1', 0.000000),
	(1224, 324, 'UND', 'UND', '1', 0.000000),
	(1225, 325, 'NIÑOS1', 'NIÑOS1', '1', 0.000000),
	(1226, 326, 'PLAST 1', 'PLASTIC 1', '1', 0.000000),
	(1227, 328, 'CARR1', 'CARR1', '1', 0.000000),
	(1228, 329, 'CARR', 'CARR', '1', 0.000000),
	(1229, 330, 'SAF', 'SAF', '1', 0.000000),
	(1230, 129, 'RB00', 'RAY BAN00', '1', 0.000000),
	(1231, 332, 'VE', 'VE', '1', 0.000000),
	(1232, 333, 'VE', 'VE', '1', 0.000000),
	(1233, 304, 'SUM3', 'SUM3', '1', 0.000000),
	(1234, 334, '47ST', '47ST', '1', 0.000000),
	(1235, 335, 'VZ', 'VZ', '1', 0.000000),
	(1236, 304, 'SUM4', 'SUM4', '1', 0.000000),
	(1237, 336, 'M-FABRICA', 'M-FABRICA', '3.5', 0.000000),
	(1238, 337, 'RB', 'RB', '1', 0.000000),
	(1239, 338, 'VO', 'VO', '1', 0.000000),
	(1240, 339, 'VO', 'VO', '1', 0.000000),
	(1242, 304, 'SUM5', 'SUM5', '1', 0.000000),
	(1243, 340, 'AX', 'AX', '1', 0.000000),
	(1244, 342, 'AX', '', '1', 0.000000),
	(1245, 343, 'MO', '', '1', 0.000000),
	(1246, 129, 'RAY5', 'RAY5', '1', 0.000000),
	(1247, 337, 'RAYREC6', 'RAYREC6', '1', 0.000000),
	(1248, 344, 'ARNT1', 'ARNT1', '1', 0.000000),
	(1249, 230, 'OAK2', 'OAK2', '1', 0.000000),
	(1250, 219, 'VERSG2', 'VERSG2', '1', 0.000000),
	(1251, 333, 'VER05', 'VER05', '1', 0.000000),
	(1252, 345, 'PHR1', 'PHR1', '1', 0.000000),
	(1253, 80, 'OPT5', 'OPT5', '1', 0.000000),
	(1254, 84, 'OPT9', 'OPT9', '1', 0.000000),
	(1256, 80, 'OPT6', 'OPT6', '1', 0.000000),
	(1257, 346, 'OY', '', '1', 0.000000),
	(1258, 347, 'KID', '', '1', 0.000000),
	(1259, 130, 'BAKU10', 'BAKU10', '1', 0.000000),
	(1260, 293, 'VER4', 'VER4', '1', 0.000000),
	(1262, 349, 'CLI', '', '1', 0.000000),
	(1263, 293, 'FAB05', 'FAB05', '1', 0.000000),
	(1264, 350, 'WI', 'WI', '1', 0.000000),
	(1265, 353, 'SL', 'SL', '1', 0.000000),
	(1267, 356, 'DER', 'DER', '1', 0.000000),
	(1268, 357, 'PERS1', 'PERS1', '1', 0.000000),
	(1269, 358, 'PERS1', 'PERS1', '1', 0.000000),
	(1270, 359, 'KIP1', 'KIP1', '1', 0.000000),
	(1271, 360, 'KIP1', 'KIP1', '1', 0.000000),
	(1272, 364, 'PLT1', 'PLT1', '1', 0.000000),
	(1275, 364, 'OP1', 'OP1', '1', 0.000000),
	(1276, 363, 'JM1', 'JM1', '1', 0.000000),
	(1277, 362, 'JM1', 'JM1', '1', 0.000000),
	(1278, 365, 'PHR', 'PHR', '1', 0.000000),
	(1279, 202, 'PHR', 'PHR', '1', 0.000000),
	(1280, 118, 'WA5', 'WA5', '1', 0.000000),
	(1281, 86, 'WA5', 'WA5', '1', 0.000000),
	(1282, 366, 'DX1', 'DX1', '1', 0.000000),
	(1283, 230, 'OA2', 'OA2', '1', 0.000000),
	(1284, 94, 'WR8', 'WR8', '1', 0.000000),
	(1285, 127, 'FABRICA', 'FABRICA', '1', 0.000000),
	(1286, 304, 'SUM6', 'SUM6', '1', 0.000000),
	(1287, 366, 'DX2', 'DX2', '1', 0.000000),
	(1288, 128, 'SHI9', 'SHI9', '1', 0.000000),
	(1289, 91, 'REEF11', 'REEF11', '1', 0.000000),
	(1290, 80, 'OPT7', 'OPT7', '1', 0.000000),
	(1291, 80, 'OPT9', 'OPT9', '1', 0.000000),
	(1292, 315, 'DY2', 'DY2', '1', 0.000000),
	(1293, 368, 'GALL1', 'GALL1', '1', 0.000000),
	(1294, 94, 'WR9', 'WR9', '1', 0.000000),
	(1295, 140, 'MOR5', 'MOR5', '1', 0.000000),
	(1296, 218, 'NAK3', 'NAK3', '1', 0.000000),
	(1297, 369, 'GL1', 'GL1', '1', 0.000000),
	(1298, 370, 'GL1', 'GL1', '1', 0.000000),
	(1299, 371, 'VI1', 'VI1', '1', 0.000000),
	(1300, 372, 'VI1', 'VI1', '1', 0.000000),
	(1301, 373, 'SL', 'SL', '1', 0.000000),
	(1302, 374, 'WL', 'WL', '1', 0.000000),
	(1303, 185, 'MA1', 'MA1', '1', 0.000000),
	(1304, 177, 'WES', 'WES', '1', 0.000000),
	(1306, 183, 'LITTLE1', 'LITTLE1', '1', 0.000000),
	(1307, 375, 'LME1', 'LME1', '1', 0.000000),
	(1308, 54, 'MO9', 'MO9', '1', 0.000000),
	(1309, 376, 'PCD1', '', '1', 0.000000),
	(1310, 377, '47ST1', '47ST1', '1', 0.000000),
	(1311, 343, 'BO1', 'BO1', '1', 0.000000),
	(1312, 304, 'SCLIP', 'SCLIP', '1', 0.000000),
	(1313, 256, 'MONT3', 'MONT3', '1', 0.000000),
	(1314, 273, 'ORB1', 'ORB1', '1', 0.000000),
	(1315, 127, 'CADES5', 'CADES5', '1', 0.000000),
	(1316, 270, 'AK1', 'AK1', '1', 0.000000),
	(1317, 258, 'MTG1', 'MTG1', '1', 0.000000),
	(1318, 127, 'CADES6', 'CADES6', '1', 0.000000),
	(1319, 112, 'OSSI5', 'OSSI5', '1', 0.000000),
	(1320, 378, 'OSSI1', 'OSSI1', '1', 0.000000),
	(1321, 128, 'SHI10', 'SHI10', '1', 0.000000),
	(1322, 131, 'SHI10', 'SHI10', '1', 0.000000),
	(1323, 112, 'OSSI6', 'OSSI6', '1', 0.000000),
	(1324, 378, 'OSSI2', 'OSSI2', '1', 0.000000),
	(1325, 296, 'ORE1', 'ORE1', '1', 0.000000),
	(1326, 57, 'MO1', 'MO1', '1', 0.000000),
	(1327, 379, 'PCDA1', 'PCDA1', '1', 0.000000),
	(1328, 379, 'PCD1', 'PCD1', '1', 0.000000),
	(1329, 131, 'SH2', 'SH2', '1', 0.000000),
	(1330, 128, 'SHI11', 'SHI11', '1', 0.000000),
	(1331, 131, 'SHI11', 'SHI11', '1', 0.000000),
	(1332, 369, 'GL0623', 'GL0623', '1', 0.000000),
	(1333, 370, 'GL0623', 'GL0623', '3.5', 0.000000),
	(1334, 371, 'VI0623', 'VI0623', '3.5', 0.000000),
	(1335, 342, 'AX0623', 'AX0623', '3.5', 0.000000),
	(1336, 185, 'MA0723', 'MA0723', '3.5', 0.000000),
	(1337, 183, 'UR0723', 'UR0723', '3.5', 0.000000),
	(1338, 183, 'LITT0723', 'LITT0723', '3.5', 0.000000),
	(1339, 177, 'WE0723', 'WE0723', '3.5', 0.000000),
	(1340, 80, 'OPT0723', 'OPT0723', '3.5', 0.000000),
	(1341, 84, 'OPT0723', 'OPT0723', '3.5', 0.000000),
	(1342, 84, 'OPTK0723', 'OPTK0723', '3.5', 0.000000),
	(1343, 80, 'OPTK0723', 'OPTK0723', '3.5', 0.000000),
	(1344, 342, 'AX0723', 'AX0723', '3.5', 0.000000),
	(1345, 380, 'CRISTALES', 'CRISTALES', '1', 0.000000),
	(1346, 381, 'LC', 'LC', '1', 0.000000),
	(1347, 382, 'TRATAMIENTO', 'TRATAMIENTO', '1', 0.000000),
	(1348, 383, 'INSUMO', 'INSUMO', '1', 0.000000),
	(1349, 384, 'LIQUIDOS', 'LIQUIDOS', '1', 0.000000),
	(1350, 384, 'TEST', 'TEST', '1', 2500.000000),
	(1351, 384, 'TEST2', 'TEST2', '1', 2500.000000),
	(1352, 384, 'TEST3', 'TEST3', '1', 3500.000000);

-- Volcando estructura para tabla optdelsol_28.sucursal
CREATE TABLE IF NOT EXISTS `sucursal` (
  `idsucursal` int NOT NULL AUTO_INCREMENT,
  `nombre` varchar(45) DEFAULT NULL,
  `denominacion` varchar(50) DEFAULT NULL,
  `direccion` varchar(50) DEFAULT NULL,
  `telefono` varchar(50) DEFAULT NULL,
  PRIMARY KEY (`idsucursal`)
) ENGINE=InnoDB AUTO_INCREMENT=14 DEFAULT CHARSET=utf8mb4 COLLATE=utf8mb4_0900_ai_ci;

-- Volcando datos para la tabla optdelsol_28.sucursal: ~8 rows (aproximadamente)
DELETE FROM `sucursal`;
INSERT INTO `sucursal` (`idsucursal`, `nombre`, `denominacion`, `direccion`, `telefono`) VALUES
	(6, 'ALBERDI', NULL, NULL, NULL),
	(7, 'COLON', NULL, NULL, NULL),
	(8, 'BARRANQUERAS', NULL, NULL, NULL),
	(9, 'CORRIENTES', NULL, NULL, NULL),
	(10, 'RICHARD', NULL, NULL, NULL),
	(11, 'FONTANA', NULL, NULL, NULL),
	(12, 'PARANA', NULL, NULL, NULL),
	(13, 'DEPOSITO', NULL, NULL, NULL);

-- Volcando estructura para tabla optdelsol_28.tarjeta
CREATE TABLE IF NOT EXISTS `tarjeta` (
  `idtarjeta` int NOT NULL AUTO_INCREMENT,
  `nombre` varchar(50) DEFAULT NULL,
  PRIMARY KEY (`idtarjeta`)
) ENGINE=InnoDB AUTO_INCREMENT=3 DEFAULT CHARSET=utf8mb4 COLLATE=utf8mb4_0900_ai_ci;

-- Volcando datos para la tabla optdelsol_28.tarjeta: ~2 rows (aproximadamente)
DELETE FROM `tarjeta`;
INSERT INTO `tarjeta` (`idtarjeta`, `nombre`) VALUES
	(1, 'visa'),
	(2, 'naRANJA');

-- Volcando estructura para tabla optdelsol_28.tipo_permisos
CREATE TABLE IF NOT EXISTS `tipo_permisos` (
  `idtipo_permisos` int NOT NULL AUTO_INCREMENT,
  `nombre` varchar(45) DEFAULT NULL,
  PRIMARY KEY (`idtipo_permisos`)
) ENGINE=InnoDB DEFAULT CHARSET=utf8mb4 COLLATE=utf8mb4_0900_ai_ci;

-- Volcando datos para la tabla optdelsol_28.tipo_permisos: ~0 rows (aproximadamente)
DELETE FROM `tipo_permisos`;

-- Volcando estructura para tabla optdelsol_28.transferencia
CREATE TABLE IF NOT EXISTS `transferencia` (
  `idtransferencia` int NOT NULL AUTO_INCREMENT,
  `fk_destino` int DEFAULT NULL,
  `fk_origen` int DEFAULT NULL,
  `fk_caja` int DEFAULT NULL,
  `monto` decimal(20,6) NOT NULL DEFAULT '0.000000',
  `fecha` datetime NOT NULL DEFAULT CURRENT_TIMESTAMP,
  `comentarios` varchar(50) DEFAULT NULL,
  PRIMARY KEY (`idtransferencia`),
  KEY `fk_transferencia_destino` (`fk_destino`),
  KEY `fk_transferencia_origen` (`fk_origen`),
  KEY `fk_transferencia_caja` (`fk_caja`),
  CONSTRAINT `fk_transferencia_caja` FOREIGN KEY (`fk_caja`) REFERENCES `caja` (`idcaja`),
  CONSTRAINT `fk_transferencia_destino` FOREIGN KEY (`fk_destino`) REFERENCES `sucursal` (`idsucursal`),
  CONSTRAINT `fk_transferencia_origen` FOREIGN KEY (`fk_origen`) REFERENCES `sucursal` (`idsucursal`)
) ENGINE=InnoDB AUTO_INCREMENT=13 DEFAULT CHARSET=utf8mb4 COLLATE=utf8mb4_0900_ai_ci;

-- Volcando datos para la tabla optdelsol_28.transferencia: ~12 rows (aproximadamente)
DELETE FROM `transferencia`;
INSERT INTO `transferencia` (`idtransferencia`, `fk_destino`, `fk_origen`, `fk_caja`, `monto`, `fecha`, `comentarios`) VALUES
	(1, 10, 13, 1, 1000.000000, '2023-08-28 17:36:43', 'lalala'),
	(2, 13, 10, 1, 1000.000000, '2023-08-28 17:36:43', 'lalala'),
	(3, 8, 13, 1, 5000.000000, '2023-08-28 19:49:22', '5000'),
	(4, 7, 13, 1, 6000.000000, '2023-08-28 19:52:27', 'pkikklk'),
	(5, 13, 13, 1, 5000.000000, '2023-08-28 19:59:02', 'dffgsgf'),
	(6, 11, 13, 1, 2000.000000, '2023-08-28 20:03:43', 'adsfasfd'),
	(7, 13, 13, 1, 2000.000000, '2023-08-28 20:07:44', 'adsfasfd'),
	(8, 13, 13, 1, 2000.000000, '2023-08-28 20:13:04', 'adsfasfd'),
	(9, 13, 13, 1, 2000.000000, '2023-08-28 20:13:11', 'adsfasfd'),
	(10, 13, 13, 1, 2000.000000, '2023-08-28 20:13:16', 'adsfasfd'),
	(11, 13, 13, 1, 2000.000000, '2023-08-28 20:13:24', 'adsfasfd'),
	(12, 13, 13, 1, 2000.000000, '2023-08-28 20:13:34', 'adsfasfd');

-- Volcando estructura para tabla optdelsol_28.usuario
CREATE TABLE IF NOT EXISTS `usuario` (
  `idusuario` int NOT NULL AUTO_INCREMENT,
  `nombre` varchar(45) DEFAULT NULL,
  `password` varchar(45) DEFAULT NULL,
  `logged` tinyint DEFAULT '0',
  `token` varchar(250) DEFAULT NULL,
  `ventas` tinyint DEFAULT '0',
  `caja1` tinyint DEFAULT '0',
  `deposito_min` tinyint DEFAULT '0',
  `deposito` tinyint DEFAULT '0',
  `caja2` tinyint DEFAULT '0',
  `admin1` tinyint DEFAULT '0',
  `admin2` tinyint DEFAULT '0',
  `laboratorio` tinyint DEFAULT '0',
  `permisos` varchar(12) DEFAULT NULL,
  PRIMARY KEY (`idusuario`)
) ENGINE=InnoDB AUTO_INCREMENT=7 DEFAULT CHARSET=utf8mb4 COLLATE=utf8mb4_0900_ai_ci;

-- Volcando datos para la tabla optdelsol_28.usuario: ~4 rows (aproximadamente)
DELETE FROM `usuario`;
INSERT INTO `usuario` (`idusuario`, `nombre`, `password`, `logged`, `token`, `ventas`, `caja1`, `deposito_min`, `deposito`, `caja2`, `admin1`, `admin2`, `laboratorio`, `permisos`) VALUES
	(1, 'deposito', 'deposito', 1, 'eyJhbGciOiJIUzI1NiIsInR5cCI6IkpXVCJ9.eyJ1c2VybmFtZSI6ImRlcG9zaXRvIiwiaWF0IjoxNjkzNDI3NTA5LCJleHAiOjE2OTM0MzExMDl9.ykWOKPBhNnYUseCz2tJmtL0KyRvxMM_GYTmh6Dv4zEo', 1, 1, 1, 1, 1, 0, 0, 1, NULL),
	(4, 'caja', 'caja', 1, 'eyJhbGciOiJIUzI1NiIsInR5cCI6IkpXVCJ9.eyJ1c2VybmFtZSI6ImNhamEiLCJpYXQiOjE2OTMzNDU0MTIsImV4cCI6MTY5MzM0OTAxMn0.e2thlCEtoUc7HbDRDfve6yM6MyyQxSLYUvWx5LE4EYs', 0, 1, 0, 0, 0, 0, 0, 0, NULL),
	(5, 'ventas', 'ventas', 1, 'eyJhbGciOiJIUzI1NiIsInR5cCI6IkpXVCJ9.eyJ1c2VybmFtZSI6InZlbnRhcyIsImlhdCI6MTY5MzM0MjYxMiwiZXhwIjoxNjkzMzQ2MjEyfQ.TZa6PZcTwr3JTiLGqRW3roscs19E7xYNcV7VPPbOJlQ', 1, 0, 0, 0, 0, 0, 0, 0, NULL),
	(6, 'laboratorio', 'laboratorio', 1, 'eyJhbGciOiJIUzI1NiIsInR5cCI6IkpXVCJ9.eyJ1c2VybmFtZSI6ImxhYm9yYXRvcmlvIiwiaWF0IjoxNjkyNDAxMDU2LCJleHAiOjE2OTI0MDQ2NTZ9.8k9oFATjkuw4mnIiUV76yDjIGDaznf8k3b6SmsczHy8', 0, 0, 0, 0, 0, 0, 0, 1, NULL);

-- Volcando estructura para tabla optdelsol_28.usuario_has_tipo_permisos
CREATE TABLE IF NOT EXISTS `usuario_has_tipo_permisos` (
  `usuario_idusuario` int NOT NULL,
  `tipo_permisos_idtipo_permisos` int NOT NULL,
  PRIMARY KEY (`usuario_idusuario`,`tipo_permisos_idtipo_permisos`),
  KEY `fk_usuario_has_tipo_permisos_tipo_permisos1_idx` (`tipo_permisos_idtipo_permisos`),
  KEY `fk_usuario_has_tipo_permisos_usuario1_idx` (`usuario_idusuario`),
  CONSTRAINT `fk_usuario_has_tipo_permisos_tipo_permisos1` FOREIGN KEY (`tipo_permisos_idtipo_permisos`) REFERENCES `tipo_permisos` (`idtipo_permisos`),
  CONSTRAINT `fk_usuario_has_tipo_permisos_usuario1` FOREIGN KEY (`usuario_idusuario`) REFERENCES `usuario` (`idusuario`)
) ENGINE=InnoDB DEFAULT CHARSET=utf8mb4 COLLATE=utf8mb4_0900_ai_ci;

-- Volcando datos para la tabla optdelsol_28.usuario_has_tipo_permisos: ~0 rows (aproximadamente)
DELETE FROM `usuario_has_tipo_permisos`;

-- Volcando estructura para tabla optdelsol_28.venta
CREATE TABLE IF NOT EXISTS `venta` (
  `idventa` int NOT NULL AUTO_INCREMENT,
  `cliente_idcliente` int NOT NULL,
  `sucursal_idsucursal` int NOT NULL,
  `caja_idcaja` int NOT NULL,
  `usuario_idusuario` int NOT NULL,
  `medico_idmedico` int DEFAULT NULL,
  `monto_total` varchar(45) DEFAULT NULL,
  `descuento` varchar(45) DEFAULT NULL,
  `debe` varchar(45) DEFAULT NULL,
  `haber` varchar(45) DEFAULT NULL,
  `saldo` varchar(45) DEFAULT NULL,
  `fecha` datetime DEFAULT CURRENT_TIMESTAMP,
  `fecha_alta` datetime DEFAULT CURRENT_TIMESTAMP,
  `fk_os` int DEFAULT NULL,
  `fecha_retiro` datetime DEFAULT CURRENT_TIMESTAMP,
  `fk_destinatario` int DEFAULT NULL,
  `subtotal` decimal(20,6) DEFAULT NULL,
  `comentarios` varchar(50) DEFAULT NULL,
  `tipo` varchar(50) DEFAULT NULL,
  `estado` varchar(50) CHARACTER SET utf8mb4 COLLATE utf8mb4_0900_ai_ci DEFAULT 'INGRESADO',
  `hora_retiro` varchar(50) DEFAULT NULL,
  `en_laboratorio` int DEFAULT '0',
  PRIMARY KEY (`idventa`),
  KEY `fk_venta_cliente_idx` (`cliente_idcliente`),
  KEY `fk_venta_sucursal1_idx` (`sucursal_idsucursal`),
  KEY `fk_venta_caja1_idx` (`caja_idcaja`),
  KEY `fk_venta_usuario1_idx` (`usuario_idusuario`),
  KEY `fk_venta_medico1_idx` (`medico_idmedico`),
  CONSTRAINT `fk_venta_caja1` FOREIGN KEY (`caja_idcaja`) REFERENCES `caja` (`idcaja`),
  CONSTRAINT `fk_venta_cliente` FOREIGN KEY (`cliente_idcliente`) REFERENCES `cliente` (`idcliente`),
  CONSTRAINT `fk_venta_medico1` FOREIGN KEY (`medico_idmedico`) REFERENCES `medico` (`idmedico`),
  CONSTRAINT `fk_venta_sucursal1` FOREIGN KEY (`sucursal_idsucursal`) REFERENCES `sucursal` (`idsucursal`),
  CONSTRAINT `fk_venta_usuario1` FOREIGN KEY (`usuario_idusuario`) REFERENCES `usuario` (`idusuario`)
) ENGINE=InnoDB AUTO_INCREMENT=9 DEFAULT CHARSET=utf8mb4 COLLATE=utf8mb4_0900_ai_ci;

-- Volcando datos para la tabla optdelsol_28.venta: ~8 rows (aproximadamente)
DELETE FROM `venta`;
INSERT INTO `venta` (`idventa`, `cliente_idcliente`, `sucursal_idsucursal`, `caja_idcaja`, `usuario_idusuario`, `medico_idmedico`, `monto_total`, `descuento`, `debe`, `haber`, `saldo`, `fecha`, `fecha_alta`, `fk_os`, `fecha_retiro`, `fk_destinatario`, `subtotal`, `comentarios`, `tipo`, `estado`, `hora_retiro`, `en_laboratorio`) VALUES
	(1, 1, 13, 1, 5, NULL, '9500', '0', '9500', NULL, '4500', '2023-08-18 20:17:59', '2023-08-18 20:17:59', NULL, '2023-07-18 03:00:00', NULL, 9500.000000, '', '1', 'PENDIENTE', 'null', 1),
	(2, 1, 13, 1, 5, NULL, '9500', '0', '9500', NULL, '0', '2023-08-22 18:09:31', '2023-08-22 18:09:31', NULL, '2023-08-24 03:00:00', NULL, 9500.000000, '', '5', 'ENTREGADO', '18:07', 0),
	(3, 1, 13, 1, 5, NULL, '9500', '0', '9500', NULL, '9500', '2023-08-22 18:15:37', '2023-08-22 18:15:37', NULL, '2023-08-24 03:00:00', NULL, 9500.000000, '', '5', 'INGRESADO', '18:07', 0),
	(4, 2, 13, 1, 5, NULL, '9500', '0', '9500', NULL, '9500', '2023-08-22 18:25:33', '2023-08-22 18:25:33', NULL, '2023-08-24 03:00:00', NULL, 9500.000000, '', '4', 'INGRESADO', '18:25', 0),
	(5, 1, 13, 1, 5, NULL, '9500', '0', '9500', NULL, '0', '2023-08-22 18:28:02', '2023-08-22 18:28:02', NULL, '2023-07-22 03:00:00', NULL, 9500.000000, '', '1', 'ENTREGADO', 'null', 0),
	(6, 1, 13, 1, 5, NULL, '20000', '0', '20000', NULL, '20000', '2023-08-29 18:09:55', '2023-08-29 18:09:55', NULL, '2023-08-31 03:00:00', NULL, 20000.000000, 'ASASSAFSAFDASF', '6', 'INGRESADO', '18:09', 0),
	(7, 1, 13, 1, 5, NULL, '22000', '0', '22000', NULL, '22000', '2023-08-29 18:18:12', '2023-08-29 18:18:12', NULL, '2023-08-31 03:00:00', NULL, 22000.000000, 'ADFASDF', '6', 'INGRESADO', '18:18', 0),
	(8, 1, 13, 1, 5, 26, '45000', '2500', '45000', NULL, '45000', '2023-08-29 19:34:18', '2023-08-29 19:34:18', 2, '2023-07-29 03:00:00', NULL, 47500.000000, 'SDSFS', '1', 'INGRESADO', 'null', 0);

-- Volcando estructura para tabla optdelsol_28.venta_has_modo_pago
CREATE TABLE IF NOT EXISTS `venta_has_modo_pago` (
  `id_modopago` int NOT NULL AUTO_INCREMENT,
  `venta_idventa` int NOT NULL,
  `modo_pago_idmodo_pago` int DEFAULT NULL,
  `banco_idbanco` int DEFAULT NULL,
  `mutual_idmutual` int DEFAULT NULL,
  `fk_tarjeta` int DEFAULT NULL,
  `modo_pago` varchar(16) CHARACTER SET utf8mb4 COLLATE utf8mb4_0900_ai_ci DEFAULT NULL,
  `monto` decimal(20,6) DEFAULT '0.000000',
  `monto_int` decimal(20,6) DEFAULT '0.000000',
  `cant_cuotas` int DEFAULT '0',
  `monto_cuota` decimal(20,6) DEFAULT '0.000000',
  PRIMARY KEY (`id_modopago`),
  KEY `fk_venta_has_modo_pago_venta1_idx` (`venta_idventa`),
  KEY `fk_venta_has_modo_pago_banco1_idx` (`banco_idbanco`),
  KEY `fk_venta_has_modo_pago_mutual1_idx` (`mutual_idmutual`),
  KEY `fk_venta_has_modo_pago_tarjeta1` (`fk_tarjeta`),
  CONSTRAINT `fk_venta_has_modo_pago_banco1` FOREIGN KEY (`banco_idbanco`) REFERENCES `banco` (`idbanco`),
  CONSTRAINT `fk_venta_has_modo_pago_mutual1` FOREIGN KEY (`mutual_idmutual`) REFERENCES `mutual` (`idmutual`),
  CONSTRAINT `fk_venta_has_modo_pago_tarjeta1` FOREIGN KEY (`fk_tarjeta`) REFERENCES `tarjeta` (`idtarjeta`),
  CONSTRAINT `fk_venta_has_modo_pago_venta1` FOREIGN KEY (`venta_idventa`) REFERENCES `venta` (`idventa`)
) ENGINE=InnoDB AUTO_INCREMENT=26 DEFAULT CHARSET=utf8mb4 COLLATE=utf8mb4_0900_ai_ci;

-- Volcando datos para la tabla optdelsol_28.venta_has_modo_pago: ~10 rows (aproximadamente)
DELETE FROM `venta_has_modo_pago`;
INSERT INTO `venta_has_modo_pago` (`id_modopago`, `venta_idventa`, `modo_pago_idmodo_pago`, `banco_idbanco`, `mutual_idmutual`, `fk_tarjeta`, `modo_pago`, `monto`, `monto_int`, `cant_cuotas`, `monto_cuota`) VALUES
	(16, 7, 1, NULL, NULL, NULL, 'efectivo', 1100.000000, 0.000000, 0, 0.000000),
	(17, 7, 2, NULL, NULL, 1, 'tarjeta', 1000.000000, 0.000000, 0, 0.000000),
	(18, 7, 3, NULL, NULL, NULL, 'ctacte', 1000.000000, 0.000000, 10, 100.000000),
	(19, 7, 4, 22, NULL, NULL, 'cheque', 1000.000000, 0.000000, 0, 0.000000),
	(20, 7, 5, NULL, NULL, NULL, 'mutual', 100.000000, 0.000000, 0, 0.000000),
	(21, 8, 1, NULL, NULL, NULL, 'efectivo', 2500.000000, 0.000000, 0, 0.000000),
	(22, 8, 2, NULL, NULL, 2, 'tarjeta', 2500.000000, 0.000000, 0, 0.000000),
	(23, 8, 3, NULL, NULL, NULL, 'ctacte', 2500.000000, 0.000000, 25, 2500.000000),
	(24, 8, 4, 22, NULL, NULL, 'cheque', 2500.000000, 0.000000, 0, 0.000000),
	(25, 8, 5, NULL, NULL, NULL, 'mutual', 2500.000000, 0.000000, 0, 0.000000);

-- Volcando estructura para tabla optdelsol_28.venta_has_stock
CREATE TABLE IF NOT EXISTS `venta_has_stock` (
  `idventaitem` int NOT NULL AUTO_INCREMENT,
  `venta_idventa` int NOT NULL,
  `stock_sucursal_idsucursal` int NOT NULL,
  `stock_codigo_idcodigo` int NOT NULL,
  `cantidad` int DEFAULT '0',
  `tipo` varchar(50) DEFAULT NULL,
  `esf` varchar(50) DEFAULT NULL,
  `cil` varchar(50) DEFAULT NULL,
  `eje` varchar(50) DEFAULT NULL,
  `precio` decimal(20,6) DEFAULT '0.000000',
  `total` decimal(20,6) DEFAULT '0.000000',
  `orden` int DEFAULT '0',
  `descontable` int DEFAULT '1',
  PRIMARY KEY (`idventaitem`),
  KEY `fk_venta_has_stock_stock1_idx` (`stock_sucursal_idsucursal`,`stock_codigo_idcodigo`),
  KEY `fk_venta_has_stock_venta1_idx` (`venta_idventa`),
  CONSTRAINT `fk_venta_has_stock_stock1` FOREIGN KEY (`stock_sucursal_idsucursal`, `stock_codigo_idcodigo`) REFERENCES `stock` (`sucursal_idsucursal`, `codigo_idcodigo`),
  CONSTRAINT `fk_venta_has_stock_venta1` FOREIGN KEY (`venta_idventa`) REFERENCES `venta` (`idventa`)
) ENGINE=InnoDB AUTO_INCREMENT=13 DEFAULT CHARSET=utf8mb4 COLLATE=utf8mb4_0900_ai_ci;

-- Volcando datos para la tabla optdelsol_28.venta_has_stock: ~12 rows (aproximadamente)
DELETE FROM `venta_has_stock`;
INSERT INTO `venta_has_stock` (`idventaitem`, `venta_idventa`, `stock_sucursal_idsucursal`, `stock_codigo_idcodigo`, `cantidad`, `tipo`, `esf`, `cil`, `eje`, `precio`, `total`, `orden`, `descontable`) VALUES
	(1, 1, 13, 130, 1, 'vdir', '0', '0', '0', 9500.000000, 9500.000000, 0, 1),
	(2, 2, 13, 130, 1, 'armazon', '0', '0', '0', 9500.000000, 9500.000000, 2, 1),
	(3, 3, 13, 130, 1, 'armazon', '0', '0', '0', 9500.000000, 9500.000000, 2, 1),
	(4, 4, 13, 130, 1, 'lejos_armazon', '0', '0', '0', 9500.000000, 9500.000000, 2, 1),
	(5, 5, 13, 130, 1, 'vdir', '0', '0', '0', 9500.000000, 9500.000000, 0, 1),
	(6, 6, 13, 2409, 1, 'oi', '0', '0', '0', 10000.000000, 10000.000000, 0, 1),
	(7, 6, 13, 2408, 1, 'od', '0', '0', '0', 10000.000000, 10000.000000, 1, 1),
	(8, 7, 13, 2409, 1, 'oi', '0', '0', '0', 10000.000000, 10000.000000, 0, 1),
	(9, 7, 13, 2408, 1, 'od', '0', '0', '0', 10000.000000, 10000.000000, 1, 1),
	(10, 7, 13, 2430, 1, 'insumo', '0', '0', '0', 2000.000000, 2000.000000, 2, 1),
	(11, 8, 13, 130, 2, 'vdir', '0', '0', '0', 9500.000000, 19000.000000, 0, 1),
	(12, 8, 13, 131, 3, 'vdir', '0', '0', '0', 9500.000000, 28500.000000, 0, 1);

/*!40103 SET TIME_ZONE=IFNULL(@OLD_TIME_ZONE, 'system') */;
/*!40101 SET SQL_MODE=IFNULL(@OLD_SQL_MODE, '') */;
/*!40014 SET FOREIGN_KEY_CHECKS=IFNULL(@OLD_FOREIGN_KEY_CHECKS, 1) */;
/*!40101 SET CHARACTER_SET_CLIENT=@OLD_CHARACTER_SET_CLIENT */;
/*!40111 SET SQL_NOTES=IFNULL(@OLD_SQL_NOTES, 1) */;
