-- --------------------------------------------------------
-- Host:                         127.0.0.1
-- Versión del servidor:         8.0.32 - MySQL Community Server - GPL
-- SO del servidor:              Win64
-- HeidiSQL Versión:             12.4.0.6659
-- --------------------------------------------------------

/*!40101 SET @OLD_CHARACTER_SET_CLIENT=@@CHARACTER_SET_CLIENT */;
/*!40101 SET NAMES utf8 */;
/*!50503 SET NAMES utf8mb4 */;
/*!40103 SET @OLD_TIME_ZONE=@@TIME_ZONE */;
/*!40103 SET TIME_ZONE='+00:00' */;
/*!40014 SET @OLD_FOREIGN_KEY_CHECKS=@@FOREIGN_KEY_CHECKS, FOREIGN_KEY_CHECKS=0 */;
/*!40101 SET @OLD_SQL_MODE=@@SQL_MODE, SQL_MODE='NO_AUTO_VALUE_ON_ZERO' */;
/*!40111 SET @OLD_SQL_NOTES=@@SQL_NOTES, SQL_NOTES=0 */;


-- Volcando estructura de base de datos para optdelsol_23
CREATE DATABASE IF NOT EXISTS `optdelsol_23` /*!40100 DEFAULT CHARACTER SET utf8mb4 COLLATE utf8mb4_0900_ai_ci */ /*!80016 DEFAULT ENCRYPTION='N' */;
USE `optdelsol_23`;

-- Volcando estructura para tabla optdelsol_23.baja_desperfecto
CREATE TABLE IF NOT EXISTS `baja_desperfecto` (
  `idbaja_desperfecto` int NOT NULL AUTO_INCREMENT,
  `fkcodigo` int NOT NULL,
  `fksucursal` int NOT NULL,
  `fkusuario` int NOT NULL,
  `cantidad` int NOT NULL,
  `comentarios` varchar(255) DEFAULT NULL,
  `fecha` timestamp NULL DEFAULT CURRENT_TIMESTAMP,
  PRIMARY KEY (`idbaja_desperfecto`),
  KEY `fk_baja_codigo` (`fkcodigo`),
  KEY `fk_baja_sucursal` (`fksucursal`),
  KEY `fk_baja_usuario` (`fkusuario`),
  CONSTRAINT `fk_baja_codigo` FOREIGN KEY (`fkcodigo`) REFERENCES `codigo` (`idcodigo`),
  CONSTRAINT `fk_baja_sucursal` FOREIGN KEY (`fksucursal`) REFERENCES `sucursal` (`idsucursal`),
  CONSTRAINT `fk_baja_usuario` FOREIGN KEY (`fkusuario`) REFERENCES `usuario` (`idusuario`)
) ENGINE=InnoDB AUTO_INCREMENT=7 DEFAULT CHARSET=utf8mb4 COLLATE=utf8mb4_0900_ai_ci;

-- Volcando datos para la tabla optdelsol_23.baja_desperfecto: ~5 rows (aproximadamente)
DELETE FROM `baja_desperfecto`;
INSERT INTO `baja_desperfecto` (`idbaja_desperfecto`, `fkcodigo`, `fksucursal`, `fkusuario`, `cantidad`, `comentarios`, `fecha`) VALUES
	(1, 1, 1, 2, 0, 'test', '2023-05-24 21:02:11'),
	(2, 1, 1, 1, 200, 'ALALALLALALAL', '2023-05-24 23:01:41'),
	(3, 96, 1, 1, 10, 'LALLA', '2023-05-26 20:43:53'),
	(4, 96, 1, 1, 10, '10100', '2023-05-26 21:07:44'),
	(5, 96, 1, 1, 10, '000', '2023-05-26 22:54:54'),
	(6, 1, 1, 1, 50, 'BAJA', '2023-06-01 23:12:54');

-- Volcando estructura para tabla optdelsol_23.banco
CREATE TABLE IF NOT EXISTS `banco` (
  `idbanco` int NOT NULL AUTO_INCREMENT,
  `nombre` varchar(45) DEFAULT NULL,
  PRIMARY KEY (`idbanco`)
) ENGINE=InnoDB AUTO_INCREMENT=22 DEFAULT CHARSET=utf8mb4 COLLATE=utf8mb4_0900_ai_ci;

-- Volcando datos para la tabla optdelsol_23.banco: ~7 rows (aproximadamente)
DELETE FROM `banco`;
INSERT INTO `banco` (`idbanco`, `nombre`) VALUES
	(1, 'BANCO DEL CHACO'),
	(2, 'BANCO SANTANDER'),
	(3, 'BANCO ISBC'),
	(4, 'BANCO HSBC'),
	(5, 'BANCO PATAGONIA'),
	(6, 'BANCO CREDICOOP'),
	(21, 'BANK OF TOKYO');

-- Volcando estructura para tabla optdelsol_23.caja
CREATE TABLE IF NOT EXISTS `caja` (
  `idcaja` int NOT NULL AUTO_INCREMENT,
  `sucursal_idsucursal` int NOT NULL,
  `fecha` varchar(45) DEFAULT NULL,
  `monto_inicial` varchar(45) DEFAULT NULL,
  `estado` varchar(45) DEFAULT NULL,
  PRIMARY KEY (`idcaja`),
  KEY `fk_caja_sucursal1_idx` (`sucursal_idsucursal`),
  CONSTRAINT `fk_caja_sucursal1` FOREIGN KEY (`sucursal_idsucursal`) REFERENCES `sucursal` (`idsucursal`)
) ENGINE=InnoDB DEFAULT CHARSET=utf8mb4 COLLATE=utf8mb4_0900_ai_ci;

-- Volcando datos para la tabla optdelsol_23.caja: ~0 rows (aproximadamente)
DELETE FROM `caja`;

-- Volcando estructura para tabla optdelsol_23.carga_manual
CREATE TABLE IF NOT EXISTS `carga_manual` (
  `idcarga_manual` int NOT NULL AUTO_INCREMENT,
  `caja_idcaja` int NOT NULL,
  `usuario_idusuario` int NOT NULL,
  `cliente_idcliente` int NOT NULL,
  `sucursal_idsucursal` int NOT NULL,
  `monto` varchar(45) DEFAULT NULL,
  `fecha` datetime DEFAULT NULL,
  `fecha_alta` datetime DEFAULT CURRENT_TIMESTAMP,
  `concepto` varchar(45) DEFAULT NULL,
  PRIMARY KEY (`idcarga_manual`),
  KEY `fk_carga_manual_caja1_idx` (`caja_idcaja`),
  KEY `fk_carga_manual_usuario1_idx` (`usuario_idusuario`),
  KEY `fk_carga_manual_cliente1_idx` (`cliente_idcliente`),
  KEY `fk_carga_manual_sucursal1_idx` (`sucursal_idsucursal`),
  CONSTRAINT `fk_carga_manual_caja1` FOREIGN KEY (`caja_idcaja`) REFERENCES `caja` (`idcaja`),
  CONSTRAINT `fk_carga_manual_cliente1` FOREIGN KEY (`cliente_idcliente`) REFERENCES `cliente` (`idcliente`),
  CONSTRAINT `fk_carga_manual_sucursal1` FOREIGN KEY (`sucursal_idsucursal`) REFERENCES `sucursal` (`idsucursal`),
  CONSTRAINT `fk_carga_manual_usuario1` FOREIGN KEY (`usuario_idusuario`) REFERENCES `usuario` (`idusuario`)
) ENGINE=InnoDB DEFAULT CHARSET=utf8mb4 COLLATE=utf8mb4_0900_ai_ci;

-- Volcando datos para la tabla optdelsol_23.carga_manual: ~0 rows (aproximadamente)
DELETE FROM `carga_manual`;

-- Volcando estructura para tabla optdelsol_23.cliente
CREATE TABLE IF NOT EXISTS `cliente` (
  `idcliente` int NOT NULL AUTO_INCREMENT,
  `localidad_idlocalidad` int NOT NULL,
  `nombre` varchar(45) DEFAULT NULL,
  `apellido` varchar(45) DEFAULT NULL,
  `direccion` varchar(45) DEFAULT NULL,
  `dni` varchar(45) DEFAULT NULL,
  `telefono1` varchar(45) DEFAULT NULL,
  `telefono2` varchar(45) DEFAULT NULL,
  `bloqueado` int DEFAULT '0',
  PRIMARY KEY (`idcliente`),
  KEY `fk_cliente_localidad1_idx` (`localidad_idlocalidad`),
  CONSTRAINT `fk_cliente_localidad1` FOREIGN KEY (`localidad_idlocalidad`) REFERENCES `localidad` (`idlocalidad`)
) ENGINE=InnoDB DEFAULT CHARSET=utf8mb4 COLLATE=utf8mb4_0900_ai_ci;

-- Volcando datos para la tabla optdelsol_23.cliente: ~0 rows (aproximadamente)
DELETE FROM `cliente`;

-- Volcando estructura para tabla optdelsol_23.cobro
CREATE TABLE IF NOT EXISTS `cobro` (
  `idcobro` int NOT NULL AUTO_INCREMENT,
  `caja_idcaja` int NOT NULL,
  `usuario_idusuario` int NOT NULL,
  `cliente_idcliente` int NOT NULL,
  `venta_idventa` int DEFAULT NULL,
  `fecha_alta` datetime DEFAULT CURRENT_TIMESTAMP,
  `fecha` datetime DEFAULT NULL,
  `monto` varchar(45) DEFAULT NULL,
  `tipo` varchar(8) DEFAULT 'CIE_OP',
  PRIMARY KEY (`idcobro`),
  KEY `fk_cobro_caja1_idx` (`caja_idcaja`),
  KEY `fk_cobro_usuario1_idx` (`usuario_idusuario`),
  KEY `fk_cobro_cliente1_idx` (`cliente_idcliente`),
  KEY `fk_cobro_venta1_idx` (`venta_idventa`),
  CONSTRAINT `fk_cobro_caja1` FOREIGN KEY (`caja_idcaja`) REFERENCES `caja` (`idcaja`),
  CONSTRAINT `fk_cobro_cliente1` FOREIGN KEY (`cliente_idcliente`) REFERENCES `cliente` (`idcliente`),
  CONSTRAINT `fk_cobro_usuario1` FOREIGN KEY (`usuario_idusuario`) REFERENCES `usuario` (`idusuario`),
  CONSTRAINT `fk_cobro_venta1` FOREIGN KEY (`venta_idventa`) REFERENCES `venta` (`idventa`)
) ENGINE=InnoDB DEFAULT CHARSET=utf8mb4 COLLATE=utf8mb4_0900_ai_ci;

-- Volcando datos para la tabla optdelsol_23.cobro: ~0 rows (aproximadamente)
DELETE FROM `cobro`;

-- Volcando estructura para tabla optdelsol_23.cobro_has_modo_pago
CREATE TABLE IF NOT EXISTS `cobro_has_modo_pago` (
  `cobro_idcobro` int NOT NULL,
  `modo_pago_idmodo_pago` int NOT NULL,
  `banco_idbanco` int DEFAULT NULL,
  `mutual_idmutual` int DEFAULT NULL,
  `monto` varchar(45) DEFAULT NULL,
  `cant_cuotas` varchar(45) DEFAULT NULL,
  `monto_cuota` varchar(45) DEFAULT NULL,
  `total_int` varchar(45) DEFAULT NULL,
  PRIMARY KEY (`cobro_idcobro`,`modo_pago_idmodo_pago`),
  KEY `fk_cobro_has_modo_pago_modo_pago1_idx` (`modo_pago_idmodo_pago`),
  KEY `fk_cobro_has_modo_pago_cobro1_idx` (`cobro_idcobro`),
  KEY `fk_cobro_has_modo_pago_banco1_idx` (`banco_idbanco`),
  KEY `fk_cobro_has_modo_pago_mutual1_idx` (`mutual_idmutual`),
  CONSTRAINT `fk_cobro_has_modo_pago_banco1` FOREIGN KEY (`banco_idbanco`) REFERENCES `banco` (`idbanco`),
  CONSTRAINT `fk_cobro_has_modo_pago_cobro1` FOREIGN KEY (`cobro_idcobro`) REFERENCES `cobro` (`idcobro`),
  CONSTRAINT `fk_cobro_has_modo_pago_modo_pago1` FOREIGN KEY (`modo_pago_idmodo_pago`) REFERENCES `modo_pago` (`idmodo_pago`),
  CONSTRAINT `fk_cobro_has_modo_pago_mutual1` FOREIGN KEY (`mutual_idmutual`) REFERENCES `mutual` (`idmutual`)
) ENGINE=InnoDB DEFAULT CHARSET=utf8mb4 COLLATE=utf8mb4_0900_ai_ci;

-- Volcando datos para la tabla optdelsol_23.cobro_has_modo_pago: ~0 rows (aproximadamente)
DELETE FROM `cobro_has_modo_pago`;

-- Volcando estructura para tabla optdelsol_23.codigo
CREATE TABLE IF NOT EXISTS `codigo` (
  `idcodigo` int NOT NULL AUTO_INCREMENT,
  `subgrupo_idsubgrupo` int NOT NULL,
  `codigo_base` varchar(50) CHARACTER SET utf8mb4 COLLATE utf8mb4_0900_ai_ci DEFAULT NULL,
  `codigo` varchar(45) DEFAULT NULL,
  `descripcion` varchar(45) DEFAULT NULL,
  `costo` varchar(50) CHARACTER SET utf8mb4 COLLATE utf8mb4_0900_ai_ci DEFAULT '0',
  `activo` int DEFAULT '1',
  `genero` varchar(50) DEFAULT NULL,
  `edad` varchar(50) DEFAULT NULL,
  PRIMARY KEY (`idcodigo`),
  UNIQUE KEY `codigo` (`codigo`),
  KEY `fk_codigo_subgrupo1_idx` (`subgrupo_idsubgrupo`),
  CONSTRAINT `fk_codigo_subgrupo1` FOREIGN KEY (`subgrupo_idsubgrupo`) REFERENCES `subgrupo` (`idsubgrupo`)
) ENGINE=InnoDB AUTO_INCREMENT=111 DEFAULT CHARSET=utf8mb4 COLLATE=utf8mb4_0900_ai_ci;

-- Volcando datos para la tabla optdelsol_23.codigo: ~79 rows (aproximadamente)
DELETE FROM `codigo`;
INSERT INTO `codigo` (`idcodigo`, `subgrupo_idsubgrupo`, `codigo_base`, `codigo`, `descripcion`, `costo`, `activo`, `genero`, `edad`) VALUES
	(1, 1, NULL, 'COD01', 'CODIGO DE PRUEBA', '5000', 1, 'femenino', 'adulto'),
	(2, 1, NULL, 'COD02', 'CODIGO DE PRUEBA', '2000', 1, 'femenino', 'adulto'),
	(3, 1, NULL, 'COD03', 'CODIGO DE PRUEBA', '1', 1, 'femenino', 'adulto'),
	(4, 1, NULL, 'COD004', 'COD004', '0', 1, 'femenino', 'adulto'),
	(5, 1, NULL, 'COD005', 'COD005', '0', 1, 'masculino', 'adulto'),
	(6, 1, NULL, 'COD006', 'COD006', '0', 1, 'masculino', 'adulto'),
	(35, 1, NULL, 'A', '', '0', 1, 'femenino', 'adulto'),
	(36, 1, NULL, 'B', '', '3000', 1, 'masculino', 'adulto'),
	(37, 1, NULL, 'C', '', '500', 1, 'masculino', 'adulto'),
	(38, 1, NULL, 'D', '', '0', 1, 'masculino', 'adulto'),
	(39, 1, NULL, 'E', '', '0', 1, 'masculino', 'adulto'),
	(40, 4, NULL, 'S1', '', '0', 1, 'femenino', 'adulto'),
	(41, 4, NULL, 'S2', '', '5000', 1, 'masculino', 'adulto'),
	(42, 4, NULL, 'S3', '', '0', 1, 'femenino', 'niño'),
	(43, 4, NULL, 'S4', '', '0', 1, 'femenino', 'niño'),
	(44, 4, NULL, 'S5', '', '2500', 1, 'femenino', 'niño'),
	(45, 1, NULL, 's6', '', '0', 1, 'femenino', 'niño'),
	(46, 1, NULL, 's7', '', '0', 1, 'femenino', 'niño'),
	(47, 1, NULL, 's8', '', '0', 1, 'femenino', 'adulto'),
	(48, 1, NULL, 's9', '', '0', 1, 'femenino', 'adulto'),
	(49, 1, NULL, 's10', '', '0', 1, 'masculino', 'adulto'),
	(50, 4, NULL, 's11', '', '0', 1, 'masculino', 'adulto'),
	(51, 4, NULL, 's12', '', '0', 1, 'masculino', 'adulto'),
	(52, 4, NULL, 's13', '', '0', 1, 'masculino', 'adulto'),
	(53, 4, NULL, 's14', '', '0', 1, 'masculino', 'niño'),
	(54, 1, NULL, 'R1', '', '0', 1, 'masculino', 'adulto'),
	(55, 1, NULL, 'R2', '', '0', 1, 'masculino', 'adulto'),
	(56, 1, NULL, 'R3', '', '0', 1, 'masculino', 'adulto'),
	(57, 1, NULL, 'R4', '', '0', 1, 'masculino', 'adulto'),
	(58, 1, NULL, 'R5', '', '0', 1, 'masculino', 'adulto'),
	(59, 1, NULL, 'R6', '', '0', 1, 'masculino', 'adulto'),
	(60, 1, NULL, 'R7', '', '0', 1, 'masculino', 'adulto'),
	(61, 1, NULL, 'R8', '', '0', 1, 'masculino', 'adulto'),
	(62, 1, NULL, 'R9', '', '0', 1, 'femenino', 'adulto'),
	(63, 1, NULL, 'R10', '', '0', 1, 'femenino', 'adulto'),
	(64, 1, NULL, 'R11', '', '0', 1, 'femenino', 'adulto'),
	(65, 1, NULL, 'R12', '', '0', 1, 'femenino', 'adulto'),
	(66, 5, NULL, 'SH20', '', '0', 1, 'femenino', 'adulto'),
	(67, 5, NULL, 'SH21', '', '0', 1, 'masculino', 'adulto'),
	(68, 5, NULL, 'SH22', '', '0', 1, 'masculino', 'niño'),
	(69, 5, NULL, 'SH23', '', '0', 1, 'masculino', 'niño'),
	(70, 5, NULL, 'SH24', '', '0', 1, 'femenino', 'adulto'),
	(71, 5, NULL, 'SH25', '', '0', 1, 'masculino', 'niño'),
	(72, 2, NULL, 'COD012', 'COD012', '0', 1, 'masculino', 'niño'),
	(73, 2, NULL, 'jajajjaja', '', '0', 1, 'masculino', 'niño'),
	(74, 2, NULL, 'jajajjaja2', '', '0', 1, 'masculino', 'niño'),
	(75, 2, NULL, 'jajajjaja3', '', '0', 1, 'masculino', 'niño'),
	(76, 2, NULL, 'LALALAla22', '', '0', 1, 'masculino', 'adulto'),
	(77, 2, NULL, 'LALALAla224', '', '0', 1, 'masculino', 'adulto'),
	(78, 2, NULL, '323232', '', '0', 1, 'masculino', 'adulto'),
	(79, 2, NULL, '65656565', '', '0', 1, 'femenino', 'adulto'),
	(80, 2, NULL, 'LALALALALALALA', 'LALALALALALALALLALA', '0', 1, 'femenino', 'adulto'),
	(81, 14, NULL, 'PRUEBA_0001', '', '0', 1, 'femenino', 'adulto'),
	(82, 14, NULL, 'PRUEBA_0002', '', '0', 1, 'femenino', 'adulto'),
	(83, 14, NULL, 'PRUEBA_0003', '', '0', 1, 'femenino', 'adulto'),
	(84, 14, NULL, 'PRUEBA_0004', '', '0', 1, 'masculino', 'adulto'),
	(85, 14, NULL, 'PRUEBA_0005', '', '0', 1, 'masculino', 'adulto'),
	(86, 2, NULL, 'M1', 'some description', '0', 1, 'masculino', 'adulto'),
	(87, 2, NULL, 'M2', 'some description', '0', 1, 'masculino', 'adulto'),
	(88, 2, NULL, 'M3', 'some description', '0', 1, 'masculino', 'adulto'),
	(89, 15, NULL, 'N1', 'SOME DESCRIPTION', '0', 1, 'masculino', 'adulto'),
	(90, 2, NULL, 'o1', 'some description', '0', 1, 'masculino', 'adulto'),
	(91, 15, NULL, '02', 'some description', '0', 1, 'masculino', 'adulto'),
	(92, 2, NULL, 'n9', 'n9', '0', 1, 'masculino', 'adulto'),
	(93, 15, NULL, 'p1', 'p1', '0', 1, 'masculino', 'adulto'),
	(94, 15, NULL, 'p2', 'p2', '0', 1, 'masculino', 'adulto'),
	(95, 15, NULL, 'p3', 'p3', '0', 1, 'masculino', 'adulto'),
	(96, 14, NULL, 'COD26052023_A', 'COD26052023_A', '8500', 1, 'masculino', 'adulto'),
	(97, 2, NULL, 'CA25001', 'ARMAZON DE RECETA', '0', 1, 'femenino', 'adulto'),
	(98, 2, NULL, 'CA25004', 'CA25004', '0', 1, 'masculino', 'niño'),
	(99, 2, NULL, 'CA25005', 'CA25005', '0', 1, 'masculino', 'niño'),
	(101, 2, NULL, 'CA300001', 'A TESTING CODE', '0', 1, 'femenino', 'adulto'),
	(102, 2, NULL, 'CA35000', 'SOME DESCRIPTION', '2515', 1, 'femenino', 'adulto'),
	(104, 2, NULL, 'CA35001', 'SOME DESCRIPTION', '6500', 1, 'femenino', 'adulto'),
	(106, 2, NULL, 'COD26052023_B', 'SOME DESCRIPTION', '0.02', 1, 'femenino', 'adulto'),
	(107, 15, NULL, 'KKK', 'KKK', '600', 1, 'femenino', 'adulto'),
	(108, 2, NULL, 'ESP0001', 'ESP0001', '2500', 1, 'femenino', 'adulto'),
	(109, 2, NULL, 'ESP0002', 'ESP0002', '3500', 1, 'femenino', 'niño'),
	(110, 2, NULL, 'ESP0003', 'ESP0003', '3500', 1, 'unisex', 'joven');

-- Volcando estructura para tabla optdelsol_23.codigo_factura
CREATE TABLE IF NOT EXISTS `codigo_factura` (
  `idstock_factura` int NOT NULL AUTO_INCREMENT,
  `stock_sucursal_idsucursal` int DEFAULT NULL,
  `stock_codigo_idcodigo` int NOT NULL,
  `factura_idfactura` int NOT NULL,
  `cantidad` int DEFAULT '0',
  `costo` varchar(50) DEFAULT NULL,
  PRIMARY KEY (`idstock_factura`) USING BTREE,
  KEY `fk_stock_has_factura_factura1_idx` (`factura_idfactura`) USING BTREE,
  KEY `fk_stock_has_factura_stock1_idx` (`stock_sucursal_idsucursal`,`stock_codigo_idcodigo`) USING BTREE,
  CONSTRAINT `fk_stock_has_factura_factura1` FOREIGN KEY (`factura_idfactura`) REFERENCES `factura` (`idfactura`),
  CONSTRAINT `fk_stock_has_factura_stock1` FOREIGN KEY (`stock_sucursal_idsucursal`, `stock_codigo_idcodigo`) REFERENCES `stock` (`sucursal_idsucursal`, `codigo_idcodigo`)
) ENGINE=InnoDB AUTO_INCREMENT=20 DEFAULT CHARSET=utf8mb4 COLLATE=utf8mb4_0900_ai_ci;

-- Volcando datos para la tabla optdelsol_23.codigo_factura: ~19 rows (aproximadamente)
DELETE FROM `codigo_factura`;
INSERT INTO `codigo_factura` (`idstock_factura`, `stock_sucursal_idsucursal`, `stock_codigo_idcodigo`, `factura_idfactura`, `cantidad`, `costo`) VALUES
	(1, NULL, 92, 1, 29, '0'),
	(2, NULL, 93, 2, 1, '0'),
	(3, NULL, 94, 2, 1, '0'),
	(4, NULL, 95, 2, 1, '0'),
	(5, NULL, 96, 1, 33, '1'),
	(6, NULL, 97, 1, 200, '0'),
	(7, NULL, 98, 1, 200, '0'),
	(8, NULL, 99, 1, 200, '0'),
	(9, NULL, 1, 1, 500, '-1'),
	(10, NULL, 1, 1, 0, '2000'),
	(11, NULL, 1, 1, 3000, '5000'),
	(12, NULL, 1, 5, 1000, '-1'),
	(13, NULL, 107, 1, 5000, '600'),
	(14, NULL, 1, 1, 800, '0'),
	(15, NULL, 1, 1, 500, '0'),
	(16, NULL, 1, 1, 300, '0'),
	(17, NULL, 108, 1, 1000, '2500'),
	(18, NULL, 109, 1, 1000, '3500'),
	(19, NULL, 110, 1, 1000, '3500');

-- Volcando estructura para tabla optdelsol_23.concepto_gasto
CREATE TABLE IF NOT EXISTS `concepto_gasto` (
  `idconcepto_gasto` int NOT NULL AUTO_INCREMENT,
  `nombre` varchar(45) DEFAULT NULL,
  PRIMARY KEY (`idconcepto_gasto`)
) ENGINE=InnoDB AUTO_INCREMENT=3 DEFAULT CHARSET=utf8mb4 COLLATE=utf8mb4_0900_ai_ci;

-- Volcando datos para la tabla optdelsol_23.concepto_gasto: ~2 rows (aproximadamente)
DELETE FROM `concepto_gasto`;
INSERT INTO `concepto_gasto` (`idconcepto_gasto`, `nombre`) VALUES
	(1, 'test'),
	(2, 'test');

-- Volcando estructura para tabla optdelsol_23.envio
CREATE TABLE IF NOT EXISTS `envio` (
  `idenvio` int NOT NULL AUTO_INCREMENT,
  `sucursal_idsucursal` int NOT NULL,
  `usuario_idusuario` int NOT NULL,
  `cantidad_total` int DEFAULT '0',
  `fecha` datetime DEFAULT CURRENT_TIMESTAMP,
  PRIMARY KEY (`idenvio`),
  KEY `fk_envio_sucursal1_idx` (`sucursal_idsucursal`),
  KEY `fk_envio_usuario1_idx` (`usuario_idusuario`),
  CONSTRAINT `fk_envio_sucursal1` FOREIGN KEY (`sucursal_idsucursal`) REFERENCES `sucursal` (`idsucursal`),
  CONSTRAINT `fk_envio_usuario1` FOREIGN KEY (`usuario_idusuario`) REFERENCES `usuario` (`idusuario`)
) ENGINE=InnoDB AUTO_INCREMENT=75 DEFAULT CHARSET=utf8mb4 COLLATE=utf8mb4_0900_ai_ci;

-- Volcando datos para la tabla optdelsol_23.envio: ~74 rows (aproximadamente)
DELETE FROM `envio`;
INSERT INTO `envio` (`idenvio`, `sucursal_idsucursal`, `usuario_idusuario`, `cantidad_total`, `fecha`) VALUES
	(1, 1, 1, 0, '2023-04-06 19:01:46'),
	(2, 1, 1, 10, '2023-04-10 17:23:27'),
	(3, 1, 1, 10, '2023-04-10 17:23:40'),
	(4, 1, 1, 10, '2023-04-10 17:23:52'),
	(5, 1, 1, 10, '2023-04-10 17:24:26'),
	(6, 1, 1, 10, '2023-04-10 17:25:40'),
	(7, 1, 1, 10, '2023-04-10 17:26:35'),
	(8, 1, 1, 10, '2023-04-10 17:28:58'),
	(9, 1, 1, 10, '2023-04-10 17:29:48'),
	(10, 1, 1, 10, '2023-04-10 17:32:25'),
	(11, 1, 1, 10, '2023-04-10 17:35:35'),
	(12, 1, 1, 10, '2023-04-10 17:35:59'),
	(13, 1, 1, 10, '2023-04-10 17:36:56'),
	(14, 1, 1, 10, '2023-04-10 17:39:17'),
	(15, 1, 1, 10, '2023-04-10 17:44:12'),
	(16, 1, 1, 10, '2023-04-10 17:44:53'),
	(17, 1, 1, 10, '2023-04-11 20:20:49'),
	(18, 1, 1, 10, '2023-04-12 18:48:24'),
	(19, 1, 1, 10, '2023-04-12 18:49:07'),
	(20, 1, 1, 10, '2023-04-12 18:49:32'),
	(21, 1, 1, 10, '2023-04-12 18:50:03'),
	(22, 1, 1, 10, '2023-04-12 18:54:57'),
	(23, 1, 1, 10, '2023-04-12 18:57:28'),
	(24, 1, 1, 10, '2023-04-12 20:12:37'),
	(25, 1, 1, 10, '2023-04-18 20:07:16'),
	(26, 1, 1, 10, '2023-04-18 20:11:13'),
	(27, 1, 1, 10, '2023-04-18 20:12:31'),
	(28, 1, 1, 10, '2023-04-18 20:12:52'),
	(29, 1, 1, 10, '2023-04-18 20:14:53'),
	(30, 1, 1, 10, '2023-04-18 20:15:38'),
	(31, 1, 1, 10, '2023-04-18 20:18:17'),
	(32, 1, 1, 10, '2023-04-18 20:18:47'),
	(33, 1, 1, 10, '2023-04-18 20:20:54'),
	(34, 1, 1, 10, '2023-04-18 20:22:21'),
	(35, 1, 1, 10, '2023-04-18 20:24:43'),
	(36, 1, 1, 10, '2023-04-19 19:39:42'),
	(37, 1, 1, 10, '2023-04-19 19:49:39'),
	(38, 1, 1, 1, '2023-04-19 19:54:33'),
	(39, 1, 1, 1, '2023-04-19 19:57:22'),
	(40, 1, 1, 1, '2023-04-19 19:58:52'),
	(41, 1, 1, 1, '2023-04-19 20:02:15'),
	(42, 1, 1, 1, '2023-04-19 20:03:54'),
	(43, 1, 1, 1, '2023-04-19 20:07:23'),
	(44, 1, 1, 0, '2023-04-19 20:15:13'),
	(45, 1, 1, 0, '2023-04-19 20:17:56'),
	(46, 2, 1, NULL, '2023-04-19 20:27:47'),
	(47, 1, 1, 0, '2023-04-20 17:25:27'),
	(48, 1, 1, 3, '2023-04-20 17:49:55'),
	(49, 1, 1, 1, '2023-04-20 17:56:53'),
	(50, 1, 1, 5, '2023-04-20 17:59:05'),
	(51, 1, 1, 8, '2023-04-20 18:07:37'),
	(52, 2, 1, 9, '2023-04-20 20:14:49'),
	(53, 2, 1, 11, '2023-04-21 17:30:46'),
	(54, 1, 1, 17, '2023-04-21 17:45:15'),
	(55, 2, 1, 5, '2023-04-26 19:00:11'),
	(56, 1, 1, 9, '2023-05-05 20:18:06'),
	(57, 2, 1, 9, '2023-05-08 18:22:28'),
	(58, 1, 1, 7, '2023-05-08 18:32:12'),
	(59, 2, 1, 8, '2023-05-16 19:59:33'),
	(60, 1, 1, 4, '2023-05-16 20:01:37'),
	(61, 1, 1, 14, '2023-05-17 17:46:07'),
	(62, 1, 1, 40, '2023-05-17 17:49:50'),
	(63, 1, 1, 500, '2023-05-17 17:52:17'),
	(64, 2, 1, 15, '2023-05-23 20:10:37'),
	(65, 2, 1, 10, '2023-05-26 17:46:14'),
	(66, 1, 1, 1, '2023-05-26 17:53:49'),
	(67, 2, 1, 4, '2023-05-26 17:55:25'),
	(68, 2, 1, 10, '2023-05-26 17:56:24'),
	(69, 5, 1, 1, '2023-05-26 18:00:09'),
	(70, 4, 1, 10, '2023-05-26 18:04:55'),
	(71, 3, 1, 3, '2023-05-26 19:17:22'),
	(72, 2, 1, 4, '2023-05-29 20:23:34'),
	(73, 2, 1, 12, '2023-06-01 20:17:36'),
	(74, 2, 1, 11, '2023-06-05 17:17:46');

-- Volcando estructura para tabla optdelsol_23.envio_has_stock
CREATE TABLE IF NOT EXISTS `envio_has_stock` (
  `idenvio_has_stock` int NOT NULL AUTO_INCREMENT,
  `envio_idenvio` int DEFAULT '0',
  `codigo_idcodigo` int DEFAULT '0',
  `cantidad` int DEFAULT '0',
  PRIMARY KEY (`idenvio_has_stock`),
  KEY `_fk_envio_` (`envio_idenvio`),
  KEY `_fk_codigo_` (`codigo_idcodigo`),
  CONSTRAINT `_fk_codigo_` FOREIGN KEY (`codigo_idcodigo`) REFERENCES `codigo` (`idcodigo`),
  CONSTRAINT `_fk_envio_` FOREIGN KEY (`envio_idenvio`) REFERENCES `envio` (`idenvio`)
) ENGINE=InnoDB AUTO_INCREMENT=139 DEFAULT CHARSET=utf8mb4 COLLATE=utf8mb4_0900_ai_ci;

-- Volcando datos para la tabla optdelsol_23.envio_has_stock: ~115 rows (aproximadamente)
DELETE FROM `envio_has_stock`;
INSERT INTO `envio_has_stock` (`idenvio_has_stock`, `envio_idenvio`, `codigo_idcodigo`, `cantidad`) VALUES
	(5, 15, 1, 5),
	(6, 15, 2, 10),
	(7, 16, 1, 5),
	(8, 16, 2, 10),
	(9, 17, 1, 5),
	(10, 17, 2, 10),
	(11, 18, 1, 5),
	(12, 18, 2, 10),
	(13, 19, 1, 5),
	(14, 19, 2, 10),
	(15, 20, 1, 5),
	(16, 20, 2, 10),
	(17, 21, 1, 5),
	(18, 21, 2, 10),
	(19, 22, 1, 5),
	(20, 22, 2, 10),
	(21, 23, 1, 5),
	(22, 23, 2, 10),
	(23, 24, 1, 5),
	(24, 24, 2, 10),
	(25, 25, 1, 5),
	(26, 25, 2, 10),
	(27, 26, 1, 5),
	(28, 26, 2, 10),
	(29, 27, 1, 5),
	(30, 27, 2, 10),
	(31, 28, 1, 5),
	(32, 28, 2, 10),
	(33, 29, 1, 5),
	(34, 29, 2, 10),
	(35, 30, 1, 5),
	(36, 30, 2, 10),
	(37, 32, 1, 5),
	(38, 32, 2, 10),
	(39, 33, 1, 5),
	(40, 33, 2, 10),
	(41, 34, 1, 5),
	(42, 34, 2, 10),
	(43, 35, 1, 5),
	(44, 35, 2, 10),
	(45, 36, 1, 5),
	(46, 36, 2, 10),
	(47, 39, 1, 3),
	(48, 40, 1, 3),
	(49, 40, 2, 6),
	(50, 40, 3, 255),
	(51, 40, 4, 100),
	(52, 40, 5, 100),
	(53, 40, 6, 100),
	(54, 41, 1, 3),
	(55, 41, 2, 6),
	(56, 41, 3, 255),
	(57, 42, 1, 0),
	(58, 43, 4, 0),
	(59, 43, 5, 0),
	(60, 43, 6, 0),
	(61, 44, 1, 0),
	(62, 44, 2, 0),
	(63, 44, 3, 0),
	(64, 44, 4, 0),
	(65, 45, 1, 0),
	(66, 45, 2, 0),
	(67, 47, 1, 0),
	(68, 47, 2, 0),
	(69, 47, 3, 0),
	(70, 49, 1, 1),
	(71, 50, 1, 1),
	(72, 50, 2, 1),
	(73, 50, 3, 2),
	(74, 50, 4, 1),
	(75, 51, 1, 3),
	(76, 51, 2, 2),
	(77, 51, 3, 1),
	(78, 51, 4, 2),
	(79, 52, 1, 3),
	(80, 52, 2, 2),
	(81, 52, 3, 1),
	(82, 52, 4, 1),
	(83, 52, 5, 1),
	(84, 52, 6, 1),
	(85, 53, 1, 2),
	(86, 53, 2, 5),
	(87, 53, 3, 2),
	(88, 53, 4, 2),
	(89, 54, 1, 3),
	(90, 54, 2, 3),
	(91, 54, 3, 2),
	(92, 54, 4, 2),
	(93, 54, 5, 2),
	(94, 54, 6, 5),
	(95, 55, 1, 3),
	(96, 55, 2, 1),
	(97, 55, 3, 1),
	(98, 56, 1, 3),
	(99, 56, 2, 2),
	(100, 56, 3, 2),
	(101, 56, 4, 2),
	(102, 57, 1, 9),
	(103, 58, 1, 7),
	(104, 59, 1, 1),
	(105, 59, 2, 1),
	(106, 59, 3, 1),
	(107, 59, 4, 1),
	(108, 59, 54, 1),
	(109, 59, 55, 1),
	(110, 59, 56, 1),
	(111, 59, 57, 1),
	(112, 60, 1, 1),
	(113, 60, 2, 2),
	(114, 60, 4, 3),
	(115, 61, 1, 5),
	(116, 61, 2, 4),
	(117, 61, 3, 3),
	(118, 61, 4, 2),
	(119, 62, 1, 10),
	(120, 62, 2, 10),
	(121, 62, 3, 10),
	(122, 62, 4, 10),
	(123, 63, 1, 500),
	(124, 64, 1, 6),
	(125, 64, 2, 5),
	(126, 64, 3, 4),
	(127, 65, 96, 10),
	(128, 66, 2, 1),
	(129, 67, 2, 4),
	(130, 68, 96, 10),
	(131, 69, 2, 1),
	(132, 70, 96, 10),
	(133, 71, 96, 3),
	(134, 72, 102, 4),
	(135, 73, 89, 6),
	(136, 73, 92, 6),
	(137, 74, 1, 6),
	(138, 74, 2, 5);

-- Volcando estructura para tabla optdelsol_23.factura
CREATE TABLE IF NOT EXISTS `factura` (
  `idfactura` int NOT NULL AUTO_INCREMENT,
  `numero` varchar(45) CHARACTER SET utf8mb4 COLLATE utf8mb4_0900_ai_ci DEFAULT NULL,
  `proveedor_idproveedor` int NOT NULL,
  `cantidad` int NOT NULL DEFAULT '0',
  `monto` varchar(50) NOT NULL DEFAULT '0',
  `fecha` datetime DEFAULT CURRENT_TIMESTAMP,
  PRIMARY KEY (`idfactura`) USING BTREE,
  UNIQUE KEY `_prov_nro_factura` (`numero`,`proveedor_idproveedor`),
  KEY `fk_factura_proveedor1_idx` (`proveedor_idproveedor`) USING BTREE,
  CONSTRAINT `fk_factura_proveedor1` FOREIGN KEY (`proveedor_idproveedor`) REFERENCES `proveedor` (`idproveedor`)
) ENGINE=InnoDB AUTO_INCREMENT=13 DEFAULT CHARSET=utf8mb4 COLLATE=utf8mb4_0900_ai_ci;

-- Volcando datos para la tabla optdelsol_23.factura: ~11 rows (aproximadamente)
DELETE FROM `factura`;
INSERT INTO `factura` (`idfactura`, `numero`, `proveedor_idproveedor`, `cantidad`, `monto`, `fecha`) VALUES
	(1, '0-0000102', 1, 0, '0', '2023-05-11 19:20:28'),
	(2, '0-002', 1, 0, '0', '2023-05-11 19:20:30'),
	(3, '0-003', 1, 0, '0', '2023-05-11 19:20:31'),
	(4, '0-003', 2, 0, '0', '2023-05-11 19:20:32'),
	(5, '0-004', 3, 0, '0', '2023-05-11 19:20:34'),
	(7, '98001', 7, 50, '5000', '2023-05-11 19:20:35'),
	(8, 'lalalollallal', 1, 2000, '50000', '2023-05-11 20:24:09'),
	(9, 'a98988', 2, 20, '5000', '2023-05-15 19:37:38'),
	(10, 'ANOTHERFACTURATEST', 1, 1, '1', '2023-05-29 18:38:13'),
	(11, 'wwwwwwwwwwwwww', 1, 1000, '5', '2023-05-29 18:53:34'),
	(12, '1wwwwwwwwwwwww', 1, 1, '1', '2023-05-29 18:55:10');

-- Volcando estructura para tabla optdelsol_23.familia
CREATE TABLE IF NOT EXISTS `familia` (
  `idfamilia` int NOT NULL AUTO_INCREMENT,
  `nombre_corto` varchar(45) DEFAULT NULL,
  `nombre_largo` varchar(45) DEFAULT NULL,
  PRIMARY KEY (`idfamilia`),
  UNIQUE KEY `nombre_corto` (`nombre_corto`)
) ENGINE=InnoDB AUTO_INCREMENT=12 DEFAULT CHARSET=utf8mb4 COLLATE=utf8mb4_0900_ai_ci;

-- Volcando datos para la tabla optdelsol_23.familia: ~11 rows (aproximadamente)
DELETE FROM `familia`;
INSERT INTO `familia` (`idfamilia`, `nombre_corto`, `nombre_largo`) VALUES
	(1, 'A', 'B'),
	(2, 'ARMAZONES', 'ARMAZONES'),
	(3, 'LC', 'LENTES DE CONTACTO'),
	(4, 'liquidos', 'liquidos'),
	(5, 'ARMAZONES2', 'ARMAZONES2'),
	(6, 'PRUEBA', 'PRUEBA'),
	(7, 'ANOTHERFAMILY', 'ANOTHERFAMILY'),
	(8, 'ANOTHERFAMILYANOTHERFAMILY', 'ANOTHERFAMILYANOTHERFAMILY'),
	(9, 'ANOTHERFAMILYANOTHERFAMILYANOTHERFAMILY', 'ANOTHERFAMILYANOTHERFAMILYANOTHERFAMILY'),
	(10, 'INGRESENUMERO', 'INGRESENUMERO'),
	(11, '01062023', '01062023');

-- Volcando estructura para tabla optdelsol_23.gasto
CREATE TABLE IF NOT EXISTS `gasto` (
  `idgasto` int NOT NULL AUTO_INCREMENT,
  `caja_idcaja` int NOT NULL,
  `usuario_idusuario` int NOT NULL,
  `concepto_gasto_idconcepto_gasto` int NOT NULL,
  `fecha` datetime DEFAULT NULL,
  `fecha_alta` datetime DEFAULT CURRENT_TIMESTAMP,
  `monto` varchar(45) DEFAULT NULL,
  PRIMARY KEY (`idgasto`),
  KEY `fk_gasto_caja1_idx` (`caja_idcaja`),
  KEY `fk_gasto_usuario1_idx` (`usuario_idusuario`),
  KEY `fk_gasto_concepto_gasto1_idx` (`concepto_gasto_idconcepto_gasto`),
  CONSTRAINT `fk_gasto_caja1` FOREIGN KEY (`caja_idcaja`) REFERENCES `caja` (`idcaja`),
  CONSTRAINT `fk_gasto_concepto_gasto1` FOREIGN KEY (`concepto_gasto_idconcepto_gasto`) REFERENCES `concepto_gasto` (`idconcepto_gasto`),
  CONSTRAINT `fk_gasto_usuario1` FOREIGN KEY (`usuario_idusuario`) REFERENCES `usuario` (`idusuario`)
) ENGINE=InnoDB DEFAULT CHARSET=utf8mb4 COLLATE=utf8mb4_0900_ai_ci;

-- Volcando datos para la tabla optdelsol_23.gasto: ~0 rows (aproximadamente)
DELETE FROM `gasto`;

-- Volcando estructura para tabla optdelsol_23.grupo
CREATE TABLE IF NOT EXISTS `grupo` (
  `idgrupo` int NOT NULL AUTO_INCREMENT,
  `subfamilia_idsubfamilia` int NOT NULL,
  `nombre_corto` varchar(45) DEFAULT NULL,
  `nombre_largo` varchar(45) DEFAULT NULL,
  PRIMARY KEY (`idgrupo`),
  UNIQUE KEY `unique` (`subfamilia_idsubfamilia`,`nombre_corto`),
  KEY `fk_grupo_subfamilia1_idx` (`subfamilia_idsubfamilia`),
  CONSTRAINT `fk_grupo_subfamilia1` FOREIGN KEY (`subfamilia_idsubfamilia`) REFERENCES `subfamilia` (`idsubfamilia`)
) ENGINE=InnoDB AUTO_INCREMENT=11 DEFAULT CHARSET=utf8mb4 COLLATE=utf8mb4_0900_ai_ci;

-- Volcando datos para la tabla optdelsol_23.grupo: ~10 rows (aproximadamente)
DELETE FROM `grupo`;
INSERT INTO `grupo` (`idgrupo`, `subfamilia_idsubfamilia`, `nombre_corto`, `nombre_largo`) VALUES
	(1, 1, 'LAROSA', 'LAROSA'),
	(2, 1, 'CADES', 'CADES'),
	(3, 2, 'SHITTO', 'SHITTO'),
	(4, 3, 'OASYS', 'OASYS'),
	(5, 1, 'LAROSA2', 'LAROSA2'),
	(6, 5, 'GRUPO_PRUEBA', 'GRUPO_PRUEBA'),
	(7, 6, 'GRUPO_PRUEBA', 'GRUPO_PRUEBA'),
	(8, 7, 'ANOTHER', 'ANOTHER'),
	(9, 7, 'ANOTHER22', 'ANOTHER22'),
	(10, 8, '01062023', '01062023');

-- Volcando estructura para tabla optdelsol_23.localidad
CREATE TABLE IF NOT EXISTS `localidad` (
  `idlocalidad` int NOT NULL AUTO_INCREMENT,
  `nombre` varchar(45) DEFAULT NULL,
  PRIMARY KEY (`idlocalidad`)
) ENGINE=InnoDB DEFAULT CHARSET=utf8mb4 COLLATE=utf8mb4_0900_ai_ci;

-- Volcando datos para la tabla optdelsol_23.localidad: ~0 rows (aproximadamente)
DELETE FROM `localidad`;

-- Volcando estructura para tabla optdelsol_23.medico
CREATE TABLE IF NOT EXISTS `medico` (
  `idmedico` int NOT NULL AUTO_INCREMENT,
  `nombre` varchar(45) DEFAULT NULL,
  `matricula` varchar(45) DEFAULT NULL,
  PRIMARY KEY (`idmedico`),
  UNIQUE KEY `_matricula` (`matricula`)
) ENGINE=InnoDB AUTO_INCREMENT=26 DEFAULT CHARSET=utf8mb4 COLLATE=utf8mb4_0900_ai_ci;

-- Volcando datos para la tabla optdelsol_23.medico: ~18 rows (aproximadamente)
DELETE FROM `medico`;
INSERT INTO `medico` (`idmedico`, `nombre`, `matricula`) VALUES
	(1, 'test', '001'),
	(3, 'test', '002'),
	(4, 'test', '003'),
	(6, 'test', '004'),
	(8, 'test', NULL),
	(9, 'm1', 'm1'),
	(10, 'm2', 'm2'),
	(12, 'm3', 'm3'),
	(13, 'm4', 'm4'),
	(14, 'm6', 'm6'),
	(15, 'm7', 'm7'),
	(17, 'm8', 'm8'),
	(18, 'm9', 'm9'),
	(19, 'm10', 'm10'),
	(22, NULL, NULL),
	(23, 'test_10', 'test_10'),
	(24, 'test_11', 'test_11'),
	(25, 'test_14', 'test_14');

-- Volcando estructura para tabla optdelsol_23.modo_pago
CREATE TABLE IF NOT EXISTS `modo_pago` (
  `idmodo_pago` int NOT NULL AUTO_INCREMENT,
  `nombre` varchar(45) DEFAULT NULL,
  PRIMARY KEY (`idmodo_pago`)
) ENGINE=InnoDB DEFAULT CHARSET=utf8mb4 COLLATE=utf8mb4_0900_ai_ci;

-- Volcando datos para la tabla optdelsol_23.modo_pago: ~0 rows (aproximadamente)
DELETE FROM `modo_pago`;

-- Volcando estructura para tabla optdelsol_23.mutual
CREATE TABLE IF NOT EXISTS `mutual` (
  `idmutual` int NOT NULL AUTO_INCREMENT,
  `nombre` varchar(45) DEFAULT NULL,
  PRIMARY KEY (`idmutual`)
) ENGINE=InnoDB AUTO_INCREMENT=2 DEFAULT CHARSET=utf8mb4 COLLATE=utf8mb4_0900_ai_ci;

-- Volcando datos para la tabla optdelsol_23.mutual: ~0 rows (aproximadamente)
DELETE FROM `mutual`;
INSERT INTO `mutual` (`idmutual`, `nombre`) VALUES
	(1, 'test');

-- Volcando estructura para tabla optdelsol_23.old_codes
CREATE TABLE IF NOT EXISTS `old_codes` (
  `id` int NOT NULL AUTO_INCREMENT,
  `codigo` varchar(50) NOT NULL DEFAULT '0',
  `cantidad` varchar(50) NOT NULL DEFAULT '0',
  `precio` varchar(50) NOT NULL DEFAULT '0',
  `genero` varchar(50) NOT NULL DEFAULT '0',
  `marca` varchar(50) NOT NULL DEFAULT '0',
  `modelo` varchar(50) NOT NULL DEFAULT '0',
  `material` varchar(50) NOT NULL DEFAULT '0',
  `descripcion` varchar(255) CHARACTER SET utf8mb4 COLLATE utf8mb4_0900_ai_ci NOT NULL DEFAULT '0',
  `fecha_m` varchar(50) NOT NULL DEFAULT '0',
  `fkcodigo` varchar(50) CHARACTER SET utf8mb4 COLLATE utf8mb4_0900_ai_ci DEFAULT NULL,
  PRIMARY KEY (`id`)
) ENGINE=InnoDB AUTO_INCREMENT=1336 DEFAULT CHARSET=utf8mb4 COLLATE=utf8mb4_0900_ai_ci COMMENT='//generate from the csv file using the following regular expression:\r\n([0-9A-Z\\-\\/]{0,})(,)([0-9]+)(,)([0-9]*)(,)([A-Z]*)(,)([\\sA-Z\\-]*)(,)([\\sA-Z\\-0-9]*)(,)([A-Z\\-\\/\\s0-9]*)(,)([\\.A-Z\\-\\s\\/\\*\\/\\(\\)]*)(,)(\\d\\d\\/\\d\\d\\/\\d\\d\\d\\d\\s\\d\\d:\\d\\d)\r\n//replace with:\r\ninto old_codes \\(codigo,cantidad,precio,genero,marca,modelo,material,descripcion,fecha_m\\)values\\(''$1'',''$3'',''$5'',''$7'',''$9'',''$11'',''$13'',''$15'',''$17''\\);';

-- Volcando datos para la tabla optdelsol_23.old_codes: ~1,335 rows (aproximadamente)
DELETE FROM `old_codes`;
INSERT INTO `old_codes` (`id`, `codigo`, `cantidad`, `precio`, `genero`, `marca`, `modelo`, `material`, `descripcion`, `fecha_m`, `fkcodigo`) VALUES
	(1, '100702C5', '2', '22400', 'M', 'CADES', 'RECETA', 'METAL', 'RED ROSA VIEJO', '28/04/2023 09:32', NULL),
	(2, '100702C7', '2', '22400', 'M', 'CADES', 'RECETA', 'METAL', 'RED BORDO/DORADO', '28/04/2023 09:32', NULL),
	(3, '100704C1', '3', '22400', 'M', 'CADES', 'RECETA', 'METAL', 'RED NEGRO MATE -PAT DET DORADO', '28/04/2023 09:34', NULL),
	(4, '100704C4', '2', '22400', 'M', 'CADES', 'RECETA', 'METAL', 'RED MARRON/DORADO', '28/04/2023 09:34', NULL),
	(5, '100704C5', '2', '22400', 'M', 'CADES', 'RECETA', 'METAL', 'RED ROSA VIEJO', '28/04/2023 09:34', NULL),
	(6, '100704C7', '2', '22400', 'M', 'CADES', 'RECETA', 'METAL', 'RED BORDO/DORADO', '28/04/2023 09:35', NULL),
	(7, '100705C1', '2', '24400', 'M', 'CADES', 'RECETA', 'METAL', 'RED NEGRO MATE/DORADO', '28/04/2023 09:35', NULL),
	(8, '100705C2', '2', '24400', 'M', 'CADES', 'RECETA', 'METAL', 'RED NUDE/NAT/DORADO', '28/04/2023 09:35', NULL),
	(9, '100708C6', '2', '22400', 'M', 'CADES', 'RECETA', 'METAL', 'RED MORADO/PLATEADO', '28/04/2023 09:38', NULL),
	(10, '12-001C1', '21', '11900', 'N', 'CADES', 'RECETA ', 'CAREY', 'FUCSIA', '28/04/2023 09:39', NULL),
	(11, '12-001C2', '27', '11900', 'N', 'CADES', 'RECETA ', 'CAREY', 'VIOLETA', '28/04/2023 09:39', NULL),
	(12, '12-001C3', '41', '11900', 'N', 'CADES', 'RECETA ', 'CAREY', 'ROJO OSCURO', '28/04/2023 09:39', NULL),
	(13, '12-002C1', '42', '11900', 'N', 'CADES ', 'RECETA', 'CAREY', 'ROSA', '28/04/2023 09:39', NULL),
	(14, '12-002C2', '47', '11900', 'N', 'CADES', 'RECETA ', 'CAREY', 'ROJO OSCURO', '28/04/2023 09:40', NULL),
	(15, '12-002C3', '34', '11900', 'N', 'CADES ', 'RECETA', 'CAREY', 'AZUL', '28/04/2023 09:40', NULL),
	(16, '12-003C1', '45', '11900', 'N', 'CADES ', 'RECETA', 'CAREY', 'ROSA', '28/04/2023 09:40', NULL),
	(17, '12-003C2', '41', '11900', 'N', 'CADES ', 'RECETA', 'CAREY', 'VERDE MANZANA', '28/04/2023 09:40', NULL),
	(18, '12-003C3', '51', '11900', 'N', 'CADES ', 'RECETA', 'CAREY', 'VERDE MUSGO', '28/04/2023 09:41', NULL),
	(19, '12-004C1', '17', '21400', 'M', 'CADES', 'RECETA', 'CAREY', 'MARRON MOTEADO', '28/04/2023 09:42', NULL),
	(20, '12-004C2', '23', '21400', 'M', 'CADES', 'RECETA', 'CAREY', 'GRIS MOTEADO', '28/04/2023 09:43', NULL),
	(21, '12-004C3', '20', '21400', 'M', 'CADES', 'RECETA', 'CAREY', 'MARRON OSC MOTEADO', '28/04/2023 09:43', NULL),
	(22, '12-005C1', '30', '21400', 'M', 'CADES', 'RECETA', 'CAREY', 'VIOLETA MOTEADO', '28/04/2023 09:43', NULL),
	(23, '12-005C2', '37', '21400', 'M', 'CADES', 'RECETA', 'CAREY', 'GRIS MOTEADO', '28/04/2023 09:43', NULL),
	(24, '12-005C3', '33', '21400', 'M', 'CADES', 'RECETA', 'CAREY', 'BEIGE/NEGRO MOTEADO', '12/05/2023 17:38', NULL),
	(25, '12-006C1', '6', '21400', 'M', 'CADES', 'RECETA', 'CAREY', 'AZUL MOTEADO C/CUBIC', '12/05/2023 17:47', NULL),
	(26, '12-006C2', '16', '21400', 'M', 'CADES', 'RECETA', 'CAREY', 'VIOLETA MOTEADO C/CUBIC', '28/04/2023 09:44', NULL),
	(27, '12-006C3', '17', '21400', 'M', 'CADES', 'RECETA', 'CAREY', 'MARRON MOTEADO C/CUBIC', '28/04/2023 09:44', NULL),
	(28, '12-007C1', '19', '21400', 'M', 'CADES', 'RECETA', 'METAL', 'REPTIL NEGRO/PELTRE', '28/04/2023 09:44', NULL),
	(29, '12-007C2', '33', '21400', 'M', 'CADES', 'RECETA', 'METAL', 'REPTIL BORDO/PELTRE', '28/04/2023 09:44', NULL),
	(30, '12-007C3', '29', '21400', 'M', 'CADES', 'RECETA', 'METAL', 'REPTIL BEIGE/DORADO', '28/04/2023 09:45', NULL),
	(31, '12-009C1', '17', '21400', 'M', 'CADES', 'RECETA', 'CAREY', 'MARRON/NARANJA', '13/05/2023 11:41', NULL),
	(32, '12-011C1', '17', '11900', 'N', 'CADES', 'RECETA', 'CAREY', 'NEGRO C/ OSOS', '28/04/2023 09:50', NULL),
	(33, '12-011C2', '29', '11900', 'N', 'CADES', 'RECETA', 'CAREY', 'AZUL C/ OSOS', '28/04/2023 09:50', NULL),
	(34, '12-011C3', '29', '11900', 'N', 'CADES', 'RECETA', 'CAREY', 'ROJO OSCURO C/OSOS', '28/04/2023 09:50', NULL),
	(35, '18001C2', '1', '25300', 'U', 'SHITTO', 'RECETA', 'CAREY', 'NEGRO MATE', '27/04/2023 19:56', NULL),
	(36, '18006C1', '2', '25300', 'U', 'SHITTO', 'RECETA', 'CAREY', 'AZUL MATE', '27/04/2023 19:57', NULL),
	(37, '18006C2', '1', '25300', 'U', 'SHITTO', 'RECETA', 'CAREY', 'NEGRO MATE', '27/04/2023 19:57', NULL),
	(38, '18011C1', '3', '25300', 'U', 'SHITTO', 'RECETA', 'CAREY', 'AZUL MATE', '27/04/2023 19:58', NULL),
	(39, '18011C3', '2', '25300', 'U', 'SHITTO', 'RECETA', 'CAREY', 'NEGRO', '27/04/2023 19:58', NULL),
	(40, '1R1-NAKYMA-09C1', '2', '38200', 'H', 'NAKYMA', 'RECETA', 'METAL', 'NEGRO', '27/04/2023 11:55', NULL),
	(41, '1R1-NAKYMA-09C2', '2', '38200', 'H', 'NAKYMA', 'RECETA', 'METAL', 'PELTRE', '27/04/2023 11:55', NULL),
	(42, '1R1-NAKYMA-09C3', '2', '38200', 'H', 'NAKYMA', 'RECETA', 'METAL', 'AZUL/PLATEADO', '27/04/2023 11:55', NULL),
	(43, '1R1-NAKYMA-10C1', '2', '38200', 'H', 'NAKYMA', 'RECETA', 'METAL', 'NEGRO', '27/04/2023 11:56', NULL),
	(44, '1R1-NAKYMA-10C2', '2', '38200', 'H', 'NAKYMA', 'RECETA', 'METAL', 'PELTRE', '27/04/2023 11:56', NULL),
	(45, '1R1-NAKYMA-10C3', '1', '38200', 'H', 'NAKYMA', 'RECETA', 'METAL', 'AZUL/PLATEADO', '27/04/2023 11:56', NULL),
	(46, '1R1-NAKYMA-11C1', '1', '38200', 'U', 'NAKYMA', 'RECETA', 'METAL', 'NEGRO', '27/04/2023 11:56', NULL),
	(47, '1R1-NAKYMA-11C2', '1', '38200', 'U', 'NAKYMA', 'RECETA', 'METAL', 'PELTRE', '27/04/2023 11:57', NULL),
	(48, '1R1-NAKYMA-11C3', '2', '38200', 'U', 'NAKYMA', 'RECETA', 'METAL', 'AZUL/PLATEADO', '27/04/2023 11:57', NULL),
	(49, '1R1-ROOTS-01C1', '1', '42500', 'H', 'ROOTS', 'RECETA', 'METAL', 'PELTRE -PAT DET NARANJA', '27/04/2023 16:58', NULL),
	(50, '1R1-ROOTS-01C2', '1', '42500', 'H', 'ROOTS', 'RECETA', 'METAL', 'NEGRO MATE -PAT DET GRIS', '27/04/2023 16:58', NULL),
	(51, '1R1-ROOTS-01C3', '1', '42500', 'H', 'ROOTS', 'RECETA', 'METAL', 'GRIS  -PAT DET AZUL', '27/04/2023 16:58', NULL),
	(52, '1R1-ROOTS-04C1', '1', '42500', 'H', 'ROOTS', 'RECETA', 'METAL', 'PLATEADO  -PAT DET AMARILLO', '27/04/2023 16:59', NULL),
	(53, '1R1-ROOTS-04C3', '2', '42500', 'H', 'ROOTS', 'RECETA', 'METAL', 'GRIS  -PAT DET VERDE', '27/04/2023 16:59', NULL),
	(54, '1R1-ROOTS-05C2', '2', '42500', 'U', 'ROOTS', 'RECETA', 'METAL', 'GRIS OSCURO/PLATEADO', '27/04/2023 16:59', NULL),
	(55, '1R1-ROOTS-05C3', '1', '42500', 'U', 'ROOTS', 'RECETA', 'METAL', 'NEGRO MATE', '27/04/2023 16:59', NULL),
	(56, '1R1-ROOTS-06C1', '1', '42500', 'U', 'ROOTS', 'RECETA', 'METAL', 'RANURADO GRIS', '27/04/2023 17:00', NULL),
	(57, '1R1-ROOTS-06C2', '1', '42500', 'U', 'ROOTS', 'RECETA', 'METAL', 'RANURADO NEGRO', '27/04/2023 17:00', NULL),
	(58, '1R1-ROOTS-06C3', '1', '42500', 'U', 'ROOTS', 'RECETA', 'METAL', 'RANURADO NEGRO MATE', '27/04/2023 17:00', NULL),
	(59, '1R1-ROOTS-10C3', '1', '59600', 'U', 'ROOTS', 'RECETA', 'METAL', 'RANURADO PLATEADO MATE -PAT DET AZUL', '27/04/2023 17:01', NULL),
	(60, '1R1-ROOTS-11C1', '2', '59600', 'H', 'ROOTS', 'RECETA', 'METAL', 'GRIS/NEGRO', '27/04/2023 17:01', NULL),
	(61, '1R1-ROOTS-11C2', '2', '59600', 'H', 'ROOTS', 'RECETA', 'METAL', 'NEGRO MATE', '27/04/2023 17:01', NULL),
	(62, '1R1-ROOTS-11C3', '1', '59600', 'H', 'ROOTS', 'RECETA', 'METAL', 'AZUL/PLATEADO', '27/04/2023 17:02', NULL),
	(63, '2RN-NAKYMA-05C2', '2', '26200', 'U', 'NAKYMA', 'RECETA', 'ACETATO', 'NEGRO MATE -PAT METAL', '27/04/2023 11:57', NULL),
	(64, '2RN-NAKYMA-07C7', '2', '26200', 'U', 'NAKYMA', 'RECETA', 'ACETATO', 'GRIS TRANSP', '27/04/2023 11:58', NULL),
	(65, '2RN-NAKYMA-10C1', '3', '31800', 'U', 'NAKYMA', 'RECETA', 'METAL', 'NEGRO', '27/04/2023 11:58', NULL),
	(66, '2RN-NAKYMA-10C7', '1', '31800', 'U', 'NAKYMA', 'RECETA', 'METAL', 'PELTRE', '27/04/2023 11:59', NULL),
	(67, '2RN-NAKYMA-10C8', '2', '31800', 'U', 'NAKYMA', 'RECETA', 'METAL', 'NEGRO/PLATEADO', '27/04/2023 11:58', NULL),
	(68, '2RN-NAKYMA-21C1', '1', '31800', 'H', 'NAKYMA', 'RECETA', 'METAL', 'NEGRO MATE', '27/04/2023 11:59', NULL),
	(69, '2RN-NAKYMA-21C3', '2', '31800', 'H', 'NAKYMA', 'RECETA', 'METAL', 'GRIS PLOMO', '27/04/2023 11:59', NULL),
	(70, '2RN-NAKYMA-28C1', '1', '31800', 'H', 'NAKYMA', 'RECETA', 'METAL', 'NEGRO/DORADO -PAT ACETATO', '27/04/2023 12:00', NULL),
	(71, '2RN-NAKYMA-28C2', '2', '31800', 'H', 'NAKYMA', 'RECETA', 'METAL', 'BRONCE -PAT ACETATO', '27/04/2023 12:00', NULL),
	(72, '2RN-NAKYMA-28C3', '3', '31800', 'H', 'NAKYMA', 'RECETA', 'METAL', 'DORADO/GRIS -PAT ACETATO', '27/04/2023 12:01', NULL),
	(73, '2RN-NAKYMA-28C4', '1', '31800', 'H', 'NAKYMA', 'RECETA', 'METAL', 'PLATEADO/AZUL FR -PAT ACETATO', '27/04/2023 12:01', NULL),
	(74, '2RN-NAKYMA-30C2', '1', '31800', 'H', 'NAKYMA', 'RECETA', 'METAL', 'NEGRO MATE', '27/04/2023 12:02', NULL),
	(75, '2RN-NAKYMA-30C3', '3', '31800', 'H', 'NAKYMA', 'RECETA', 'METAL', 'GRIS MATE', '27/04/2023 12:02', NULL),
	(76, '2RN-NAKYMA-30C5', '2', '31800', 'H', 'NAKYMA', 'RECETA', 'METAL', 'MARRON MATE', '27/04/2023 12:02', NULL),
	(77, '2RN-NAKYMA-31C1', '2', '31800', 'H', 'NAKYMA', 'RECETA', 'METAL', 'NEGRO/PLATEADO', '27/04/2023 12:02', NULL),
	(78, '2RN-NAKYMA-31C2', '2', '31800', 'H', 'NAKYMA', 'RECETA', 'METAL', 'MARRON/PLATEADO', '27/04/2023 12:02', NULL),
	(79, '2RN-NAKYMA-31C3', '2', '31800', 'H', 'NAKYMA', 'RECETA', 'METAL', 'GRIS/PLATEADO', '27/04/2023 12:02', NULL),
	(80, '2RN-NAKYMA-33C3', '2', '31800', 'M', 'NAKYMA', 'RECETA', 'ACETATO', 'CLIP ON *POL MARRON TRANSP', '27/04/2023 12:03', NULL),
	(81, '60001C1', '18', '22400', 'M', 'CADES', 'RECETA', 'ACETATO', 'LABRADO NEGRO -PAT METAL', '11/05/2023 18:52', NULL),
	(82, '60001C3', '20', '22400', 'M', 'CADES', 'RECETA', 'ACETATO', 'LABRADO NUDE TRANSP -PAT METAL', '11/05/2023 18:52', NULL),
	(83, '60001C4', '20', '22400', 'M', 'CADES', 'RECETA', 'ACETATO', 'LABRADO ROSA TRANSP -PAT METAL', '11/05/2023 18:52', NULL),
	(84, '60001C6', '18', '22400', 'M', 'CADES', 'RECETA', 'ACETATO', 'LABRADO MARRON -PAT METAL', '11/05/2023 18:52', NULL),
	(85, '60005C4', '20', '28400', 'M', 'CADES', 'RECETA', 'ACETATO', 'GAT LILA MOTEADO -PAT METAL', '28/04/2023 09:52', NULL),
	(86, '60005C6', '18', '28400', 'M', 'CADES', 'RECETA', 'ACETATO', 'GAT GRIS/TRANSP -PAT METAL', '28/04/2023 09:52', NULL),
	(87, '60007C1', '19', '23800', 'M', 'CADES', 'RECETA', 'ACETATO', 'GAT NEGRO -PAT METAL', '28/04/2023 09:53', NULL),
	(88, '60007C4', '18', '23800', 'M', 'CADES', 'RECETA', 'ACETATO', 'GAT MARRON/MOT -PAT METAL', '28/04/2023 09:53', NULL),
	(89, '60015C1', '13', '33900', 'M', 'CADES', 'RECETA', 'ACETATO', 'NEGRO -PAT METAL LABRADO', '28/04/2023 09:53', NULL),
	(90, '60015C5', '16', '33900', 'M', 'CADES', 'RECETA', 'ACETATO', 'NUDE TRANSP -PAT METAL LABRADO', '28/04/2023 09:53', NULL),
	(91, '60017C2', '3', '29500', 'M', 'CADES', 'RECETA', 'ACETATO/METAL', 'NATURAL/NUDE TRANSP -PAT METAL ', '28/04/2023 09:54', NULL),
	(92, '60017C4', '1', '29500', 'M', 'CADES', 'RECETA', 'ACETATO/METAL', 'VERDE OSC/TRANSP -PAT METAL  ', '28/04/2023 09:54', NULL),
	(93, '60017C5', '8', '29500', 'M', 'CADES', 'RECETA', 'ACETATO/METAL', 'GRIS OSC/TRANSP -PAT METAL  ', '28/04/2023 09:54', NULL),
	(94, '60020C1', '18', '25300', 'M', 'CADES', 'RECETA', 'ACETATO', 'NEGRO -PAT METAL ', '28/04/2023 09:55', NULL),
	(95, '60021C2', '11', '24400', 'M', 'CADES', 'RECETA', 'ACETATO', 'TRANSP VERTICE METAL DORADO -PAT METAL  ', '28/04/2023 09:56', NULL),
	(96, '60021C3', '14', '24400', 'M', 'CADES', 'RECETA', 'ACETATO', 'DURAZNO VERTICE METAL DORADO -PAT METAL ', '28/04/2023 09:56', NULL),
	(97, '60023C1', '15', '33900', 'M', 'CADES', 'RECETA', 'ACETATO', 'NEGRO VERTICE BLANCO -PAT METAL ', '28/04/2023 09:56', NULL),
	(98, '60023C2', '18', '33900', 'M', 'CADES', 'RECETA', 'ACETATO', 'CORAL TRANSP VERTICE NUDE -PAT METAL ', '28/04/2023 09:56', NULL),
	(99, '60023C4', '14', '33900', 'M', 'CADES', 'RECETA', 'ACETATO', 'CELESTE TRANSP VERTICE AZUL -PAT METAL  ', '28/04/2023 09:57', NULL),
	(100, '60026C2', '7', '30200', 'M', 'CADES', 'RECETA', 'ACETATO', 'TRANSP -PAT METAL ', '28/04/2023 09:57', NULL),
	(101, '60026C3', '16', '30200', 'M', 'CADES', 'RECETA', 'ACETATO', 'ROSA/TRANSP -PAT METAL  ', '28/04/2023 09:57', NULL),
	(102, '60026C5', '16', '30200', 'M', 'CADES', 'RECETA', 'ACETATO', 'LILA TRANSP -PAT METAL   ', '28/04/2023 09:57', NULL),
	(103, '60026C6', '18', '30200', 'M', 'CADES', 'RECETA', 'ACETATO', 'GRIS TRANSP -PAT METAL ', '28/04/2023 09:58', NULL),
	(104, '60031C1', '15', '29900', 'M', 'CADES', 'RECETA', 'ACETATO', 'NEGRO -PAT METAL ', '28/04/2023 09:58', NULL),
	(105, '60031C7', '12', '29900', 'M', 'CADES', 'RECETA', 'ACETATO', 'NUDE/MOTEADO -PAT METAL ', '28/04/2023 09:58', NULL),
	(106, '60034C1', '16', '33500', 'M', 'CADES', 'RECETA', 'ACETATO', 'GAT NEGRO/TRANSP -PAT METAL ', '28/04/2023 09:59', NULL),
	(107, '60034C2', '12', '33500', 'M', 'CADES', 'RECETA', 'ACETATO', 'GAT NUDE/TRANSP -PAT METAL ', '28/04/2023 09:59', NULL),
	(108, '60034C3', '14', '33500', 'M', 'CADES', 'RECETA', 'ACETATO', 'GAT ROJO/TRANSP -PAT METAL ', '28/04/2023 09:59', NULL),
	(109, '60034C5', '17', '33500', 'M', 'CADES', 'RECETA', 'ACETATO', 'GAT NATURAL/TRANSP -PAT METAL ', '28/04/2023 09:59', NULL),
	(110, '60035C4', '16', '27800', 'M', 'CADES', 'RECETA', 'ACETATO', 'GAT ROSA/ROSA TRANSP -PAT METAL  ', '28/04/2023 09:59', NULL),
	(111, '60035C5', '15', '27800', 'M', 'CADES', 'RECETA', 'ACETATO', 'GAT BORDO TRANSP -PAT METAL  ', '28/04/2023 10:00', NULL),
	(112, '60035C6', '15', '27800', 'M', 'CADES', 'RECETA', 'ACETATO', 'GAT NUDE/NUDE TRANSP -PAT METAL ', '28/04/2023 10:00', NULL),
	(113, '60035C7', '16', '27800', 'M', 'CADES', 'RECETA', 'ACETATO', 'GAT AZUL/CEL TRANSP -PAT METAL ', '28/04/2023 10:00', NULL),
	(114, '60035C9', '17', '27800', 'M', 'CADES', 'RECETA', 'ACETATO', 'GAT NEGRO -PAT METAL  ', '28/04/2023 10:00', NULL),
	(115, '60041C1', '17', '22900', 'M', 'CADES', 'RECETA', 'ACETATO', 'NEGRO -PAT METAL ', '28/04/2023 10:00', NULL),
	(116, '60041C2', '17', '22900', 'M', 'CADES', 'RECETA', 'ACETATO', 'NUDE TRANSP -PAT METAL ', '28/04/2023 10:01', NULL),
	(117, '60046C1', '17', '27800', 'M', 'CADES', 'RECETA', 'ACETATO', 'NEGRO -PAT C/CUBIC ', '28/04/2023 10:01', NULL),
	(118, '60046C2', '17', '27800', 'M', 'CADES', 'RECETA', 'ACETATO', 'NEGRO/ROSA TRANSP -PAT C/CUBIC ', '28/04/2023 10:01', NULL),
	(119, '60046C7', '19', '27800', 'M', 'CADES', 'RECETA', 'ACETATO', 'LILA TRANSP -PAT C/CUBIC ', '28/04/2023 10:01', NULL),
	(120, '60047C1', '17', '30200', 'M', 'CADES', 'RECETA', 'ACETATO', 'NEGRO -PAT METAL DORADO ', '28/04/2023 10:02', NULL),
	(121, '60047C2', '18', '30200', 'M', 'CADES', 'RECETA', 'ACETATO', 'NEGRO/ROSA TRANSP -PAT METAL DORADO  ', '28/04/2023 10:03', NULL),
	(122, '60047C6', '15', '30200', 'M', 'CADES', 'RECETA', 'ACETATO', 'GRIS TRANSP/TRANSP -PAT METAL DORADO   ', '28/04/2023 10:03', NULL),
	(123, '60048C1', '18', '25300', 'M', 'CADES', 'RECETA', 'ACETATO', 'GAT NEGRO -PAT DET BLANCO ', '28/04/2023 10:03', NULL),
	(124, '60048C3', '18', '25300', 'M', 'CADES', 'RECETA', 'ACETATO', 'GAT BORDO TRANSP/TRANSP -PAT DET NEGRO ', '28/04/2023 10:03', NULL),
	(125, '60048C4', '17', '25300', 'M', 'CADES', 'RECETA', 'ACETATO', 'GAT CELESTE TRANSP -PAT DET AZUL ', '28/04/2023 10:03', NULL),
	(126, '60048C6', '19', '25300', 'M', 'CADES', 'RECETA', 'ACETATO', 'GAT LILA TRANSP -PAT DET ROSA', '28/04/2023 10:04', NULL),
	(127, '60049C1', '17', '29900', 'M', 'CADES', 'RECETA', 'ACETATO', 'NEGRO -PAT METAL DORADO ', '28/04/2023 10:04', NULL),
	(128, '60049C2', '16', '29900', 'M', 'CADES', 'RECETA', 'ACETATO', 'TRANSPARENTE -PAT METAL DORADO  ', '28/04/2023 10:04', NULL),
	(129, '60049C5', '17', '29900', 'M', 'CADES', 'RECETA', 'ACETATO', 'BORDO/TRANSP -PAT METAL DORADO  ', '28/04/2023 10:04', NULL),
	(130, '60051C1', '14', '20700', 'M', 'CADES', 'RECETA', 'ACETATO', 'GAT LABRADO NEGRO -PAT METAL DORADO ', '28/04/2023 10:05', NULL),
	(131, '60051C5', '14', '20700', 'M', 'CADES', 'RECETA', 'ACETATO', 'GAT LABRADO NEGRO/ROSA TRANSP -PAT METAL DORADO ', '28/04/2023 10:05', NULL),
	(132, '60051C6', '15', '20700', 'M', 'CADES', 'RECETA', 'ACETATO', 'GAT LABRADO GRIS TRANSP/TRANSP -PAT METAL DORADO  ', '28/04/2023 10:05', NULL),
	(133, '60054C2', '6', '33500', 'M', 'CADES', 'RECETA', 'ACETATO', 'LILA/TRANSP LATERAL GLITTER', '28/04/2023 10:05', NULL),
	(134, '60054C3', '4', '33500', 'M', 'CADES', 'RECETA', 'ACETATO', 'TRANSP LATERAL GLITTER', '28/04/2023 10:06', NULL),
	(135, '60054C5', '9', '33500', 'M', 'CADES', 'RECETA', 'ACETATO', 'NUDE/TRANSP LATERAL GLITTER', '28/04/2023 10:06', NULL),
	(136, '60059C1', '7', '26200', 'M', 'CADES', 'RECETA', 'ACETATO/METAL', 'GAT NEGRO/DORADO', '28/04/2023 10:06', NULL),
	(137, '60059C4', '7', '26200', 'M', 'CADES', 'RECETA', 'ACETATO/METAL', 'GAT GRIS TRANSP/DORADO', '28/04/2023 10:06', NULL),
	(138, '60059C5', '4', '26200', 'M', 'CADES', 'RECETA', 'ACETATO/METAL', 'GAT BORDO MOT/DORADO', '28/04/2023 10:07', NULL),
	(139, '60059C6', '9', '26200', 'M', 'CADES', 'RECETA', 'ACETATO/METAL', 'GAT MARRON/DORADO', '28/04/2023 10:07', NULL),
	(140, '60064C1', '18', '23800', 'M', 'CADES', 'RECETA', 'ACETATO', 'GAT NEGRO -PAT METAL DORADO', '28/04/2023 10:07', NULL),
	(141, '60064C2', '17', '23800', 'M', 'CADES', 'RECETA', 'ACETATO', 'GAT NUDE -PAT METAL DORADO', '28/04/2023 10:07', NULL),
	(142, '60064C5', '14', '23800', 'M', 'CADES', 'RECETA', 'ACETATO', 'GAT AZUL -PAT METAL DORADO', '28/04/2023 10:07', NULL),
	(143, '60064C6', '17', '23800', 'M', 'CADES', 'RECETA', 'ACETATO', 'GAT GRIS TRANSP/ROSA TRANSP -PAT METAL DORADO', '28/04/2023 10:08', NULL),
	(144, '60068C1', '3', '32200', 'M', 'CADES', 'RECETA', 'ACETATO', 'NEGRO/GLITTER PLAT -PAT METAL DORADO', '28/04/2023 10:08', NULL),
	(145, '60068C2', '5', '32200', 'M', 'CADES', 'RECETA', 'ACETATO', 'NUDE TRANSP/GLITTER DOR -PAT METAL DORADO', '28/04/2023 10:08', NULL),
	(146, '60068C4', '6', '32200', 'M', 'CADES', 'RECETA', 'ACETATO', 'GRIS TRANSP/GLITTER PLAT -PAT METAL DORADO', '28/04/2023 10:08', NULL),
	(147, '60069C1', '5', '29900', 'M', 'CADES', 'RECETA', 'ACETATO', 'NEGRO LATERAL GLITTER PLAT -PAT METAL DORADO', '28/04/2023 10:10', NULL),
	(148, '60069C2', '4', '29900', 'M', 'CADES', 'RECETA', 'ACETATO', 'NUDE/TRANSP LATERAL GLITTER ROSA -PAT METAL DORADO', '28/04/2023 10:10', NULL),
	(149, '60069C3', '6', '29900', 'M', 'CADES', 'RECETA', 'ACETATO', 'BORDO/TRANSP LATERAL GLITTER ROJO -PAT METAL DORADO', '28/04/2023 10:10', NULL),
	(150, '60069C6', '6', '29900', 'M', 'CADES', 'RECETA', 'ACETATO', 'AZUL/TRANSP LATERAL GLITTER AZUL -PAT METAL DORADO', '28/04/2023 10:10', NULL),
	(151, '60070C1', '14', '26900', 'M', 'CADES', 'RECETA', 'ACETATO', 'NEGRO VERT DET COLOR -PAT METAL DORADO', '28/04/2023 10:11', NULL),
	(152, '60070C3', '16', '26900', 'M', 'CADES', 'RECETA', 'ACETATO', 'ROSA TRANSP VERT DET COLOR -PAT METAL DORADO', '28/04/2023 10:11', NULL),
	(153, '60070C5', '16', '26900', 'M', 'CADES', 'RECETA', 'ACETATO', 'BORDO VERT DET COLOR -PAT METAL DORADO', '28/04/2023 10:11', NULL),
	(154, '60072C1', '15', '29900', 'M', 'CADES', 'RECETA', 'ACETATO', 'NEGRO VERT DET METAL -PAT METAL DORADO', '28/04/2023 10:15', NULL),
	(155, '60072C2', '15', '29900', 'M', 'CADES', 'RECETA', 'ACETATO', 'NUDE/TRANSP VERT DET METAL -PAT METAL DORADO', '28/04/2023 10:15', NULL),
	(156, '60072C3', '15', '29900', 'M', 'CADES', 'RECETA', 'ACETATO', 'BORDO/TRANSP VERT DET METAL -PAT METAL DORADO', '28/04/2023 10:15', NULL),
	(157, '60072C4', '16', '29900', 'M', 'CADES', 'RECETA', 'ACETATO', 'GRIS OSC/TRANSP VERT DET METAL -PAT METAL DORADO', '28/04/2023 10:15', NULL),
	(158, '60074C4', '5', '30200', 'M', 'CADES', 'RECETA', 'ACETATO/METAL', 'NUDE/DORADO', '28/04/2023 10:16', NULL),
	(159, '60074C5', '6', '30200', 'M', 'CADES', 'RECETA', 'ACETATO/METAL', 'ROSA TRANSP/DORADO', '28/04/2023 10:16', NULL),
	(160, '60077C4', '5', '31800', 'M', 'CADES', 'RECETA', 'ACETATO/METAL', 'GAT BORDO/DORADO', '28/04/2023 10:16', NULL),
	(161, '60077C5', '7', '31800', 'M', 'CADES', 'RECETA', 'ACETATO/METAL', 'GAT NUDE/DORADO', '28/04/2023 10:16', NULL),
	(162, '60077C6', '6', '31800', 'M', 'CADES', 'RECETA', 'ACETATO/METAL', 'GAT AZUL OSC/DORADO', '28/04/2023 10:17', NULL),
	(163, '60083C1', '18', '23800', 'M', 'CADES', 'RECETA', 'ACETATO', 'GAT NEGRO -PAT METAL DORADO', '28/04/2023 10:17', NULL),
	(164, '60083C3', '16', '23800', 'M', 'CADES', 'RECETA', 'ACETATO', 'GAT NUDE -PAT METAL DORADO', '28/04/2023 10:17', NULL),
	(165, '60083C5', '18', '23800', 'M', 'CADES', 'RECETA', 'ACETATO', 'GAT NUDE/TRANSP -PAT METAL DORADO', '28/04/2023 10:17', NULL),
	(166, '60086C1', '17', '27500', 'M', 'CADES', 'RECETA', 'ACETATO', 'NEGRO -PAT METAL DORADO LABR', '28/04/2023 10:18', NULL),
	(167, '60086C3', '16', '27500', 'M', 'CADES', 'RECETA', 'ACETATO', 'TRANSPARENTE -PAT METAL DORADO LABR', '28/04/2023 10:18', NULL),
	(168, '60088C1', '17', '29900', 'M', 'CADES', 'RECETA', 'ACETATO', 'NEGRO -PAT METAL DORADO', '28/04/2023 10:18', NULL),
	(169, '60088C5', '17', '29900', 'M', 'CADES', 'RECETA', 'ACETATO', 'BORDO -PAT METAL DORADO', '28/04/2023 10:18', NULL),
	(170, '60088C7', '12', '29900', 'M', 'CADES', 'RECETA', 'ACETATO', 'GRIS TRANSP DET TURQUESA -PAT METAL DORADO', '28/04/2023 10:18', NULL),
	(171, '60089C1', '18', '29900', 'M', 'CADES', 'RECETA', 'ACETATO', 'NEGRO -PAT METAL DORADO', '28/04/2023 10:19', NULL),
	(172, '60089C3', '17', '29900', 'M', 'CADES', 'RECETA', 'ACETATO', 'TRANSPARENTE -PAT METAL DORADO', '28/04/2023 10:19', NULL),
	(173, '60089C6', '17', '29900', 'M', 'CADES', 'RECETA', 'ACETATO', 'BORDO TRANSP/TRANSP -PAT METAL DORADO', '28/04/2023 10:19', NULL),
	(174, '8298C1', '3', '28200', 'U', 'SHITTO', 'RECETA', 'METAL', 'DOBLE PUENTE NEGRO MATE', '22/05/2023 16:58', NULL),
	(175, '8298C2', '2', '28200', 'U', 'SHITTO', 'RECETA', 'METAL', 'DOBLE PUENTE PELTRE', '22/05/2023 16:58', NULL),
	(176, '8298C3', '2', '28200', 'U', 'SHITTO', 'RECETA', 'METAL', 'DOBLE PUENTE AZUL METAL/PLATEADO', '22/05/2023 16:59', NULL),
	(177, '8305C1', '3', '27300', 'M', 'SHITTO', 'RECETA', 'METAL', 'VIOLETA MOT/PLATEADO', '22/05/2023 17:00', NULL),
	(178, '8305C3', '2', '27300', 'M', 'SHITTO', 'RECETA', 'METAL', 'NEGRO MOT/PLATEADO', '22/05/2023 17:00', NULL),
	(179, '8305C4', '2', '27300', 'M', 'SHITTO', 'RECETA', 'METAL', 'BORDO MOT/DORADO ROSE', '22/05/2023 17:01', NULL),
	(180, '8307C1', '3', '30200', 'M', 'SHITTO', 'RECETA', 'METAL', 'VERDE MOT/PLATEADO', '22/05/2023 11:58', NULL),
	(181, '8307C2', '2', '30200', 'M', 'SHITTO', 'RECETA', 'METAL', 'NEGRO MOT/DORADO', '22/05/2023 11:58', NULL),
	(182, '8307C4', '2', '30200', 'M', 'SHITTO', 'RECETA', 'METAL', 'BORDO MOT/DORADO ROSE', '22/05/2023 17:02', NULL),
	(183, '8318C2', '1', '21400', 'U', 'SUM', 'RECETA', 'METAL', 'RANURADO PLATEADO', '27/04/2023 17:03', NULL),
	(184, '8601C1', '5', '19800', 'H', 'CADES', 'RECETA', 'METAL', 'NEGRO/PLATEADO', '28/04/2023 10:20', NULL),
	(185, '8601C2', '4', '19800', 'H', 'CADES', 'RECETA', 'METAL', 'GRIS OSC/PLATEADO', '28/04/2023 10:20', NULL),
	(186, '8601C3', '5', '19800', 'H', 'CADES', 'RECETA', 'METAL', 'AZUL/PLATEADO', '28/04/2023 10:20', NULL),
	(187, '8622C1', '6', '19800', 'H', 'CADES', 'RECETA', 'METAL', 'NEGRO/PLATEADO', '28/04/2023 10:20', NULL),
	(188, '8622C2', '1', '19800', 'H', 'CADES', 'RECETA', 'METAL', 'MARRON/BRONCE', '28/04/2023 10:21', NULL),
	(189, '8623C1', '3', '19800', 'H', 'CADES', 'RECETA', 'METAL', 'NEGRO/PLATEADO', '28/04/2023 10:21', NULL),
	(190, '8623C2', '5', '19800', 'H', 'CADES', 'RECETA', 'METAL', 'MARRON/BRONCE', '28/04/2023 10:22', NULL),
	(191, '8623C3', '6', '19800', 'H', 'CADES', 'RECETA', 'METAL', 'AZUL/PLATEADO', '28/04/2023 10:22', NULL),
	(192, '8638C1', '4', '19800', 'H', 'CADES', 'RECETA', 'METAL', 'NEGRO/PLATEADO', '28/04/2023 10:22', NULL),
	(193, '8638C3', '7', '19800', 'H', 'CADES', 'RECETA', 'METAL', 'GRIS OSC/PLATEADO', '28/04/2023 10:22', NULL),
	(194, '8638C4', '4', '19800', 'H', 'CADES', 'RECETA', 'METAL', 'AZUL/PLATEADO', '28/04/2023 10:23', NULL),
	(195, '8640C1', '6', '19800', 'H', 'CADES', 'RECETA', 'METAL', 'NEGRO/PLATEADO', '28/04/2023 10:23', NULL),
	(196, '8640C2', '3', '19800', 'H', 'CADES', 'RECETA', 'METAL', 'MARRON/DORADO', '28/04/2023 10:23', NULL),
	(197, '8R1-NAKYMA-03C1', '2', '38200', 'H', 'NAKYMA', 'RECETA', 'METAL', 'NEGRO/PELTRE', '27/04/2023 12:04', NULL),
	(198, '8R1-NAKYMA-03C2', '2', '38200', 'H', 'NAKYMA', 'RECETA', 'METAL', 'PELTRE/NEGRO', '27/04/2023 12:05', NULL),
	(199, '8R1-NAKYMA-03C3', '3', '38200', 'H', 'NAKYMA', 'RECETA', 'METAL', 'PELTRE', '27/04/2023 12:04', NULL),
	(200, '8R1-NAKYMA-09C1', '3', '34400', 'H', 'NAKYMA', 'RECETA', 'METAL', 'NEGRO/PELTRE', '27/04/2023 12:05', NULL),
	(201, '8R1-NAKYMA-09C2', '3', '34400', 'H', 'NAKYMA', 'RECETA', 'METAL', 'PELTRE/NEGRO', '27/04/2023 12:05', NULL),
	(202, '8R1-NAKYMA-09C3', '3', '34400', 'H', 'NAKYMA', 'RECETA', 'METAL', 'AZUL/PELTRE', '27/04/2023 12:06', NULL),
	(203, '8R1-NAKYMA-11C1', '3', '34400', 'H', 'NAKYMA', 'RECETA', 'METAL', 'NEGRO/PELTRE', '27/04/2023 12:06', NULL),
	(204, '8R1-NAKYMA-11C2', '3', '34400', 'H', 'NAKYMA', 'RECETA', 'METAL', 'PELTRE/NEGRO', '27/04/2023 12:07', NULL),
	(205, '8R1-NAKYMA-11C3', '2', '34400', 'H', 'NAKYMA', 'RECETA', 'METAL', 'AZUL/PELTRE', '27/04/2023 12:07', NULL),
	(206, '8R1-NAKYMA-12C1', '2', '34400', 'H', 'NAKYMA', 'RECETA', 'METAL', 'RANURADO NEGRO/PELTRE', '27/04/2023 12:06', NULL),
	(207, '8R1-NAKYMA-12C2', '3', '34400', 'H', 'NAKYMA', 'RECETA', 'METAL', 'RANURADO PELTRE/NEGRO', '27/04/2023 12:07', NULL),
	(208, '8R1-NAKYMA-12C3', '2', '34400', 'H', 'NAKYMA', 'RECETA', 'METAL', 'RANURADO AZUL/PELTRE', '27/04/2023 12:07', NULL),
	(209, '95291C3', '14', '25300', 'M', 'SHITTO', 'RECETA', 'ACETATO/METAL', 'GRIS LABRADO/DORADO', '27/04/2023 19:59', NULL),
	(210, '95291C5', '14', '25300', 'M', 'SHITTO', 'RECETA', 'ACETATO/METAL', 'ROSA LABRADO/DORADO', '27/04/2023 19:59', NULL),
	(211, '95959C1', '12', '34200', 'M', 'SHITTO', 'RECETA', 'ACETATO/METAL', 'AZUL MATE/PLATEADO', '27/04/2023 19:59', NULL),
	(212, '95959C4', '8', '34200', 'M', 'SHITTO', 'RECETA', 'ACETATO/METAL', 'NEGRO/DORADO', '18/05/2023 12:15', NULL),
	(213, '95966C1', '9', '32500', 'M', 'SHITTO', 'RECETA', 'ACETATO/METAL', 'BORDO/ROSA/DORADO ROSE', '27/04/2023 20:00', NULL),
	(214, '98003C1CLIP', '7', '32800', 'M', 'CADES', 'RECETA', 'ACETATO', 'CLIP ON *POL NEGRO ', '28/04/2023 10:24', NULL),
	(215, '98003C2CLIP', '6', '32800', 'M', 'CADES', 'RECETA', 'ACETATO', 'CLIP ON *POL NEGRO ', '28/04/2023 10:24', NULL),
	(216, '98003C3CLIP', '10', '32800', 'M', 'CADES', 'RECETA', 'ACETATO', '*POL NEGRO -PAT NUDE ', '28/04/2023 10:24', NULL),
	(217, '98003C4CLIP', '9', '32800', 'M', 'CADES', 'RECETA', 'ACETATO', 'CLIP ON *POL GRIS TRANSP ', '28/04/2023 10:24', NULL),
	(218, '98004C1CLIP', '9', '32800', 'M', 'CADES', 'RECETA', 'ACETATO', 'CLIP ON *POL NEGRO', '28/04/2023 10:24', NULL),
	(219, '98004C2CLIP', '8', '32800', 'M', 'CADES', 'RECETA', 'ACETATO', 'CLIP ON *POL NEGRO', '28/04/2023 10:25', NULL),
	(220, '98004C6CLIP', '7', '32800', 'M', 'CADES', 'RECETA', 'ACETATO', 'CLIP ON *POL GRIS TRANSP', '28/04/2023 10:25', NULL),
	(221, '98005C1CLIP', '9', '32800', 'M', 'CADES', 'RECETA', 'ACETATO', 'CLIP ON *POL NEGRO', '28/04/2023 10:25', NULL),
	(222, '98005C2CLIP', '4', '32800', 'M', 'CADES', 'RECETA', 'ACETATO', 'CLIP ON *POL NATURAL TRANSP', '28/04/2023 10:25', NULL),
	(223, '98005C4CLIP', '9', '32800', 'M', 'CADES', 'RECETA', 'ACETATO', 'CLIP ON *POL GRIS TRANSP', '28/04/2023 10:25', NULL),
	(224, '98007C1CLIP', '8', '32800', 'M', 'CADES', 'RECETA', 'ACETATO', 'CLIP ON *POL NEGRO', '28/04/2023 10:26', NULL),
	(225, '98007C4CLIP', '6', '32800', 'M', 'CADES', 'RECETA', 'ACETATO', 'CLIP ON *POL GRIS TRANSP', '28/04/2023 10:26', NULL),
	(226, '98007C6CLIP', '9', '32800', 'M', 'CADES', 'RECETA', 'ACETATO', 'CLIP ON *POL NUDE TRANSP', '28/04/2023 10:26', NULL),
	(227, '98009C1CLIP', '6', '32800', 'M', 'CADES', 'RECETA', 'ACETATO', 'CLIP ON *POL NEGRO', '28/04/2023 10:26', NULL),
	(228, '98009C2CLIP', '9', '32800', 'M', 'CADES', 'RECETA', 'ACETATO', 'CLIP ON *POL NEGRO', '28/04/2023 10:26', NULL),
	(229, '98009C6CLIP', '10', '32800', 'M', 'CADES', 'RECETA', 'ACETATO', 'CLIP ON *POL GRIS TRANSP', '28/04/2023 10:26', NULL),
	(230, '98010C1CLIP', '9', '32800', 'M', 'CADES', 'RECETA', 'ACETATO', 'CLIP ON *POL NEGRO', '28/04/2023 10:27', NULL),
	(231, '98010C2CLIP', '10', '32800', 'M', 'CADES', 'RECETA', 'ACETATO', 'CLIP ON *POL NEGRO', '28/04/2023 10:28', NULL),
	(232, '98010C4CLIP', '9', '32800', 'M', 'CADES', 'RECETA', 'ACETATO', 'CLIP ON *POL GRIS TRANSP', '28/04/2023 10:28', NULL),
	(233, '98010C6CLIP', '8', '32800', 'M', 'CADES', 'RECETA', 'ACETATO', 'CLIP ON *POL GRIS OSC TRANSP', '28/04/2023 10:28', NULL),
	(234, '98011C1CLIP', '6', '32800', 'M', 'CADES', 'RECETA', 'ACETATO', 'CLIP ON *POL NEGRO', '28/04/2023 10:28', NULL),
	(235, '98011C2CLIP', '4', '32800', 'M', 'CADES', 'RECETA', 'ACETATO', 'CLIP ON *POL NEGRO', '28/04/2023 10:28', NULL),
	(236, '98011C6CLIP', '7', '32800', 'M', 'CADES', 'RECETA', 'ACETATO', 'CLIP ON *POL NUDE TRANSP', '28/04/2023 10:29', NULL),
	(237, '98013C1CLIP', '7', '32800', 'M', 'CADES', 'RECETA', 'ACETATO', 'CLIP ON *POL NEGRO', '18/01/2023 17:25', NULL),
	(238, '98013C2CLIP', '9', '32800', 'M', 'CADES', 'RECETA', 'ACETATO', 'CLIP ON *POL NEGRO', '18/01/2023 17:25', NULL),
	(239, '98013C6CLIP', '9', '32800', 'M', 'CADES', 'RECETA', 'ACETATO', 'CLIP ON *POL GRIS OSC TRANSP', '18/01/2023 17:26', NULL),
	(240, '98014C1CLIP', '6', '32800', 'M', 'CADES', 'RECETA', 'ACETATO', 'CLIP ON *POL NEGRO', '29/03/2023 09:49', NULL),
	(241, '98014C2CLIP', '8', '32800', 'M', 'CADES', 'RECETA', 'ACETATO', 'CLIP ON *POL NEGRO', '18/01/2023 17:26', NULL),
	(242, '98014C3CLIP', '9', '32800', 'M', 'CADES', 'RECETA', 'ACETATO', 'CLIP ON *POL NEGRO', '18/01/2023 17:27', NULL),
	(243, '98015C1CLIP', '10', '32800', 'M', 'CADES', 'RECETA', 'ACETATO', 'CLIP ON *POL NEGRO', '18/01/2023 17:27', NULL),
	(244, '98015C2CLIP', '10', '32800', 'M', 'CADES', 'RECETA', 'ACETATO', 'CLIP ON *POL NEGRO', '18/01/2023 17:27', NULL),
	(245, '98015C4CLIP', '9', '32800', 'M', 'CADES', 'RECETA', 'ACETATO', 'CLIP ON *POL GRIS TRANSP', '18/01/2023 17:27', NULL),
	(246, 'AN7113L-2292', '1', '23200', 'H', 'ARNETTE', 'RECETA', 'INYECTADO ', 'NEGRO MATE', '27/04/2023 10:45', NULL),
	(247, 'AN7161L-2574', '1', '20400', 'H', 'ARNETTE', 'RECETA', 'INYECTADO', 'NEGRO MATE', '27/04/2023 10:45', NULL),
	(248, 'AN7168L-2651', '2', '20400', 'H', 'ARNETTE', 'RECETA', 'INYECTADO', 'GRIS MATE INT VERDE', '27/04/2023 10:46', NULL),
	(249, 'AN7168L-2652', '1', '20400', 'H', 'ARNETTE', 'RECETA', 'INYECTADO', 'AZUL OSC MATE -PAT AZUL FRANCIA', '27/04/2023 10:46', NULL),
	(250, 'AN7192L-2759', '1', '25800', 'H', 'ARNETTE', 'RECETA', 'INYECTADO', 'AZUL MATE -PAT GRIS', '27/04/2023 10:47', NULL),
	(251, 'AN7195L-01', '1', '20400', 'H', 'ARNETTE', 'RECETA', 'INYECTADO', 'NEGRO MATE', '27/04/2023 10:48', NULL),
	(252, 'AN7195L-2758', '1', '20400', 'H', 'ARNETTE', 'RECETA', 'INYECTADO', 'NEGRO MATE -PAT GRIS', '27/04/2023 10:48', NULL),
	(253, 'AN7199L-2753', '1', '20400', 'H', 'ARNETTE', 'RECETA', 'INYECTADO', 'NEGRO', '27/04/2023 10:49', NULL),
	(254, 'AN7199L-2754', '4', '20400', 'H', 'ARNETTE', 'RECETA', 'INYECTADO', 'AZUL MATE', '27/04/2023 10:49', NULL),
	(255, 'AN7199L-2788', '1', '20400', 'H', 'ARNETTE', 'RECETA', 'INYECTADO', 'NEGRO MATE', '27/04/2023 10:49', NULL),
	(256, 'ANGIUS-METAL', '46', '7500', '', 'ANGIUS', 'RECETA', '', '', '28/04/2023 19:16', NULL),
	(257, 'AX3055L-8078', '1', '31400', 'H', 'ARMANI', 'RECETA', 'INYECTADO ', 'NEGRO MATE', '27/04/2023 10:43', NULL),
	(258, 'AX3055L-8306', '2', '31400', 'H', 'ARMANI', 'RECETA', ' INYECTADO ', 'NEGRO MATE', '27/04/2023 10:43', NULL),
	(259, 'AX3056L-8078', '1', '31400', 'H', 'ARMANI', 'RECETA', 'INYECTADO', 'NEGRO MATE', '27/04/2023 10:44', NULL),
	(260, 'B20057C3', '2', '26200', 'M', 'CADES', 'RECETA', 'METAL', 'VIOLETA/PLATEADO', '28/04/2023 10:33', NULL),
	(261, 'B20057C4', '1', '26200', 'M', 'CADES', 'RECETA', 'METAL', 'LILA/PLATEADO', '28/04/2023 10:33', NULL),
	(262, 'B20062C1', '1', '26200', 'M', 'CADES', 'RECETA', 'METAL', 'M/M NEGRO/DORADO', '28/04/2023 10:34', NULL),
	(263, 'C2007C2', '8', '19100', 'M', 'CADES', 'RECETA', 'METAL', 'M/M NEGRO', '28/04/2023 10:35', NULL),
	(264, 'C2007C3', '21', '19100', 'M', 'CADES', 'RECETA', 'METAL', 'M/M BORDO', '28/04/2023 10:35', NULL),
	(265, 'C2008C3', '8', '19100', 'M', 'CADES', 'RECETA', 'METAL', 'M/M PLATEADO', '13/05/2023 12:17', NULL),
	(266, 'CH14200C1', '1', '12900', '', 'OCCHIALI', 'RECETA', '', '', '28/04/2023 19:41', NULL),
	(267, 'CH14200C3', '1', '12900', '', 'OCCHIALI', 'RECETA', '', '', '28/04/2023 19:41', NULL),
	(268, 'CH2060C3', '1', '12900', '', 'OCCHIALI', 'RECETA', '', '', '28/04/2023 19:41', NULL),
	(269, 'CNX-METAL', '20', '7500', '', 'CNX-', 'RECETA', '', '', '28/04/2023 19:17', NULL),
	(270, 'D1005C1', '11', '4900', 'U', 'DIXON', 'RECETA', 'CAREY', 'NEGRO -PAT METAL DOR', '16/05/2023 09:46', NULL),
	(271, 'D1005C3', '9', '4900', '', 'DIXON', 'RECETA', '', '', '30/05/2023 18:02', NULL),
	(272, 'D1005C8', '9', '4900', '', 'DIXON', 'RECETA', '', '', '29/05/2023 10:42', NULL),
	(273, 'D1013C1', '12', '4900', 'U', 'DIXON', 'RECETA', 'CAREY', 'NEGRO -PAT METAL PLAT', '30/05/2023 18:02', NULL),
	(274, 'D1013C17', '9', '4900', '', 'DIXON', 'RECETA', '', '', '29/05/2023 10:41', NULL),
	(275, 'D1013C3', '11', '4900', '', 'DIXON', 'RECETA', '', '', '22/05/2023 08:46', NULL),
	(276, 'D1015C2', '8', '4900', '', 'DIXON', 'RECETA', '', '', '22/05/2023 09:02', NULL),
	(277, 'D1015C8', '9', '4900', '', 'DIXON', 'RECETA', '', '', '22/05/2023 08:55', NULL),
	(278, 'D1017C1', '7', '4900', '', 'DIXON', 'RECETA', '', '', '22/05/2023 10:46', NULL),
	(279, 'D1017C2', '3', '4900', '', 'DIXON', 'RECETA', '', '', '30/05/2023 18:06', NULL),
	(280, 'D1017C8', '6', '4900', '', 'DIXON', 'RECETA', '', '', '30/05/2023 18:01', NULL),
	(281, 'D1148C1', '12', '4900', '', 'DIXON', 'RECETA', '', '', '22/05/2023 08:58', NULL),
	(282, 'D1148C1-1', '10', '4900', '', 'DIXON', 'RECETA', '', '', '30/05/2023 17:59', NULL),
	(283, 'D1148C16', '10', '4900', '', 'DIXON', 'RECETA', '', '', '22/05/2023 10:45', NULL),
	(284, 'D1189C1', '2', '4900', 'H', 'DIXON', 'RECETA', 'CAREY', 'NEGRO -PAT CELESTE', '10/05/2023 11:09', NULL),
	(285, 'D1189C16', '8', '4900', '', 'DIXON', 'RECETA', '', '', '30/05/2023 18:06', NULL),
	(286, 'D1189C2', '10', '4900', '', 'DIXON', 'RECETA', '', '', '12/05/2023 09:27', NULL),
	(287, 'D1189C8', '8', '4900', '', 'DIXON', 'RECETA', '', '', '22/05/2023 10:44', NULL),
	(288, 'D1252C1', '12', '4900', '', 'DIXON', 'RECETA', '', '', '16/05/2023 09:57', NULL),
	(289, 'D1252C11', '8', '4900', '', 'DIXON', 'RECETA', '', '', '22/05/2023 10:44', NULL),
	(290, 'D1252C15', '14', '4900', '', 'DIXON', 'RECETA', '', '', '30/05/2023 18:01', NULL),
	(291, 'D1252C9', '8', '4900', '', 'DIXON', 'RECETA', '', '', '29/05/2023 10:41', NULL),
	(292, 'D1277C1', '11', '4900', 'U', 'DIXON', 'RECETA', 'METAL', 'NEGRO', '12/05/2023 09:19', NULL),
	(293, 'D1277C7', '12', '4900', '', 'DIXON', 'RECETA', '', '', '22/05/2023 08:57', NULL),
	(294, 'D1277C9', '5', '4900', '', 'DIXON', 'RECETA', '', '', '30/05/2023 18:02', NULL),
	(295, 'D1286C1', '11', '4900', 'U', 'DIXON', 'RECETA', 'METAL/CAREY', 'NEGRO', '22/05/2023 08:57', NULL),
	(296, 'D1286C11', '11', '4900', '', 'DIXON', 'RECETA', '', '', '22/05/2023 10:44', NULL),
	(297, 'D1286C9', '9', '4900', '', 'DIXON', 'RECETA', '', '', '30/05/2023 18:00', NULL),
	(298, 'D1293C1', '3', '4900', 'M', 'DIXON', 'RECETA', 'METAL', 'NEGRO -PAT CALADA', '30/05/2023 18:06', NULL),
	(299, 'D1293C21', '9', '4900', '', 'DIXON', 'RECETA', '', '', '29/05/2023 10:42', NULL),
	(300, 'D1293C7', '11', '4900', '', 'DIXON', 'RECETA', '', '', '22/05/2023 08:48', NULL),
	(301, 'D1298C1', '12', '4900', 'U', 'DIXON', 'RECETA', 'METAL', 'RANURADO (RED) NEGRO', '16/05/2023 09:58', NULL),
	(302, 'D1298C14', '13', '4900', '', 'DIXON', 'RECETA', '', '', '29/05/2023 10:43', NULL),
	(303, 'D1298C6', '10', '4900', 'U', 'DIXON', 'RECETA', 'METAL', 'RANURADO (RED) PLATEADO -PAT NEGRA', '30/05/2023 18:01', NULL),
	(304, 'D1298C7', '12', '4900', '', 'DIXON', 'RECETA', '', '', '22/05/2023 10:44', NULL),
	(305, 'D1300C16', '9', '4900', '', 'DIXON', 'RECETA', '', '', '16/05/2023 09:58', NULL),
	(306, 'D1300C7', '8', '4900', 'U', 'DIXON', 'RECETA', 'METAL', 'RANURADO GRIS PLAT', '12/05/2023 09:25', NULL),
	(307, 'D1306C1', '10', '4900', 'U', 'DIXON', 'RECETA', 'METAL', 'NEGRO', '10/05/2023 12:21', NULL),
	(308, 'D1306C7', '12', '4900', '', 'DIXON', 'RECETA', '', '', '22/05/2023 08:47', NULL),
	(309, 'D1306C9', '8', '4900', '', 'DIXON', 'RECETA', '', '', '30/05/2023 17:59', NULL),
	(310, 'D1308C16', '13', '4900', '', 'DIXON', 'RECETA', '', '', '30/05/2023 18:00', NULL),
	(311, 'D1308C1-9', '9', '4900', '', 'DIXON', 'RECETA', '', '', '29/05/2023 10:41', NULL),
	(312, 'D1308C3-9', '11', '4900', '', 'DIXON', 'RECETA', '', '', '16/05/2023 09:58', NULL),
	(313, 'D1309C1', '5', '4900', 'U', 'DIXON', 'RECETA', 'METAL', 'NEGRO', '22/05/2023 08:33', NULL),
	(314, 'D1309C11', '14', '4900', '', 'DIXON', 'RECETA', '', '', '22/05/2023 10:42', NULL),
	(315, 'D1309C20', '13', '4900', '', 'DIXON', 'RECETA', '', '', '29/05/2023 10:40', NULL),
	(316, 'D1309C21', '16', '4900', '', 'DIXON', 'RECETA', '', '', '16/05/2023 09:58', NULL),
	(317, 'D1311C14', '15', '4900', '', 'DIXON', 'RECETA', '', '', '16/05/2023 10:00', NULL),
	(318, 'D1311C5', '3', '4900', 'M', 'DIXON', 'RECETA', 'METAL/CAREY', '(RED) NUDE/ROSA', '30/05/2023 18:05', NULL),
	(319, 'D1311C9', '12', '4900', '', 'DIXON', 'RECETA', '', '', '29/05/2023 10:40', NULL),
	(320, 'D1312C1', '14', '4900', 'U', 'DIXON', 'RECETA', 'METAL/CAREY', '(RED) NEGRO -PAT MOT', '16/05/2023 09:59', NULL),
	(321, 'D1312C1-14', '13', '4900', '', 'DIXON', 'RECETA', '', '', '22/05/2023 10:43', NULL),
	(322, 'D1312C3-9', '15', '4900', '', 'DIXON', 'RECETA', '', '', '12/05/2023 09:21', NULL),
	(323, 'D1315C1', '13', '4900', 'U', 'DIXON', 'RECETA', 'METAL', 'RANURADO NEGRO', '10/05/2023 17:17', NULL),
	(324, 'D1315C21', '16', '4900', '', 'DIXON', 'RECETA', '', '', '10/05/2023 17:18', NULL),
	(325, 'D1315C7', '15', '4900', '', 'DIXON', 'RECETA', '', '', '16/05/2023 09:59', NULL),
	(326, 'D1316C1', '14', '4900', 'M', 'DIXON', 'RECETA', 'METAL/CAREY', '(RED) NEGRO MATE -PAT LABRADA', '10/05/2023 17:20', NULL),
	(327, 'D1316C21', '13', '4900', '', 'DIXON', 'RECETA', '', '', '29/05/2023 10:39', NULL),
	(328, 'D1316C9', '11', '4900', '', 'DIXON', 'RECETA', '', '', '16/05/2023 10:00', NULL),
	(329, 'D1317C1', '16', '4900', '', 'DIXON', 'RECETA', '', '', '16/05/2023 09:53', NULL),
	(330, 'D1317C21', '15', '4900', '', 'DIXON', 'RECETA', '', '', '16/05/2023 10:00', NULL),
	(331, 'D1317C9', '14', '4900', '', 'DIXON', 'RECETA', '', '', '16/05/2023 09:49', NULL),
	(332, 'D1320C1', '16', '4900', '', 'DIXON', 'RECETA', '', '', '16/05/2023 09:49', NULL),
	(333, 'D1320C7', '18', '4900', '', 'DIXON', 'RECETA', '', '', '10/05/2023 17:42', NULL),
	(334, 'D1320C9', '14', '4900', '', 'DIXON', 'RECETA', '', '', '30/05/2023 18:04', NULL),
	(335, 'D1334C16', '12', '4900', '', 'DIXON', 'RECETA', '', '', '16/05/2023 09:56', NULL),
	(336, 'D1334C16-7', '10', '4900', 'U', 'DIXON', 'RECETA', 'METAL/CAREY', 'NEGRO MATE/PELTRE', '10/05/2023 18:08', NULL),
	(337, 'D1334C16-9', '10', '4900', '', 'DIXON', 'RECETA', '', '', '29/05/2023 10:40', NULL),
	(338, 'D1338C2', '2', '4900', 'U', 'DIXON', 'RECETA', 'METAL/CAREY', 'NEGRO MATE/AZUL', '30/05/2023 18:05', NULL),
	(339, 'D1349C16-1', '14', '4900', 'U', 'DIXON', 'RECETA', 'CAREY', '(RED) NEGRO MATE', '10/05/2023 18:11', NULL),
	(340, 'D1349C16-6', '13', '4900', '', 'DIXON', 'RECETA', '', '', '30/05/2023 18:03', NULL),
	(341, 'D1365C1', '26', '4900', 'U', 'DIXON', 'RECETA', 'CAREY', 'NEGRO/NEGRO MATE -PAT METAL', '10/05/2023 18:21', NULL),
	(342, 'D1365C11', '25', '4900', '', 'DIXON', 'RECETA', '', '', '22/05/2023 08:33', NULL),
	(343, 'D1365C8', '18', '4900', '', 'DIXON', 'RECETA', '', '', '30/05/2023 18:00', NULL),
	(344, 'D1365C9', '31', '4900', '', 'DIXON', 'RECETA', '', '', '30/05/2023 18:04', NULL),
	(345, 'D1380C1', '14', '4900', '', 'DIXON', 'RECETA', '', '', '16/05/2023 09:54', NULL),
	(346, 'D1380C11', '17', '4900', '', 'DIXON', 'RECETA', '', '', '10/05/2023 19:01', NULL),
	(347, 'D1380C14', '16', '4900', '', 'DIXON', 'RECETA', '', '', '16/05/2023 09:51', NULL),
	(348, 'D1380C7', '15', '4900', '', 'DIXON', 'RECETA', '', '', '29/05/2023 10:35', NULL),
	(349, 'D1381C1', '6', '4900', 'U', 'DIXON', 'RECETA', 'METAL', 'RANURADO (RED) NEGRO', '22/05/2023 08:34', NULL),
	(350, 'D1381C14', '17', '4900', '', 'DIXON', 'RECETA', '', '', '10/05/2023 18:29', NULL),
	(351, 'D1381C9', '14', '4900', '', 'DIXON', 'RECETA', '', '', '16/05/2023 09:51', NULL),
	(352, 'D1384C1', '21', '4900', 'U', 'DIXON', 'RECETA', 'METAL', 'RANURADO NEGRO MATE', '16/05/2023 10:01', NULL),
	(353, 'D1384C7', '23', '4900', '', 'DIXON', 'RECETA', '', '', '30/05/2023 18:03', NULL),
	(354, 'D1384C9', '20', '4900', '', 'DIXON', 'RECETA', '', '', '22/05/2023 10:43', NULL),
	(355, 'D1610C3', '26', '4900', 'M', 'DIXON', 'RECETA', 'METAL', 'ROJO/DOR -PAT C/CUBIC', '30/05/2023 18:05', NULL),
	(356, 'D1610C4', '18', '4900', '', 'DIXON', 'RECETA', '', '', '29/05/2023 10:36', NULL),
	(357, 'D9695C1', '8', '4900', 'M', 'DIXON', 'RECETA', 'METAL', 'RANURADO NEGRO -PAT CALADA', '10/05/2023 18:46', NULL),
	(358, 'D9695C3', '13', '4900', '', 'DIXON', 'RECETA', '', '', '10/05/2023 18:47', NULL),
	(359, 'D9695C4', '8', '4900', '', 'DIXON', 'RECETA', '', '', '22/05/2023 08:36', NULL),
	(360, 'D9787C85', '8', '4900', '', 'DIXON', 'RECETA', '', '', '10/05/2023 18:53', NULL),
	(361, 'D9787C94', '7', '4900', '', 'DIXON', 'RECETA', '', '', '22/05/2023 08:35', NULL),
	(362, 'D9792C46', '7', '4900', '', 'DIXON', 'RECETA', '', '', '10/05/2023 18:57', NULL),
	(363, 'D9792C52', '10', '4900', '', 'DIXON', 'RECETA', '', '', '16/05/2023 09:52', NULL),
	(364, 'D9912C1', '7', '4900', '', 'DIXON', 'RECETA', '', '', '29/05/2023 10:37', NULL),
	(365, 'D9912C3', '17', '4900', '', 'DIXON', 'RECETA', '', '', '10/05/2023 10:15', NULL),
	(366, 'D9912C5', '22', '4900', '', 'DIXON', 'RECETA', '', '', '29/05/2023 10:36', NULL),
	(367, 'D9942C40', '7', '4900', '', 'DIXON', 'RECETA', '', '', '22/05/2023 08:35', NULL),
	(368, 'D9942C94', '14', '4900', '', 'DIXON', 'RECETA', '', '', '10/05/2023 10:18', NULL),
	(369, 'D9989C1', '7', '4900', '', 'DIXON', 'RECETA', '', '', '22/05/2023 08:36', NULL),
	(370, 'D9989C3', '13', '4900', '', 'DIXON', 'RECETA', '', '', '30/05/2023 18:04', NULL),
	(371, 'D9989C4', '16', '4900', '', 'DIXON', 'RECETA', '', '', '29/05/2023 10:37', NULL),
	(372, 'D9989C5', '18', '4900', '', 'DIXON', 'RECETA', '', '', '11/05/2023 17:09', NULL),
	(373, 'D9994C1', '13', '4900', '', 'DIXON', 'RECETA', '', '', '29/05/2023 10:37', NULL),
	(374, 'D9994C3', '17', '4900', '', 'DIXON', 'RECETA', '', '', '10/05/2023 10:35', NULL),
	(375, 'D9994C4', '9', '4900', '', 'DIXON', 'RECETA', '', '', '22/05/2023 08:37', NULL),
	(376, 'D9994C5', '14', '4900', '', 'DIXON', 'RECETA', '', '', '29/05/2023 10:38', NULL),
	(377, 'DC9079C1', '3', '21400', 'H', 'SHITTO', 'RECETA', 'ACETATO', 'NEGRO', '27/04/2023 20:01', NULL),
	(378, 'DC9079C5', '9', '21400', 'H', 'SHITTO', 'RECETA', 'ACETATO', 'GRIS CLARO TRANSP', '27/04/2023 20:01', NULL),
	(379, 'DC9079C6', '9', '21400', 'H', 'SHITTO', 'RECETA', 'ACETATO', 'GRIS TRANSPARENTE', '27/04/2023 20:01', NULL),
	(380, 'DCD06C1', '3', '21400', 'U', 'SHITTO', 'RECETA', 'ACETATO', 'NEGRO NEGRO', '27/04/2023 20:02', NULL),
	(381, 'DCD06C4', '4', '21400', 'U', 'SHITTO', 'RECETA', 'ACETATO', 'GRIS TRANSPARENTE', '09/05/2023 10:24', NULL),
	(382, 'DCD12C1', '5', '21400', 'U', 'SHITTO', 'RECETA', 'ACETATO', 'NEGRO -PAT METAL DOR', '27/04/2023 20:03', NULL),
	(383, 'DCD12C3', '8', '21400', 'U', 'SHITTO', 'RECETA', 'ACETATO', 'GRIS TRANSPARENTE- PAT METAL DOR', '27/04/2023 20:03', NULL),
	(384, 'DCD12C4', '8', '21400', 'M', 'SHITTO', 'RECETA', 'ACETATO', 'MARRON MOT -PAT METAL DOR', '09/05/2023 10:35', NULL),
	(385, 'EA-CINDY3', '2', '6500', '', 'ELIZABETH ARDEN', 'RECETA', '', '', '25/08/2022 17:18', NULL),
	(386, 'ECO-METAL', '135', '9500', '', 'VARIOS', 'RECETA', '', '', '28/04/2023 20:08', NULL),
	(387, 'EF9012C1', '3', '32800', 'M', 'CADES', 'RECETA', 'ACETATO', 'CLIP ON DOBLE PUENTE NEGRO INT MOTEADO', '18/01/2023 17:28', NULL),
	(388, 'EF9012C2', '8', '32800', 'M', 'CADES', 'RECETA', 'ACETATO', 'CLIP ON DOBLE PUENTE GRIS MOTEADO', '18/01/2023 17:28', NULL),
	(389, 'EF9014C1', '5', '32800', 'M', 'CADES', 'RECETA', 'ACETATO', 'CLIP ON GRIS TRANSP MOT', '18/01/2023 17:29', NULL),
	(390, 'EF9014C2', '8', '32800', 'M', 'CADES', 'RECETA', 'ACETATO', 'CLIP ON AZUL TRANSP', '18/01/2023 17:29', NULL),
	(391, 'EF9014C3', '4', '32800', 'M', 'CADES', 'RECETA', 'ACETATO', 'CLIP ON MARRON TRANSP MOT (V)', '18/01/2023 17:29', NULL),
	(392, 'EM1135C1', '5', '22400', 'M', 'CADES', 'RECETA', 'METAL', 'GAT DORADO/NEGRO/NAT- PAT ZIG ZAG', '28/04/2023 10:37', NULL),
	(393, 'EM1135C2', '9', '22400', 'M', 'CADES', 'RECETA', 'METAL', 'GAT DORADO/LILA/ROSA- PAT ZIG ZAG', '28/04/2023 10:37', NULL),
	(394, 'EM1135C4', '6', '22400', 'M', 'CADES', 'RECETA', 'METAL', 'GAT DORADO/BORDO/LILA- PAT ZIG ZAG', '28/04/2023 10:37', NULL),
	(395, 'EM1139C1', '6', '24800', 'M', 'CADES', 'RECETA', 'METAL', 'GAT NEGRO/DORADO', '28/04/2023 10:37', NULL),
	(396, 'EM1139C3', '5', '24800', 'M', 'CADES', 'RECETA', 'METAL', 'GAT NUDE/PLATEADO', '28/04/2023 10:37', NULL),
	(397, 'EM1139C4', '8', '24800', 'M', 'CADES', 'RECETA', 'METAL', 'GAT VIOLETA/DORADO', '28/04/2023 10:38', NULL),
	(398, 'EM6006C1', '3', '26200', 'M', 'CADES', 'RECETA', 'METAL', 'NEGRO MATE/DORADO', '28/04/2023 10:38', NULL),
	(399, 'EM6006C2', '3', '26200', 'M', 'CADES', 'RECETA', 'METAL', 'BORDO/DORADO', '28/04/2023 10:38', NULL),
	(400, 'EM6006C3', '1', '26200', 'M', 'CADES', 'RECETA', 'METAL', 'MARRON/DORADO ROSE', '28/04/2023 10:38', NULL),
	(401, 'EM6006C4', '5', '26200', 'M', 'CADES', 'RECETA', 'METAL', 'VERDE OLIVA/PLATEADO', '28/04/2023 10:39', NULL),
	(402, 'ENZOC1', '22', '9500', '', 'SEE LINE', 'RECETA', '', '', '28/04/2023 19:49', NULL),
	(403, 'ES6004C2', '9', '32200', 'M', 'CADES', 'RECETA', 'ACETATO', 'NEGRO -PAT METAL MOT C/ TACHAS ', '28/04/2023 10:39', NULL),
	(404, 'ES6004C3', '7', '32200', 'M', 'CADES', 'RECETA', 'ACETATO', 'MARRON OSC -PAT METAL TURQ C/TACHAS', '28/04/2023 10:39', NULL),
	(405, 'ES6004C4', '8', '32200', 'M', 'CADES', 'RECETA', 'ACETATO', 'BORDO OSC -PAT METAL MOT C/TACHAS', '28/04/2023 10:39', NULL),
	(406, 'ES6006C1', '7', '27800', 'M', 'CADES', 'RECETA', 'ACETATO', 'NEGRO INT NUDE -PAT METAL C/CUBIC', '28/04/2023 10:40', NULL),
	(407, 'ES6006C3', '8', '27800', 'M', 'CADES', 'RECETA', 'ACETATO', 'BORDO INT ROSA -PAT METAL C/CUBIC', '28/04/2023 10:40', NULL),
	(408, 'ES6006C4', '5', '27800', 'M', 'CADES', 'RECETA', 'ACETATO', 'VIOLETA MOT TRANSP -PAT METAL C/CUBIC', '28/04/2023 10:40', NULL),
	(409, 'ES6011C1', '6', '27800', 'M', 'CADES', 'RECETA', 'ACETATO', 'NEGRO INT GRIS -PAT METAL', '28/04/2023 10:41', NULL),
	(410, 'ES6011C2', '6', '27800', 'M', 'CADES', 'RECETA', 'ACETATO', 'FUCSIA TRANSP/VIOLETA -PAT METAL', '28/04/2023 10:41', NULL),
	(411, 'ES6011C3', '7', '27800', 'M', 'CADES', 'RECETA', 'ACETATO', 'MARRON INT NUDE -PAT METAL', '28/04/2023 10:41', NULL),
	(412, 'ES6012C3', '7', '32200', 'M', 'CADES', 'RECETA', 'ACETATO', 'BEIGE MOT -PAT NUDE C/APLIQUE METAL', '28/04/2023 10:42', NULL),
	(413, 'ES6012C4', '8', '32200', 'M', 'CADES', 'RECETA', 'ACETATO', 'MARRON OSC -PAT MOT C/APLIQUE METAL', '28/04/2023 10:42', NULL),
	(414, 'ES6014C1', '9', '29900', 'M', 'CADES', 'RECETA', 'ACETATO', 'NEGRO -PAT METAL', '28/04/2023 10:42', NULL),
	(415, 'ES6014C2', '7', '29900', 'M', 'CADES', 'RECETA', 'ACETATO', 'BEIGE INT NUDE -PAT METAL', '28/04/2023 10:42', NULL),
	(416, 'ES6014C3', '7', '29900', 'M', 'CADES', 'RECETA', 'ACETATO', 'BORDO INT NUDE -PAT METAL', '28/04/2023 10:43', NULL),
	(417, 'ES6016C1', '7', '27800', 'M', 'CADES', 'RECETA', 'ACETATO', 'NEGRO -PAT METAL C/CUBICS', '28/04/2023 10:43', NULL),
	(418, 'ES6016C3', '6', '27800', 'M', 'CADES', 'RECETA', 'ACETATO', 'MARRON MOT -PAT METAL C/CUBICS', '28/04/2023 10:43', NULL),
	(419, 'ES6017C1', '6', '27800', 'M', 'CADES', 'RECETA', 'ACETATO', 'NEGRO -PAT METAL', '28/04/2023 10:44', NULL),
	(420, 'ES6017C2', '7', '27800', 'M', 'CADES', 'RECETA', 'ACETATO', 'VERDE OLIVA MOT INT CELESTE AGUA -PAT METAL', '28/04/2023 10:44', NULL),
	(421, 'ES6017C3', '7', '27800', 'M', 'CADES', 'RECETA', 'ACETATO', 'BEIGE INT NUDE -PAT METAL', '28/04/2023 10:44', NULL),
	(422, 'ES6027C1', '8', '27800', 'M', 'CADES', 'RECETA', 'ACETATO', 'NEGRO INTTRANSP -PAT DET DORADO', '28/04/2023 10:44', NULL),
	(423, 'ES6027C2', '7', '27800', 'M', 'CADES', 'RECETA', 'ACETATO', 'BORDO INT FUCSIATRANSP -PAT DET DORADO', '28/04/2023 10:44', NULL),
	(424, 'ES6027C3', '8', '27800', 'M', 'CADES', 'RECETA', 'ACETATO', 'AZUL TRANSP INT TRANSP -PAT DET DORADO', '28/04/2023 10:45', NULL),
	(425, 'ES6037C3', '6', '29900', 'M', 'CADES', 'RECETA', 'ACETATO', 'NUDE INT NATURAL -PAT METAL', '28/04/2023 10:45', NULL),
	(426, 'ES6037C4', '5', '29900', 'M', 'CADES', 'RECETA', 'ACETATO', 'ROSA/MARRON MOT -PAT METAL', '28/04/2023 10:45', NULL),
	(427, 'ES6040C1', '7', '27800', 'M', 'CADES', 'RECETA', 'ACETATO', 'NEGRO -PAT MARRON MOT C/CUBIC', '28/04/2023 10:45', NULL),
	(428, 'ES6040C2', '9', '27800', 'M', 'CADES', 'RECETA', 'ACETATO', 'AZUL -PAT MOT C/CUBIC', '28/04/2023 10:46', NULL),
	(429, 'ES6040C4', '6', '27800', 'M', 'CADES', 'RECETA', 'ACETATO', 'NUDE TRANSP -PAT BORDO C/CUBIC', '28/04/2023 10:46', NULL),
	(430, 'FBD05-07C01', '2', '23200', 'U', 'SUM', 'RECETA', 'ACETATO', 'CLIP ON NEGRO MATE', '27/04/2023 17:06', NULL),
	(431, 'FBD05-07C02', '9', '23200', 'U', 'SUM', 'RECETA', 'ACETATO', 'CLIP ON GRIS TRANSP MATE', '27/04/2023 17:06', NULL),
	(432, 'FBD05-07C04', '8', '23200', 'U', 'SUM', 'RECETA', 'ACETATO', 'CLIP ON AZUL MATE', '27/04/2023 17:07', NULL),
	(433, 'FBD05-07C07', '4', '23200', 'U', 'SUM', 'RECETA', 'ACETATO', 'CLIP ON GRIS CLARO TRANSP MATE -PAT DET AZUL', '27/04/2023 17:07', NULL),
	(434, 'FBD06-02C01', '8', '23200', 'U', 'SUM', 'RECETA', 'ACETATO', 'CLIP ON NEGRO MATE ', '27/04/2023 17:07', NULL),
	(435, 'FBD06-02C01Y', '6', '23200', 'U', 'SUM', 'RECETA', 'ACETATO', 'CLIP ON NEGRO MATE -PAT DET GRIS ', '27/04/2023 17:07', NULL),
	(436, 'FBD06-02C03', '9', '23200', 'U', 'SUM', 'RECETA', 'ACETATO', 'CLIP ON MARRON MATE TRANSP', '27/04/2023 17:07', NULL),
	(437, 'FBD06-02C04', '10', '23200', 'U', 'SUM', 'RECETA', 'ACETATO', 'CLIP ON AZUL MATE TRANSP', '27/04/2023 17:08', NULL),
	(438, 'GLOX2399C1', '2', '28800', 'U', 'GLOX', 'RECETA', 'INYECCION', 'NEGRO MATE -PAT VERDE', '24/04/2023 20:14', NULL),
	(439, 'GLOX2399C2', '2', '28800', 'U', 'GLOX', 'RECETA', 'INYECCION', 'NEGRO MATE -PAT BORDO', '24/04/2023 20:14', NULL),
	(440, 'GLOX2553C3', '1', '32500', 'U', 'GLOX', 'RECETA', 'INYECCION', 'AZUL MATE -PAT DET NARANJA', '24/04/2023 20:19', NULL),
	(441, 'GLOX2553C5', '1', '32500', 'U', 'GLOX', 'RECETA', 'INYECCION', 'NEGRO MATE -PAT DET GRIS', '24/04/2023 20:19', NULL),
	(442, 'GSP023C2', '2', '25300', 'U', 'SHITTO', 'RECETA', 'CAREY', 'NEGRO/BORDO', '27/04/2023 20:04', NULL),
	(443, 'GSP023C3', '4', '25300', 'U', 'SHITTO', 'RECETA', 'CAREY', 'NEGRO/TRANSPARENTE', '27/04/2023 20:04', NULL),
	(444, 'GSP023C4', '4', '25300', 'U', 'SHITTO', 'RECETA', 'CAREY', 'AZUL OSCURO', '27/04/2023 20:04', NULL),
	(445, 'GSP024C1', '2', '25300', 'U', 'SHITTO', 'RECETA', 'CAREY', 'NEGRO', '27/04/2023 20:04', NULL),
	(446, 'GSP024C3', '2', '25300', 'U', 'SHITTO', 'RECETA', 'CAREY', 'AZUL TRANSPARENTE', '27/04/2023 20:05', NULL),
	(447, 'GSP024C4', '2', '25300', 'U', 'SHITTO', 'RECETA', 'CAREY', 'NEGRO/TRANSPARENTE', '27/04/2023 20:04', NULL),
	(448, 'GSP027C2', '1', '25300', 'U', 'SHITTO', 'RECETA', 'CAREY', 'AZUL', '27/04/2023 20:05', NULL),
	(449, 'GSP027C3', '3', '25300', 'U', 'SHITTO', 'RECETA', 'CAREY', 'GRIS TRANSP/BEIGE MOTEADO', '27/04/2023 20:05', NULL),
	(450, 'GSP027C4', '2', '25300', 'U', 'SHITTO', 'RECETA', 'CAREY', 'TRANSPARENTE', '27/04/2023 20:05', NULL),
	(451, 'GSP030C4', '1', '25300', 'U', 'SHITTO', 'RECETA', 'CAREY', 'GRIS TRANSPARENTE', '27/04/2023 20:06', NULL),
	(452, 'IV1COL1', '3', '9500', 'U', 'CADES', 'RECETA', 'CAREY', 'CELESTE TRANSPARENTE', '28/04/2023 10:47', NULL),
	(453, 'IV2COL2', '4', '9500', 'M', 'CADES', 'RECETA', 'CAREY', 'MARRON TRANPARENTE', '28/04/2023 10:48', NULL),
	(454, 'IV3COL02', '34', '9500', 'M', 'CADES', 'RECETA', 'CAREY', 'MARRON TRANSP PATILLAS ANCHAS', '28/04/2023 10:49', NULL),
	(455, 'IV3COL03', '35', '9500', 'M', 'CADES', 'RECETA', 'CAREY', 'NEGRO PATILLAS ANCHAS', '28/04/2023 10:49', NULL),
	(456, 'IV3COL1', '12', '9500', 'M', 'CADES', 'RECETA', 'CAREY', 'NEGRO PATILLAS ANCHAS', '28/04/2023 10:48', NULL),
	(457, 'IV401', '1', '7500', '', 'I VIEW', 'RECETA', '', '', '28/04/2023 19:24', NULL),
	(458, 'IV402', '3', '7500', '', 'I VIEW', 'RECETA', '', '', '28/04/2023 19:24', NULL),
	(459, 'IV403', '7', '7500', '', 'I VIEW', 'RECETA', '', '', '28/04/2023 19:24', NULL),
	(460, 'IV409', '1', '7500', '', 'I VIEW', 'RECETA', '', '', '28/04/2023 19:24', NULL),
	(461, 'IV420', '1', '7500', '', 'I VIEW', 'RECETA', '', '', '28/04/2023 19:25', NULL),
	(462, 'IV422', '13', '7500', '', 'I VIEW', 'RECETA', '', '', '28/04/2023 19:25', NULL),
	(463, 'J8-3142-D330', '1', '17600', 'M', 'JEAN MONNIER', 'RECETA', 'INYECTADO', 'NEGRO -PAT METAL', '27/04/2023 10:50', NULL),
	(464, 'J8-3142-D331', '1', '17600', 'M', 'JEAN MONNIER', 'RECETA', 'INYECTADO', 'BORDO TRANSP -PAT METAL', '27/04/2023 10:50', NULL),
	(465, 'J8-3145-D352', '3', '17600', 'H', 'JEAN MONNIER', 'RECETA', 'INYECTADO ', 'NEGRO MATE -PAT METAL', '27/04/2023 10:51', NULL),
	(466, 'J8-3145-D353', '1', '17600', 'H', 'JEAN MONNIER', 'RECETA', 'INYECTADO ', 'AZUL MATE -PAT METAL', '27/04/2023 10:51', NULL),
	(467, 'J8-3152-E339', '4', '17600', 'H', 'JEAN MONNIER', 'RECETA', 'INYECTADO', 'NEGRO MATE', '27/04/2023 10:51', NULL),
	(468, 'J8-3152-E340', '3', '17600', 'H', 'JEAN MONNIER', 'RECETA', 'INYECTADO ', 'GRIS OSC MATE', '27/04/2023 10:52', NULL),
	(469, 'J8-3161-E973', '2', '17600', 'H', 'JEAN MONNIER', 'RECETA', 'INYECTADO ', 'AZUL', '27/04/2023 10:52', NULL),
	(470, 'J8-3171-F568', '2', '17600', 'H', 'JEAN MONNIER', 'RECETA', 'INYECTADO ', 'AZUL MATE', '27/04/2023 10:52', NULL),
	(471, 'J8-3171-F569', '1', '17600', 'H', 'JEAN MONNIER', 'RECETA', 'INYECTADO ', 'NEGRO/AZUL MATE', '27/04/2023 10:52', NULL),
	(472, 'J8-3173-F870', '1', '16500', 'H', 'JEAN MONNIER', 'RECETA', 'INYECTADO', 'NEGRO MATE', '27/04/2023 10:53', NULL),
	(473, 'J8-3173-F871', '1', '16500', 'H', 'JEAN MONNIER', 'RECETA', 'INYECTADO', 'AZUL MATE', '27/04/2023 10:53', NULL),
	(474, 'J8-3175-F878', '1', '17600', 'M', 'JEAN MONNIER', 'RECETA', 'INYECTADO', 'MARRON MOT -PAT NEGRA', '27/04/2023 10:53', NULL),
	(475, 'J8-3179-G486', '2', '17600', 'H', 'JEAN MONNIER', 'RECETA', 'INYECTADO', 'NEGRO MATE -PAT METAL', '27/04/2023 10:53', NULL),
	(476, 'J8-3179-H485', '1', '17600', 'H', 'JEAN MONNIER', 'RECETA', 'INYECTADO', 'GRIS TRANSP -PAT METAL', '27/04/2023 10:54', NULL),
	(477, 'J8-3184-G715', '2', '16500', 'M', 'JEAN MONNIER', 'RECETA', 'INYECTADO', 'NEGRO -PAT BEIGE', '27/04/2023 10:54', NULL),
	(478, 'J8-3184-G717', '2', '16500', 'M', 'JEAN MONNIER', 'RECETA', 'INYECTADO', 'NUDE TRANSP -PAT BLANCAS', '27/04/2023 10:54', NULL),
	(479, 'J8-3187-G726', '2', '17600', 'H', 'JEAN MONNIER', 'RECETA', 'INYECTADO ', 'NEGRO MATE/TRANSP -PAT AZUL', '27/04/2023 10:55', NULL),
	(480, 'J8-3187-G727', '1', '17600', 'H', 'JEAN MONNIER', 'RECETA', 'INYECTADO', 'NEGRO MATE', '27/04/2023 10:55', NULL),
	(481, 'J8-3187-G728', '3', '17600', 'H', 'JEAN MONNIER', 'RECETA', 'INYECTADO', 'AZUL MATE INT GRIS MATE', '27/04/2023 10:55', NULL),
	(482, 'J8-3190-G965', '1', '17600', 'M', 'JEAN MONNIER', 'RECETA', 'INYECTADO', 'NEGRO/TRANSPARENTE', '27/04/2023 10:55', NULL),
	(483, 'J8-3193-H237', '1', '17600', 'M', 'JEAN MONNIER', 'RECETA', 'INYECTADO', 'BORDO TRANSP -PAT METAL', '27/04/2023 10:56', NULL),
	(484, 'J8-3194-H241', '1', '17600', 'M', 'JEAN MONNIER', 'RECETA', 'INYECTADO', 'TRANSPARENTE -PAT METAL', '27/04/2023 10:56', NULL),
	(485, 'J8-3194-H242', '1', '17600', 'M', 'JEAN MONNIER', 'RECETA', 'INYECTADO ', 'CORAL TRANSP -PAT METAL', '27/04/2023 10:57', NULL),
	(486, 'J8-3194-H243', '1', '17600', 'M', 'JEAN MONNIER', 'RECETA', 'INYECTADO', 'GRIS TRANSP -PAT METAL', '27/04/2023 10:57', NULL),
	(487, 'J8-3194-I196', '2', '17600', 'M', 'JEAN MONNIER', 'RECETA', 'INYECTADO', 'NEGRO INT BORDO TRANSP -PAT METAL', '27/04/2023 10:57', NULL),
	(488, 'J8-3195-H245', '1', '16500', 'H', 'JEAN MONNIER', 'RECETA', 'INYECTADO', 'NEGRO MATE -PAT BORDO', '27/04/2023 10:58', NULL),
	(489, 'J8-3195-H246', '3', '16500', 'H', 'JEAN MONNIER', 'RECETA', 'INYECTADO', 'GRIS MATE/TRANSPARENTE', '27/04/2023 10:57', NULL),
	(490, 'J8-3195-H247', '3', '16500', 'H', 'JEAN MONNIER', 'RECETA', 'INYECTADO ', 'AZUL MATE', '27/04/2023 10:57', NULL),
	(491, 'J8-3195-I197', '2', '16500', 'H', 'JEAN MONNIER', 'RECETA', 'INYECTADO ', 'NEGRO MATE', '27/04/2023 10:58', NULL),
	(492, 'J8-3196-H248', '2', '16500', 'H', 'JEAN MONNIER', 'RECETA', 'INYECTADO', 'NEGRO MATE', '27/04/2023 10:59', NULL),
	(493, 'J8-3196-H249', '1', '16500', 'H', 'JEAN MONNIER', 'RECETA', 'INYECTADO', 'GRIS MATE TRANSP', '27/04/2023 10:58', NULL),
	(494, 'J8-3197-H709', '3', '17600', 'H', 'JEAN MONNIER', 'RECETA', 'INYECTADO', 'NEGRO MATE', '27/04/2023 10:59', NULL),
	(495, 'J8-3197-H710', '3', '17600', 'H', 'JEAN MONNIER', 'RECETA', 'INYECTADO', 'AZUL MATE -PAT GRIS', '27/04/2023 10:59', NULL),
	(496, 'J8-3197-I367', '3', '17600', 'H', 'JEAN MONNIER', 'RECETA', 'INYECTADO', 'NEGRO', '27/04/2023 10:59', NULL),
	(497, 'J8-3198-H706', '2', '17600', 'H', 'JEAN MONNIER', 'RECETA', 'INYECTADO', 'NEGRO MATE', '27/04/2023 11:00', NULL),
	(498, 'J8-3198-H707', '1', '17600', 'H', 'JEAN MONNIER', 'RECETA', 'INYECTADO', 'AZUL MATE TRANSP', '27/04/2023 11:00', NULL),
	(499, 'J8-3199-H695', '1', '17600', 'M', 'JEAN MONNIER', 'RECETA', 'INYECTADO', 'MARRON MOT TRANSP -PAT AZUL', '27/04/2023 11:01', NULL),
	(500, 'J8-3199-H696', '2', '17600', 'M', 'JEAN MONNIER', 'RECETA', 'INYECTADO', 'BORDO MOT TRANSP -PAT ROJA', '27/04/2023 11:00', NULL),
	(501, 'J8-3199-H697', '1', '17600', 'M', 'JEAN MONNIER', 'RECETA', 'INYECTADO', 'BORDO MOT TRANSP -PAT GRIS', '27/04/2023 11:01', NULL),
	(502, 'J8-3199-I363', '1', '17600', 'M', 'JEAN MONNIER', 'RECETA', 'INYECTADO', 'GRIS TRANSPARENTE', '27/04/2023 11:00', NULL),
	(503, 'J8-3199-I364', '2', '17600', 'M', 'JEAN MONNIER', 'RECETA', 'INYECTADO ', 'MARRON/TRANSP', '27/04/2023 11:00', NULL),
	(504, 'J8-3201-H698', '1', '17600', 'M', 'JEAN MONNIER', 'RECETA', 'INYECTADO ', 'TRANSPARENTE', '27/04/2023 11:02', NULL),
	(505, 'J8-3201-H699', '2', '17600', 'M', 'JEAN MONNIER', 'RECETA', 'INYECTADO', 'MARRON MOT TRANSP -PAT BEIGE', '27/04/2023 11:02', NULL),
	(506, 'J8-3201-I365', '2', '17600', 'M', 'JEAN MONNIER', 'RECETA', 'INYECTADO ', 'NEGRO', '27/04/2023 11:01', NULL),
	(507, 'J8-3203-H892', '1', '17600', 'M', 'JEAN MONNIER', 'RECETA', 'INYECTADO', 'MARRON OSC', '27/04/2023 11:02', NULL),
	(508, 'J8-3203-H893', '3', '17600', 'M', 'JEAN MONNIER', 'RECETA', 'INYECTADO', 'AZUL TRANSPARENTE', '27/04/2023 11:02', NULL),
	(509, 'J8-3204-H895', '1', '17600', 'M', 'JEAN MONNIER', 'RECETA', 'INYECTADO', 'MARRON MOT TRANSPARENTE', '27/04/2023 11:06', NULL),
	(510, 'J8-3204-H896', '1', '17600', 'M', 'JEAN MONNIER', 'RECETA', 'INYECTADO', 'MARRON MOTEADO TRANSP', '27/04/2023 11:08', NULL),
	(511, 'J8-3204-H898', '3', '17600', 'M', 'JEAN MONNIER', 'RECETA', 'INYECTADO', 'MARRON TRANSPARENTE', '27/04/2023 11:06', NULL),
	(512, 'J8-3204-I583', '2', '17600', 'M', 'JEAN MONNIER', 'RECETA', 'INYECTADO', 'CHERRY', '27/04/2023 11:08', NULL),
	(513, 'J8-3205-H888', '1', '16500', 'H', 'JEAN MONNIER', 'RECETA', 'INYECTADO', 'GRIS TRANSP MATE', '27/04/2023 11:11', NULL),
	(514, 'J8-3205-H889', '3', '16500', 'H', 'JEAN MONNIER', 'RECETA', 'INYECTADO', 'NEGRO MATE', '27/04/2023 11:11', NULL),
	(515, 'J8-3205-H890', '1', '16500', 'H', 'JEAN MONNIER', 'RECETA', 'INYECTADO ', 'NEGRO MATE -PAT AZUL OSC', '27/04/2023 11:10', NULL),
	(516, 'J8-3206-H878', '1', '17600', 'H', 'JEAN MONNIER', 'RECETA', 'INYECTADO', 'NEGRO MATE', '27/04/2023 11:11', NULL),
	(517, 'J8-3207-H881', '2', '17600', 'H', 'JEAN MONNIER', 'RECETA', 'INYECTADO', 'NEGRO MATE', '27/04/2023 11:18', NULL),
	(518, 'J8-3207-H882', '2', '17600', 'H', 'JEAN MONNIER', 'RECETA', 'INYECTADO', 'NEGRO MATE', '27/04/2023 11:18', NULL),
	(519, 'J8-3207-H883', '2', '17600', 'H', 'JEAN MONNIER', 'RECETA', 'INYECTADO', 'GRIS MATE -PAT BORDO', '27/04/2023 11:18', NULL),
	(520, 'J8-3208-I380', '1', '16500', 'M', 'JEAN MONNIER', 'RECETA', 'INYECTADO', 'GRIS TRANSPARENTE', '27/04/2023 11:18', NULL),
	(521, 'J8-3208-I382', '2', '16500', 'M', 'JEAN MONNIER', 'RECETA', 'INYECTADO', 'ROSA VIEJO TRANSP -PAT BORDO', '27/04/2023 11:19', NULL),
	(522, 'J8-3208-I383', '1', '16500', 'M', 'JEAN MONNIER', 'RECETA', 'INYECTADO', 'TRANSPARENTE -PAT NUDE', '27/04/2023 11:19', NULL),
	(523, 'J8-3209-I376', '2', '16500', 'M', 'JEAN MONNIER', 'RECETA', 'INYECTADO', 'GRIS TRANSPARENTE', '27/04/2023 11:19', NULL),
	(524, 'J8-3209-I377', '1', '16500', 'M', 'JEAN MONNIER', 'RECETA', 'INYECTADO', 'BORDO TRANSPARENTE', '27/04/2023 11:20', NULL),
	(525, 'J8-3209-I378', '1', '16500', 'M', 'JEAN MONNIER', 'RECETA', 'INYECTADO', 'BORDO OSC/BORDO TRANSP', '27/04/2023 11:20', NULL),
	(526, 'J8-3209-I379', '2', '16500', 'M', 'JEAN MONNIER', 'RECETA', 'INYECTADO', 'NUDE', '27/04/2023 11:19', NULL),
	(527, 'J8-3209-J094', '2', '16500', 'M', 'JEAN MONNIER', 'RECETA', 'INYECTADO', 'MARRON TRANSP C/ DET ARRIBA', '27/04/2023 11:19', NULL),
	(528, 'J8-3210-I173', '3', '17600', 'M', 'JEAN MONNIER', 'RECETA', 'INYECTADO ', 'BORDO TRANSP -PAT METAL', '27/04/2023 11:20', NULL),
	(529, 'J8-3210-I174', '2', '17600', 'M', 'JEAN MONNIER', 'RECETA', 'INYECTADO', 'MARRON MOT TRANSP -PAT METAL ', '27/04/2023 11:21', NULL),
	(530, 'J8-3210-I175', '2', '17600', 'M', 'JEAN MONNIER', 'RECETA', 'INYECTADO', 'GRIS/TRANSP -PAT METAL', '27/04/2023 11:21', NULL),
	(531, 'J8-3210-I584', '1', '17600', 'M', 'JEAN MONNIER', 'RECETA', 'INYECTADO', 'MARRON TRANSP/BORDO -PAT METAL', '27/04/2023 11:20', NULL),
	(532, 'J8-3211-I177', '3', '17600', 'H', 'JEAN MONNIER', 'RECETA', 'INYECTADO', 'NEGRO MATE -PAT METAL', '27/04/2023 11:21', NULL),
	(533, 'J8-3211-I178', '1', '17600', 'H', 'JEAN MONNIER', 'RECETA', 'INYECTADO ', 'AZUL MATE/MARRON -PAT METAL', '27/04/2023 11:22', NULL),
	(534, 'J8-3211-I179', '4', '17600', 'H', 'JEAN MONNIER', 'RECETA', 'INYECTADO', 'GRIS MATE INT BORDO -PAT METAL', '27/04/2023 11:22', NULL),
	(535, 'J8-3211-I586', '3', '17600', 'H', 'JEAN MONNIER', 'RECETA', 'INYECTADO', 'GRIS TRANSP -PAT METAL', '27/04/2023 11:22', NULL),
	(536, 'J8-3212-I180', '2', '16500', 'H', 'JEAN MONNIER', 'RECETA', 'INYECTADO', 'NEGRO MATE', '27/04/2023 11:28', NULL),
	(537, 'J8-3212-I182', '2', '16500', 'H', 'JEAN MONNIER', 'RECETA', 'INYECTADO', 'AZUL MATE -PAT NEGRA', '27/04/2023 11:28', NULL),
	(538, 'J8-3213-I567', '2', '17600', 'M', 'JEAN MONNIER', 'RECETA', 'INYECTADO', 'NEGRO/NEGRO MATE', '27/04/2023 11:30', NULL),
	(539, 'J8-3213-I568', '1', '17600', 'M', 'JEAN MONNIER', 'RECETA', 'INYECTADO', 'MARRON/MARRON MATE', '27/04/2023 11:31', NULL),
	(540, 'J8-3213-I569', '1', '17600', 'M', 'JEAN MONNIER', 'RECETA', 'INYECTADO', 'GRIS TRANSPARENTE', '27/04/2023 11:31', NULL),
	(541, 'J8-3213-J095', '3', '17600', 'M', 'JEAN MONNIER', 'RECETA', 'INYECTADO', 'NUDE', '27/04/2023 11:31', NULL),
	(542, 'J8-3214-I548', '3', '17600', 'M', 'JEAN MONNIER', 'RECETA', 'INYECTADO', 'GRIS TRANSP -PAT METAL', '27/04/2023 11:31', NULL),
	(543, 'J8-3214-I550', '2', '17600', 'M', 'JEAN MONNIER', 'RECETA', 'INYECTADO', 'MARRON TRANSP/ MARRON MOT -PAT METAL', '27/04/2023 11:32', NULL),
	(544, 'J8-3214-I551', '3', '17600', 'M', 'JEAN MONNIER', 'RECETA', 'INYECTADO', 'ROSA VIEJO TRANSP -PAT METAL', '27/04/2023 11:32', NULL),
	(545, 'J8-3214-J054', '4', '17600', 'M', 'JEAN MONNIER', 'RECETA', 'INYECTADO', 'BORDO TRANSP -PAT METAL', '27/04/2023 11:31', NULL),
	(546, 'J8-3215-I552', '1', '17600', 'M', 'JEAN MONNIER', 'RECETA', 'INYECTADO', 'RED NEGRO -PAT METAL', '27/04/2023 11:33', NULL),
	(547, 'J8-3215-I553', '1', '17600', 'M', 'JEAN MONNIER', 'RECETA', 'INYECTADO', 'RED MARRON MOT TRANSP -PAT METAL', '27/04/2023 11:33', NULL),
	(548, 'J8-3215-I554', '1', '17600', 'M', 'JEAN MONNIER', 'RECETA', 'INYECTADO', 'RED MARRON VET -PAT METAL', '27/04/2023 11:33', NULL),
	(549, 'J8-3215-I555', '2', '17600', 'M', 'JEAN MONNIER', 'RECETA', 'INYECTADO ', 'TRANSPARENTE -PAT METAL', '27/04/2023 11:33', NULL),
	(550, 'J8-3216-I571', '2', '17600', 'H', 'JEAN MONNIER', 'RECETA', 'INYECTADO', 'NEGRO MATE INT NEGRO', '27/04/2023 11:34', NULL),
	(551, 'J8-3216-I572', '3', '17600', 'H', 'JEAN MONNIER', 'RECETA', 'INYECTADO', 'GRIS MATE INT GRIS', '27/04/2023 11:34', NULL),
	(552, 'J8-3216-I573', '2', '17600', 'H', 'JEAN MONNIER', 'RECETA', 'INYECTADO', 'AZUL MATE INT AZUL', '27/04/2023 11:34', NULL),
	(553, 'J8-3217-I556', '1', '17600', 'H', 'JEAN MONNIER', 'RECETA', 'INYECTADO ', 'NEGRO MATE -PAT METAL', '27/04/2023 11:35', NULL),
	(554, 'J8-3217-I557', '3', '17600', 'H', 'JEAN MONNIER', 'RECETA', 'INYECTADO', 'AZUL MATE -PAT METAL', '27/04/2023 11:35', NULL),
	(555, 'J8-3217-I558', '2', '17600', 'H', 'JEAN MONNIER', 'RECETA', 'INYECTADO', 'GRIS TRANSP -PAT METAL', '27/04/2023 11:35', NULL),
	(556, 'J8-3218-J296', '2', '16500', 'U', 'JEAN MONNIER', 'RECETA ', 'INYECTADO', 'NEGRO MATE', '27/04/2023 11:35', NULL),
	(557, 'J8-3218-J297', '1', '16500', 'U', 'JEAN MONNIER', 'RECETA ', 'INYECTADO', 'NEGRO MATE -PAT BORDO', '27/04/2023 11:35', NULL),
	(558, 'J8-3218-J298', '1', '16500', 'U', 'JEAN MONNIER', 'RECETA ', 'INYECTADO', 'GRIS MATE/TRANSP -PAT AZUL', '27/04/2023 11:36', NULL),
	(559, 'J8-3219-J011', '2', '17600', 'H', 'JEAN MONNIER', 'RECETA ', 'INYECTADO', 'NEGRO MATE -PAT METAL', '27/04/2023 11:36', NULL),
	(560, 'J8-3219-J012', '3', '17600', 'H', 'JEAN MONNIER', 'RECETA ', 'INYECTADO', 'AZUL MATE -PAT METAL', '27/04/2023 11:37', NULL),
	(561, 'J8-3219-J013', '2', '17600', 'H', 'JEAN MONNIER', 'RECETA ', 'INYECTADO', 'GRIS TRANSP -PAT METAL AZUL', '27/04/2023 11:37', NULL),
	(562, 'J8-3220-J346', '2', '17600', 'M', 'JEAN MONNIER', 'RECETA ', 'INYECTADO', 'TRANSPARENTE C/ONDAS', '27/04/2023 11:37', NULL),
	(563, 'J8-3220-J347', '1', '17600', 'M', 'JEAN MONNIER', 'RECETA ', 'INYECTADO', 'BORDO TRANSP C/ONDAS', '27/04/2023 11:37', NULL),
	(564, 'J8-3220-J348', '2', '17600', 'M', 'JEAN MONNIER', 'RECETA', 'INYECTADO', 'MARRON TRANSP C/ONDAS', '27/04/2023 11:37', NULL),
	(565, 'J8-3220-J349', '3', '17600', 'M', 'JEAN MONNIER', 'RECETA ', 'INYECTADO', 'GRIS TRANSPARENTE C/ONDAS', '27/04/2023 11:38', NULL),
	(566, 'J8-3221-J316', '3', '16500', 'H', 'JEAN MONNIER', 'RECETA', 'INYECTADO', 'NEGRO MATE', '27/04/2023 11:38', NULL),
	(567, 'J8-3221-J317', '3', '16500', 'H', 'JEAN MONNIER', 'RECETA ', 'INYECTADO', 'GRIS MATE', '27/04/2023 11:38', NULL),
	(568, 'J8-3221-J318', '3', '16500', 'H', 'JEAN MONNIER', 'RECETA ', 'INYECTADO', 'AZUL MATE', '27/04/2023 11:38', NULL),
	(569, 'J8-3222-J014', '2', '17600', 'M', 'JEAN MONNIER', 'RECETA ', 'INYECTADO', 'GRIS TRANSP- PAT METAL', '27/04/2023 11:40', NULL),
	(570, 'J8-3222-J015', '1', '17600', 'M', 'JEAN MONNIER', 'RECETA ', 'INYECTADO', 'MARRON MOT TRANSP- PAT METAL', '27/04/2023 11:40', NULL),
	(571, 'J8-3222-J016', '2', '17600', 'M', 'JEAN MONNIER', 'RECETA ', 'INYECTADO', 'BORDO TRANSP- PAT METAL', '27/04/2023 11:41', NULL),
	(572, 'J8-3222-J017', '3', '17600', 'M', 'JEAN MONNIER', 'RECETA ', 'INYECTADO', 'MARRON TRANSP- PAT METAL', '27/04/2023 11:41', NULL),
	(573, 'J8-3223-J312', '2', '17600', 'M', 'JEAN MONNIER', 'RECETA', 'INYECTADO', 'GRIS TRANSP CON ONDAS', '27/04/2023 11:42', NULL),
	(574, 'J8-3224-J319', '3', '16500', 'H', 'JEAN MONNIER', 'RECETA ', 'INYECTADO', 'NEGRO MATE', '27/04/2023 11:43', NULL),
	(575, 'J8-3224-J320', '3', '16500', 'H', 'JEAN MONNIER', 'RECETA ', 'INYECTADO', 'AZUL MATE', '27/04/2023 11:43', NULL),
	(576, 'J8-3224-J321', '1', '16500', 'H', 'JEAN MONNIER', 'RECETA ', 'INYECTADO', 'GRIS MATE TRANSP', '27/04/2023 11:43', NULL),
	(577, 'J8-3225-J018', '4', '17600', 'M', 'JEAN MONNIER', 'RECETA ', 'INYECTADO', 'NEGRO -PAT METAL', '27/04/2023 11:44', NULL),
	(578, 'J8-3225-J019', '2', '17600', 'M', 'JEAN MONNIER', 'RECETA', 'INYECTADO', 'MARRON MOT TRANSP -PAT METAL', '27/04/2023 11:44', NULL),
	(579, 'J8-3225-J021', '2', '17600', 'M', 'JEAN MONNIER', 'RECETA', 'INYECTADO', 'TRANSPARENTE -PAT NUDE', '27/04/2023 11:44', NULL),
	(580, 'K317C7CLIP', '1', '47400', 'N', 'OPTITECH', 'RECETA ', 'TR90', 'CLIP ON S/FLEX ROSA DET BLANCO', '27/04/2023 12:10', NULL),
	(581, 'K318C8CLIP', '1', '47400', 'N', 'OPTITECH', 'RECETA ', 'TR90', 'CLIP ON S/FLEX AZUL OSC DET GRIS', '27/04/2023 12:11', NULL),
	(582, 'K321C4CLIP', '1', '47400', 'N', 'OPTITECH', 'RECETA ', 'TR90', 'CLIP ON S/FLEX VIOLETA/LILA', '27/04/2023 12:12', NULL),
	(583, 'K321C6CLIP', '1', '47400', 'N', 'OPTITECH', 'RECETA ', 'TR90', 'CLIP ON S/FLEX NEGRO/CORAL', '27/04/2023 12:12', NULL),
	(584, 'K322C1CLIP', '1', '47400', 'N', 'OPTITECH', 'RECETA ', 'TR90', 'CLIP ON S/FLEX NEGRO/TURQUESA', '27/04/2023 12:12', NULL),
	(585, 'KIDDOS', '7', '6500', '', 'KIDDOS', 'RECETA', '', '', '19/10/2022 18:56', NULL),
	(586, 'KKV291C2', '1', '13500', '', 'KAOS-', 'RECETA', '', '', '13/03/2023 11:20', NULL),
	(587, 'KKV293C3', '3', '13500', '', 'KAOS-', 'RECETA', '', '', '12/07/2022 18:37', NULL),
	(588, 'KKV300C3', '1', '13500', '', 'KAOS-', 'RECETA', '', '', '12/07/2022 18:38', NULL),
	(589, 'KKV302C2', '3', '13500', '', 'KAOS-', 'RECETA', '', '', '12/07/2022 18:37', NULL),
	(590, 'KKV304C2', '1', '13500', '', 'KAOS-', 'RECETA', '', '', '12/07/2022 18:38', NULL),
	(591, 'KKV309C3', '2', '13500', '', 'KAOS-', 'RECETA', '', '', '12/07/2022 18:37', NULL),
	(592, 'KKV309C4', '2', '13500', '', 'KAOS-', 'RECETA', '', '', '12/07/2022 18:37', NULL),
	(593, 'KKV314C1', '1', '13500', '', 'KAOS-', 'RECETA', '', '', '12/07/2022 18:36', NULL),
	(594, 'KKV323C2', '2', '13500', '', 'KAOS-', 'RECETA', '', '', '12/07/2022 18:36', NULL),
	(595, 'KKV323C3', '1', '13500', '', 'KAOS-', 'RECETA', '', '', '12/07/2022 18:36', NULL),
	(596, 'KKV326C3', '1', '13500', '', 'KAOS-', 'RECETA', '', '', '12/07/2022 18:35', NULL),
	(597, 'KKV326C4', '3', '13500', '', 'KAOS-', 'RECETA', '', '', '12/07/2022 18:36', NULL),
	(598, 'KKV327C1', '1', '13500', '', 'KAOS-', 'RECETA', '', '', '12/07/2022 18:35', NULL),
	(599, 'KKV327C2', '2', '13500', '', 'KAOS-', 'RECETA', '', '', '12/07/2022 18:35', NULL),
	(600, 'KKV327C3', '3', '13500', '', 'KAOS-', 'RECETA', '', '', '12/07/2022 18:35', NULL),
	(601, 'KKV329C1', '1', '13500', '', 'KAOS-', 'RECETA', '', '', '12/07/2022 18:34', NULL),
	(602, 'KKV329C3', '2', '13500', '', 'KAOS-', 'RECETA', '', '', '12/07/2022 18:35', NULL),
	(603, 'KKV332C2', '2', '13500', '', 'KAOS-', 'RECETA', '', '', '12/07/2022 18:34', NULL),
	(604, 'KKV332C4', '1', '13500', '', 'KAOS-', 'RECETA', '', '', '12/07/2022 18:34', NULL),
	(605, 'KKV340C1', '2', '13500', '', 'KAOS-', 'RECETA', '', '', '12/07/2022 18:33', NULL),
	(606, 'KKV340C3', '1', '13500', '', 'KAOS-', 'RECETA', '', '', '12/07/2022 18:33', NULL),
	(607, 'KKV342C2', '4', '13500', '', 'KAOS-', 'RECETA', '', '', '12/07/2022 18:33', NULL),
	(608, 'KKV342C4', '2', '13500', '', 'KAOS-', 'RECETA', '', '', '12/07/2022 18:33', NULL),
	(609, 'KKV351C2', '3', '13500', '', 'KAOS-', 'RECETA', '', '', '27/04/2023 17:43', NULL),
	(610, 'KKV351C3', '2', '13500', '', 'KAOS-', 'RECETA', '', '', '12/07/2022 18:33', NULL),
	(611, 'KKV354C2', '4', '13500', '', 'KAOS-', 'RECETA', '', '', '27/04/2023 17:43', NULL),
	(612, 'KKV354C3', '6', '13500', '', 'KAOS-', 'RECETA', '', '', '27/04/2023 17:43', NULL),
	(613, 'KKV358C2', '1', '13500', '', 'KAOS-', 'RECETA', '', '', '27/04/2023 17:42', NULL),
	(614, 'KKV362C3', '2', '13500', '', 'KAOS-', 'RECETA', '', '', '27/04/2023 17:42', NULL),
	(615, 'KKV362C4', '2', '13500', '', 'KAOS-', 'RECETA', '', '', '27/04/2023 17:42', NULL),
	(616, 'KKV368C4', '2', '13500', '', 'KAOS-', 'RECETA', '', '', '27/04/2023 17:42', NULL),
	(617, 'KKV370C3', '5', '13500', '', 'KAOS-', 'RECETA', '', '', '27/04/2023 17:42', NULL),
	(618, 'KP-3093-E748', '1', '22500', 'M', 'KIPLING', 'RECETA', 'INYECTADO', 'BORDO TRANSPARENTE', '27/04/2023 11:45', NULL),
	(619, 'KP-3112-G119', '1', '22500', 'M', 'KIPLING', 'RECETA', 'INYECTADO ', 'NEGRO INT BORDO -PAT METAL', '27/04/2023 11:45', NULL),
	(620, 'KP-3122-G745', '1', '22500', 'M', 'KIPLING', 'RECETA', 'INYECTADO', 'AZUL TRANSP -PAT METAL', '27/04/2023 11:46', NULL),
	(621, 'KP-3125-G979', '1', '22500', 'M', 'KIPLING', 'RECETA', 'INYECTADO', 'NEGRO -PAT METAL', '27/04/2023 11:46', NULL),
	(622, 'KP-3127-G988', '1', '21200', 'M', 'KIPLING', 'RECETA', 'INYECTADO', 'TRANSPARENTE -PAT BLANCA', '27/04/2023 11:47', NULL),
	(623, 'KP-3127-G990', '1', '21200', 'M', 'KIPLING', 'RECETA', 'INYECTADO', 'NEGRO INTTRANSP -PAT MOT', '27/04/2023 11:47', NULL),
	(624, 'KP-3130-H352', '2', '21200', 'M', 'KIPLING', 'RECETA', 'INYECTADO', 'BORDO/TRANSP', '27/04/2023 11:47', NULL),
	(625, 'KP-3133-H513', '1', '22500', 'M', 'KIPLING', 'RECETA', 'INYECTADO', 'RED NEGRO -PAT METAL', '27/04/2023 11:48', NULL),
	(626, 'KP-3134-H520', '1', '22500', 'M', 'KIPLING', 'RECETA', 'INYECTADO', 'MARRON MOT TRANSP -PAT METAL', '27/04/2023 11:48', NULL),
	(627, 'KP-3136-H521', '1', '21200', 'M', 'KIPLING', 'RECETA', 'INYECTADO', 'AZUL TRANSP- PAT GRIS', '27/04/2023 11:48', NULL),
	(628, 'KP-3136-H523', '1', '21200', 'M', 'KIPLING', 'RECETA', 'INYECTADO', 'AZUL INT VERDE', '27/04/2023 11:49', NULL),
	(629, 'KP-3136-I357', '1', '21200', 'M', 'KIPLING', 'RECETA', 'INYECTADO', 'NEGRO INT NUDE TRANSP', '27/04/2023 11:49', NULL),
	(630, 'KP-3139-H844', '1', '22500', 'M', 'KIPLING', 'RECETA', 'INYECTADO', 'NEGRO  -PAT METAL', '27/04/2023 11:50', NULL),
	(631, 'KP-3139-H845', '1', '22500', 'M', 'KIPLING', 'RECETA', 'INYECTADO', 'MARRON MOT -PAT METAL', '27/04/2023 11:50', NULL),
	(632, 'KP-3139-H847', '1', '22500', 'M', 'KIPLING', 'RECETA', 'INYECTADO', 'NUDE -PAT METAL', '27/04/2023 11:50', NULL),
	(633, 'KP-3139-I605', '1', '22500', 'M', 'KIPLING', 'RECETA', 'INYECTADO', 'GRIS TRANSP -PAT METAL', '27/04/2023 11:50', NULL),
	(634, 'KP-3143-I655', '1', '21200', 'M', 'KIPLING', 'RECETA', 'INYECTADO', 'AZUL DETALLE GRIS', '27/04/2023 11:50', NULL),
	(635, 'KP-3144-I642', '1', '22500', 'M', 'KIPLING', 'RECETA', 'INYECTADO', 'NEGRO -PAT METAL', '27/04/2023 11:51', NULL),
	(636, 'KP-3144-I643', '1', '22500', 'M', 'KIPLING', 'RECETA', 'INYECTADO', 'BORDO TRANSP -PAT METAL', '27/04/2023 11:51', NULL),
	(637, 'KP-3145-I650', '1', '21200', 'M', 'KIPLING', 'RECETA', 'INYECTADO', 'NEGRO', '27/04/2023 11:51', NULL),
	(638, 'KP-3145-I651', '1', '21200', 'M', 'KIPLING', 'RECETA', 'INYECTADO', 'TRANSP/NUDE -PAT NUDE', '27/04/2023 11:51', NULL),
	(639, 'KP-3145-I653', '1', '21200', 'M', 'KIPLING', 'RECETA', 'INYECTADO', 'BORDO TRANSP', '27/04/2023 11:52', NULL),
	(640, 'LAZ-KIDS', '22', '7500', '', 'LAZ KIDS', 'RECETA', '', '', '28/04/2023 19:27', NULL),
	(641, 'LER-019C19', '11', '20700', '', 'DISTROLLER', 'RECETA', '', '', '28/04/2023 17:23', NULL),
	(642, 'LER-064C19', '9', '20700', '', 'DISTROLLER', 'RECETA', '', '', '28/04/2023 17:24', NULL),
	(643, 'LER-068C9', '9', '20700', '', 'DISTROLLER', 'RECETA', '', '', '28/04/2023 17:24', NULL),
	(644, 'LER-073C9', '7', '20700', '', 'DISTROLLER', 'RECETA', '', '', '28/04/2023 17:24', NULL),
	(645, 'LER-075C17', '11', '20700', '', 'DISTROLLER', 'RECETA', '', '', '28/04/2023 17:24', NULL),
	(646, 'LIGNE-DESIRE', '3', '5400', '', 'LIGNE-DESIRE', 'RECETA', '', '', '06/10/2022 19:28', NULL),
	(647, 'LM3055C3', '1', '28900', '', 'LA MATTA', 'RECETA', '', '', '27/04/2023 17:50', NULL),
	(648, 'LM3062C4', '2', '28900', '', 'LA MATTA', 'RECETA', '', '', '27/04/2023 17:50', NULL),
	(649, 'LM3080C1', '1', '28900', '', 'LA MATTA', 'RECETA', '', '', '27/04/2023 17:49', NULL),
	(650, 'LM3080C4', '1', '28900', '', 'LA MATTA', 'RECETA', '', '', '27/04/2023 17:49', NULL),
	(651, 'LM3090C2', '1', '24200', '', 'LA MATTA', 'RECETA', '', '', '27/04/2023 17:50', NULL),
	(652, 'LM3102C3', '1', '24200', '', 'LA MATTA', 'RECETA', '', '', '27/04/2023 17:53', NULL),
	(653, 'LM3107C1', '1', '24200', '', 'LA MATTA', 'RECETA', '', '', '27/04/2023 17:53', NULL),
	(654, 'LM3107C2', '3', '24200', '', 'LA MATTA', 'RECETA', '', '', '27/04/2023 17:53', NULL),
	(655, 'LM3107C3', '2', '24200', '', 'LA MATTA', 'RECETA', '', '', '27/04/2023 17:53', NULL),
	(656, 'LM3108C1', '3', '24200', '', 'LA MATTA', 'RECETA', '', '', '27/04/2023 17:54', NULL),
	(657, 'LM3108C3', '1', '24200', '', 'LA MATTA', 'RECETA', '', '', '27/04/2023 17:54', NULL),
	(658, 'LM3108C4', '6', '24200', '', 'LA MATTA', 'RECETA', '', '', '27/04/2023 17:54', NULL),
	(659, 'LM3109C1', '5', '24200', '', 'LA MATTA', 'RECETA', '', '', '27/04/2023 17:52', NULL),
	(660, 'LM3109C2', '3', '24200', '', 'LA MATTA', 'RECETA', '', '', '27/04/2023 17:55', NULL),
	(661, 'LM3109C3', '2', '24200', '', 'LA MATTA', 'RECETA', '', '', '27/04/2023 17:55', NULL),
	(662, 'LM3109C4', '3', '24200', '', 'LA MATTA', 'RECETA', '', '', '27/04/2023 17:55', NULL),
	(663, 'LM3110C2', '2', '28900', '', 'LA MATTA', 'RECETA', '', '', '27/04/2023 17:55', NULL),
	(664, 'LM3110C3', '1', '28900', '', 'LA MATTA', 'RECETA', '', '', '27/04/2023 17:55', NULL),
	(665, 'LM3113C3', '3', '28900', '', 'LA MATTA', 'RECETA', '', '', '27/04/2023 18:11', NULL),
	(666, 'LM3114C2', '4', '28900', '', 'LA MATTA', 'RECETA', '', '', '27/04/2023 17:56', NULL),
	(667, 'LM3114C4', '3', '28900', '', 'LA MATTA', 'RECETA', '', '', '27/04/2023 17:56', NULL),
	(668, 'LM3115C3', '2', '24200', '', 'LA MATTA', 'RECETA', '', '', '27/04/2023 17:57', NULL),
	(669, 'LM3115C4', '2', '24200', '', 'LA MATTA', 'RECETA', '', '', '27/04/2023 17:57', NULL),
	(670, 'LM3117C2', '5', '24200', '', 'LA MATTA', 'RECETA', '', '', '27/04/2023 17:58', NULL),
	(671, 'LM3117C4', '3', '24200', '', 'LA MATTA', 'RECETA', '', '', '27/04/2023 17:58', NULL),
	(672, 'LM3118C1', '3', '24200', '', 'LA MATTA', 'RECETA', '', '', '27/04/2023 17:58', NULL),
	(673, 'LM3118C2', '2', '24200', '', 'LA MATTA', 'RECETA', '', '', '27/04/2023 17:58', NULL),
	(674, 'LM3118C4', '1', '24200', '', 'LA MATTA', 'RECETA', '', '', '27/04/2023 17:59', NULL),
	(675, 'LM3119C4', '2', '24200', '', 'LA MATTA', 'RECETA', '', '', '27/04/2023 17:59', NULL),
	(676, 'LM3120C1', '4', '24200', '', 'LA MATTA', 'RECETA', '', '', '27/04/2023 17:59', NULL),
	(677, 'LM3120C2', '4', '24200', '', 'LA MATTA', 'RECETA', '', '', '27/04/2023 17:59', NULL),
	(678, 'LM3123C1', '4', '24200', '', 'LA MATTA', 'RECETA', '', '', '27/04/2023 18:00', NULL),
	(679, 'LM3124C1', '4', '24200', '', 'LA MATTA', 'RECETA', '', '', '27/04/2023 18:01', NULL),
	(680, 'LM3124C3', '2', '24200', '', 'LA MATTA', 'RECETA', '', '', '27/04/2023 18:01', NULL),
	(681, 'LM3124C4', '3', '24200', '', 'LA MATTA', 'RECETA', '', '', '27/04/2023 18:01', NULL),
	(682, 'LM3125C4', '1', '24200', '', 'LA MATTA', 'RECETA', '', '', '27/04/2023 18:02', NULL),
	(683, 'LM3126C1', '6', '28900', '', 'LA MATTA', 'RECETA', '', '', '27/04/2023 17:52', NULL),
	(684, 'LM3126C2', '2', '28900', '', 'LA MATTA', 'RECETA', '', '', '27/04/2023 18:02', NULL),
	(685, 'LM3126C4', '1', '28900', '', 'LA MATTA', 'RECETA', '', '', '27/04/2023 18:02', NULL),
	(686, 'LM3127C1', '2', '24200', '', 'LA MATTA', 'RECETA', '', '', '27/04/2023 18:03', NULL),
	(687, 'LM3127C2', '4', '24200', '', 'LA MATTA', 'RECETA', '', '', '27/04/2023 18:03', NULL),
	(688, 'LM3127C3', '5', '24200', '', 'LA MATTA', 'RECETA', '', '', '27/04/2023 18:02', NULL),
	(689, 'LM3127C4', '6', '24200', '', 'LA MATTA', 'RECETA', '', '', '27/04/2023 18:03', NULL),
	(690, 'LM3128C1', '6', '28900', '', 'LA MATTA', 'RECETA', '', '', '27/04/2023 18:03', NULL),
	(691, 'LM3128C2', '5', '28900', '', 'LA MATTA', 'RECETA', '', '', '27/04/2023 18:03', NULL),
	(692, 'LM3129C1', '5', '28900', '', 'LA MATTA', 'RECETA', '', '', '27/04/2023 18:04', NULL),
	(693, 'LM3129C3', '1', '28900', '', 'LA MATTA', 'RECETA', '', '', '27/04/2023 18:04', NULL),
	(694, 'LM3129C4', '5', '28900', '', 'LA MATTA', 'RECETA', '', '', '27/04/2023 17:47', NULL),
	(695, 'LM3132C1', '8', '24200', '', 'LA MATTA', 'RECETA', '', '', '27/04/2023 17:51', NULL),
	(696, 'LM3132C2', '12', '24200', '', 'LA MATTA', 'RECETA', '', '', '27/04/2023 17:51', NULL),
	(697, 'LM3132C3', '3', '24200', '', 'LA MATTA', 'RECETA', '', '', '27/04/2023 18:05', NULL),
	(698, 'LM3132C4', '5', '24200', '', 'LA MATTA', 'RECETA', '', '', '27/04/2023 18:04', NULL),
	(699, 'LM3134C1', '6', '28900', '', 'LA MATTA', 'RECETA', '', '', '27/04/2023 18:06', NULL),
	(700, 'LM3134C2', '1', '28900', '', 'LA MATTA', 'RECETA', '', '', '27/04/2023 18:06', NULL),
	(701, 'LM3134C3', '2', '28900', '', 'LA MATTA', 'RECETA', '', '', '27/04/2023 18:05', NULL),
	(702, 'LM3135C4', '6', '24200', '', 'LA MATTA', 'RECETA', '', '', '27/04/2023 17:52', NULL),
	(703, 'LM3137C2', '4', '28900', '', 'LA MATTA', 'RECETA', '', '', '27/04/2023 18:06', NULL),
	(704, 'LM3137C3', '4', '28900', '', 'LA MATTA', 'RECETA', '', '', '27/04/2023 17:48', NULL),
	(705, 'LM3137C4', '4', '28900', '', 'LA MATTA', 'RECETA', '', '', '27/04/2023 17:48', NULL),
	(706, 'LM3138C2', '1', '28900', '', 'LA MATTA', 'RECETA', '', '', '27/04/2023 18:07', NULL),
	(707, 'LM3140C3', '5', '28900', '', 'LA MATTA', 'RECETA', '', '', '27/04/2023 17:48', NULL),
	(708, 'LM3143C3', '1', '24200', '', 'LA MATTA', 'RECETA', '', '', '27/04/2023 18:08', NULL),
	(709, 'LM3144C2', '5', '28900', '', 'LA MATTA', 'RECETA', '', '', '27/04/2023 18:08', NULL),
	(710, 'LM3144C3', '5', '28900', '', 'LA MATTA', 'RECETA', '', '', '27/04/2023 18:08', NULL),
	(711, 'LM3145C1', '2', '24200', '', 'LA MATTA', 'RECETA', '', '', '27/04/2023 17:46', NULL),
	(712, 'LM3145C3', '1', '24200', '', 'LA MATTA', 'RECETA', '', '', '27/04/2023 17:46', NULL),
	(713, 'LM3160C1', '4', '28900', '', 'LA MATTA', 'RECETA', '', '', '27/04/2023 18:09', NULL),
	(714, 'LM3160C2', '4', '28900', '', 'LA MATTA', 'RECETA', '', '', '27/04/2023 18:09', NULL),
	(715, 'LM3160C3', '4', '28900', '', 'LA MATTA', 'RECETA', '', '', '27/04/2023 17:48', NULL),
	(716, 'LM3160C4', '1', '28900', '', 'LA MATTA', 'RECETA', '', '', '27/04/2023 18:09', NULL),
	(717, 'LM3162C1', '3', '28900', '', 'LA MATTA', 'RECETA', '', '', '27/04/2023 17:49', NULL),
	(718, 'LM3164C1', '2', '28900', '', 'LA MATTA', 'RECETA', '', '', '27/04/2023 18:10', NULL),
	(719, 'LM3164C4', '5', '28900', '', 'LA MATTA', 'RECETA', '', '', '27/04/2023 17:47', NULL),
	(720, 'LS008C2', '7', '22400', 'M', 'CADES', 'RECETA', 'CAREY', 'NUDE TRANSP/DORADO', '28/04/2023 10:53', NULL),
	(721, 'LS008C6', '9', '22400', 'M', 'CADES', 'RECETA', 'CAREY', 'BORDO/DORADO', '28/04/2023 10:53', NULL),
	(722, 'LS010C1', '5', '22400', 'M', 'CADES', 'RECETA', 'CAREY', 'LABRADO NEGRO', '28/04/2023 10:54', NULL),
	(723, 'LS010C2', '11', '22400', 'M', 'CADES', 'RECETA', 'CAREY', 'LABRADO TRANSPARENTE', '28/04/2023 10:54', NULL),
	(724, 'LS010C4', '10', '22400', 'M', 'CADES', 'RECETA', 'CAREY', 'LABRADO ROSA', '28/04/2023 10:56', NULL),
	(725, 'LS014C1', '5', '22400', 'M', 'CADES', 'RECETA', 'CAREY', 'NEGRO', '28/04/2023 10:54', NULL),
	(726, 'LS014C5', '3', '22400', 'M', 'CADES', 'RECETA', 'CAREY', 'TOSTADO/TRANSP', '28/04/2023 10:55', NULL),
	(727, 'LS014C8', '8', '22400', 'M', 'CADES', 'RECETA', 'CAREY', 'CELESTE TRANSP', '28/04/2023 10:55', NULL),
	(728, 'LS015C1', '12', '23800', 'M', 'CADES', 'RECETA', 'CAREY', 'NEGRO', '11/05/2023 18:53', NULL),
	(729, 'LS015C2', '15', '23800', 'M', 'CADES', 'RECETA', 'CAREY', 'NUDE TRANSP', '11/05/2023 18:53', NULL),
	(730, 'LS015C3', '10', '23800', 'M', 'CADES', 'RECETA', 'CAREY', 'TOSTADO', '11/05/2023 18:53', NULL),
	(731, 'LS020C1', '11', '22400', 'M', 'CADES', 'RECETA', 'CAREY', 'NEGRO', '28/04/2023 11:00', NULL),
	(732, 'LS020C2', '10', '22400', 'M', 'CADES', 'RECETA', 'CAREY', 'TRANSPARENTE', '28/04/2023 10:56', NULL),
	(733, 'LS020C5', '4', '22400', 'M', 'CADES', 'RECETA', 'CAREY', 'AN PRINT MARRON', '28/04/2023 10:56', NULL),
	(734, 'LS023C1', '11', '22400', 'M', 'CADES', 'RECETA', 'CAREY', 'NEGRO', '28/04/2023 11:03', NULL),
	(735, 'LS023C2', '14', '22400', 'M', 'CADES', 'RECETA', 'CAREY', 'TRANSPARENTE', '28/04/2023 11:03', NULL),
	(736, 'LS023C3', '17', '22400', 'M', 'CADES', 'RECETA', 'CAREY', 'ROSA TRANSPARENTE', '28/04/2023 11:03', NULL),
	(737, 'LS023C5', '6', '22400', 'M', 'CADES', 'RECETA', 'CAREY', 'AN PRINT MARRON', '28/04/2023 11:03', NULL),
	(738, 'LS024C2', '10', '29900', 'M', 'CADES', 'RECETA', 'CAREY', 'BORDO/TRANSPARENTE', '28/04/2023 11:04', NULL),
	(739, 'LS027C1', '9', '24800', 'M', 'CADES', 'RECETA', 'CAREY', 'NEGRO', '28/04/2023 11:04', NULL),
	(740, 'LS027C10', '5', '24800', 'M', 'CADES', 'RECETA', 'CAREY', 'GRIS TRANSPARENTE', '28/04/2023 11:05', NULL),
	(741, 'LS027C2', '3', '24800', 'M', 'CADES', 'RECETA', 'CAREY', 'AN PRINT NEGRO/TRANSP', '28/04/2023 11:05', NULL),
	(742, 'LS027C5', '4', '24800', 'M', 'CADES', 'RECETA', 'CAREY', 'ROJO/TRANSPARENTE', '28/04/2023 11:04', NULL),
	(743, 'LS028C2', '2', '24800', 'M', 'CADES', 'RECETA', 'CAREY', 'NEGRO MOTEADO/TRANSP', '28/04/2023 11:05', NULL),
	(744, 'LS028C3', '8', '24800', 'M', 'CADES', 'RECETA', 'CAREY', 'TRANSPARENTE', '28/04/2023 11:05', NULL),
	(745, 'LS028C6', '8', '24800', 'M', 'CADES', 'RECETA', 'CAREY', 'MARRON/TRANSP', '28/04/2023 11:06', NULL),
	(746, 'LS029C2', '4', '26900', 'M', 'CADES', 'RECETA', 'CAREY', 'NEGRO MOTEADO/TRANSP', '12/05/2023 10:28', NULL),
	(747, 'LS031C1', '12', '26900', 'M', 'CADES', 'RECETA', 'CAREY', 'NEGRO - PAT METAL DORADO', '28/04/2023 11:07', NULL),
	(748, 'LS031C3', '9', '26900', 'M', 'CADES', 'RECETA', 'CAREY', 'ROJO/NEGRO/AN.PRINT - PAT METAL DORADO', '28/04/2023 11:09', NULL),
	(749, 'LS031C4', '8', '26900', 'M', 'CADES', 'RECETA', 'CAREY', 'NUDE/AN.P MARRON - PAT METAL DORADO METAL DORADO', '28/04/2023 11:07', NULL),
	(750, 'LS032C1', '16', '26900', 'M', 'CADES', 'RECETA', 'CAREY', 'NEGRO - PAT METAL DORADO', '28/04/2023 11:08', NULL),
	(751, 'LS032C3', '14', '26900', 'M', 'CADES', 'RECETA', 'CAREY', 'ROJO/NEGRO/AN.PRINT - PAT METAL DORADO', '28/04/2023 11:09', NULL),
	(752, 'LS032C4', '6', '26900', 'M', 'CADES', 'RECETA', 'CAREY', 'NUDE/AN.PRINT MARRON - PAT METAL DORADO', '28/04/2023 11:09', NULL),
	(753, 'LS032C6', '9', '26900', 'M', 'CADES', 'RECETA', 'CAREY', 'AZUL - PAT METAL DORADO', '28/04/2023 11:09', NULL),
	(754, 'LS035C1', '8', '26900', 'M', 'CADES', 'RECETA', 'CAREY/METAL', 'NEGRO/DORADO - PAT METAL DORADO', '28/04/2023 11:07', NULL),
	(755, 'LS035C2', '11', '26900', 'M', 'CADES', 'RECETA', 'CAREY/METAL', 'BORDO/DORADO - PAT METAL DORADO', '28/04/2023 11:07', NULL),
	(756, 'LS035C3', '12', '26900', 'M', 'CADES', 'RECETA', 'CAREY/METAL', 'TRANSPARENTE/DORADO - PAT METAL DORADO', '28/04/2023 11:08', NULL),
	(757, 'LS037C1', '14', '26900', 'M', 'CADES', 'RECETA', 'CAREY', 'NEGRO - PAT METAL DORADO', '28/04/2023 11:09', NULL),
	(758, 'LS037C2', '10', '26900', 'M', 'CADES', 'RECETA', 'CAREY', 'TRANSPARENTE - PAT METAL DORADO', '28/04/2023 11:08', NULL),
	(759, 'LS037C4', '6', '26900', 'M', 'CADES', 'RECETA', 'CAREY', 'NUDE TRANSP - PAT METAL DORADO', '28/04/2023 11:08', NULL),
	(760, 'M100C01', '24', '9500', 'N', 'SHITTO', 'RECETA ', 'CAREY', 'NEGRO INT AMARILLO/MOT', '03/12/2022 09:35', NULL),
	(761, 'M100C02', '27', '9500', 'N', 'SHITTO', 'RECETA ', 'CAREY', 'MARRON INT NARANJA', '03/12/2022 09:36', NULL),
	(762, 'M100C03', '22', '9500', 'N', 'SHITTO', 'RECETA', 'CAREY', 'AZUL OSC INT VERDE', '03/12/2022 09:40', NULL),
	(763, 'M100C04', '46', '9500', 'N', 'SHITTO', 'RECETA ', 'CAREY', 'NEGRO -PAT NARANJA', '03/12/2022 09:36', NULL),
	(764, 'M100C05', '25', '9500', 'N', 'SHITTO', 'RECETA', 'CAREY', 'BEIGE TRANSPARENTE', '03/12/2022 09:41', NULL),
	(765, 'M100C06', '7', '9500', 'N', 'SHITTO', 'RECETA', 'CAREY', 'NUDE TRANSPARENTE', '03/12/2022 09:41', NULL),
	(766, 'M100C07', '4', '9500', 'N', 'SHITTO', 'RECETA ', 'CAREY', 'MORADO', '03/12/2022 09:37', NULL),
	(767, 'M100C08', '1', '9500', 'N', 'SHITTO', 'RECETA', 'CAREY', 'BLANCO -PAT VIOLETA/ROSA', '03/12/2022 09:41', NULL),
	(768, 'M100C09', '6', '9500', 'N', 'SHITTO', 'RECETA', 'CAREY', 'VIOLETA INT ROSA', '03/12/2022 09:41', NULL),
	(769, 'M100C11', '53', '9500', 'N', 'SHITTO', 'RECETA ', 'CAREY', 'VIOLETA', '03/12/2022 09:37', NULL),
	(770, 'M101C01BROWN', '15', '9500', 'U', 'NOX', 'RECETA', 'CAREY', 'MARRON', '30/05/2023 08:31', NULL),
	(771, 'M101C02BLACKWHITE', '18', '9500', 'U', 'NOX', 'RECETA', 'CAREY', 'NEGRO INT BLANCO', '30/05/2023 08:31', NULL),
	(772, 'M101C03BLACKGRAY', '15', '9500', 'U', 'NOX', 'RECETA', 'CAREY', 'NEGRO INT GRIS', '30/05/2023 08:32', NULL),
	(773, 'M101C04BLUE', '14', '9500', 'U', 'NOX', 'RECETA', 'CAREY', 'AZUL INT AZUL GRIS', '30/05/2023 08:33', NULL),
	(774, 'M103C1BLUEPURPLE', '12', '9500', 'M', 'SHITTO', 'RECETA', 'CAREY', 'RED AZUL OSC/VIOLETA', '31/03/2023 09:13', NULL),
	(775, 'M103C4BLACKBLUE', '8', '9500', 'M', 'SHITTO', 'RECETA', 'CAREY', 'RED NEGRO/AZUL', '31/03/2023 09:14', NULL),
	(776, 'M103C5BLACKBLUE', '1', '9500', 'M', 'SHITTO', 'RECETA', 'CAREY', 'RED NEGRO/AZUL -PAT CELESTE', '31/03/2023 09:15', NULL),
	(777, 'M-104', '1', '3600', '', 'OZ KIDS', 'RECETA', '', '', '16/07/2022 11:32', NULL),
	(778, 'M104C1BLUE', '10', '9500', 'N', 'SHITTO', 'RECETA', 'ACETATO', 'AZUL', '30/05/2023 09:01', NULL),
	(779, 'M104C2CYAN', '10', '9500', 'N', 'SHITTO', 'RECETA', 'ACETATO', 'CELESTE -PAT MARRON', '30/05/2023 09:01', NULL),
	(780, 'M104C3WHITECRYSTAL', '10', '9500', 'N', 'SHITTO', 'RECETA', 'ACETATO', 'BLANCO/TRANSP', '30/05/2023 09:02', NULL),
	(781, 'M104C4BLACKBLUE', '10', '9500', 'N', 'SHITTO', 'RECETA', 'ACETATO', 'NEGRO INT CELESTE', '30/05/2023 09:02', NULL),
	(782, 'M104C5BLUEBLUE', '10', '9500', 'N', 'SHITTO', 'RECETA', 'ACETATO', 'AZUL OSC INT CELESTE', '30/05/2023 09:03', NULL),
	(783, 'M104VARIOS', '25', '9500', 'N', 'SHITTO', 'RECETA', 'CAREY', 'COLORES VARIOS', '30/05/2023 08:41', NULL),
	(784, 'M105C1', '25', '9500', 'U', 'CADES', 'RECETA', 'CAREY', 'GRIS OSC -PAT MOTEADAS', '30/05/2023 09:08', NULL),
	(785, 'M105C2', '4', '9500', 'U', 'CADES', 'RECETA', 'CAREY', 'VIOLETA MOTEADO', '03/05/2023 17:11', NULL),
	(786, 'M105C3', '15', '9500', 'U', 'CADES', 'RECETA', 'CAREY', 'MARRON OSC -PAT MOTEADA', '30/05/2023 09:09', NULL),
	(787, 'M105C4', '14', '9500', 'U', 'CADES', 'RECETA', 'CAREY', 'ROJO MOTEADO', '30/05/2023 09:10', NULL),
	(788, 'M105C5', '17', '9500', 'U', 'CADES', 'RECETA', 'CAREY', 'NEGRO INT/PAT BEIGE', '30/05/2023 09:12', NULL),
	(789, 'M106C1', '19', '9500', 'U', 'NOX', 'RECETA', 'CAREY', 'GRIS TRANSPARENTE', '30/05/2023 09:23', NULL),
	(790, 'M106C2', '11', '9500', 'U', 'NOX', 'RECETA', 'CAREY', 'VERDE TRANSPARENTE', '30/05/2023 09:19', NULL),
	(791, 'M106C3', '20', '9500', 'U', 'NOX', 'RECETA', 'CAREY', 'GRIS CLARO INT NEGRO', '30/05/2023 09:20', NULL),
	(792, 'M106C4', '20', '9500', 'U', 'NOX', 'RECETA', 'CAREY', 'AZUL', '30/05/2023 09:20', NULL),
	(793, 'M29180C2', '12', '15300', '', 'SUM', 'RECETA', '', '', '28/04/2023 17:27', NULL),
	(794, 'M29180C3', '13', '15300', '', 'SUM', 'RECETA', '', '', '28/04/2023 17:27', NULL),
	(795, 'M29200C4', '9', '15300', '', 'SUM', 'RECETA', '', '', '28/04/2023 17:28', NULL),
	(796, 'M29208C1', '7', '15300', '', 'SUM', 'RECETA', '', '', '28/04/2023 17:28', NULL),
	(797, 'M29208C3', '8', '15300', '', 'SUM', 'RECETA', '', '', '28/04/2023 17:28', NULL),
	(798, 'M29208C4', '13', '15300', '', 'SUM', 'RECETA', '', '', '28/04/2023 17:28', NULL),
	(799, 'M29461C3', '11', '15300', '', 'SUM', 'RECETA', '', '', '28/04/2023 17:29', NULL),
	(800, 'M29591C3', '3', '15300', '', 'SUM', 'RECETA', '', '', '28/04/2023 17:29', NULL),
	(801, 'M29608C1', '26', '15300', '', 'SUM', 'RECETA', '', '', '28/04/2023 17:30', NULL),
	(802, 'M29608C2', '17', '15300', '', 'SUM', 'RECETA', '', '', '28/04/2023 17:30', NULL),
	(803, 'M29608C3', '24', '15300', '', 'SUM', 'RECETA', '', '', '28/04/2023 17:30', NULL),
	(804, 'M29608C4', '8', '15300', '', 'SUM', 'RECETA', '', '', '28/04/2023 17:30', NULL),
	(805, 'M29614C2', '3', '15300', '', 'SUM', 'RECETA', '', '', '28/04/2023 17:31', NULL),
	(806, 'M29614C3', '2', '15300', '', 'SUM', 'RECETA', '', '', '28/04/2023 17:31', NULL),
	(807, 'M29614C4', '18', '15300', '', 'SUM', 'RECETA', '', '', '28/04/2023 17:31', NULL),
	(808, 'M29615C2', '9', '15300', '', 'SUM', 'RECETA', '', '', '28/04/2023 17:30', NULL),
	(809, 'M29615C3', '17', '15300', '', 'SUM', 'RECETA', '', '', '28/04/2023 17:30', NULL),
	(810, 'M44C01', '15', '9500', 'M', 'SHITTO', 'RECETA', 'CAREY', 'NEGRO -PAT ROJA', '02/03/2023 18:35', NULL),
	(811, 'M44C02', '8', '9500', 'M', 'SHITTO', 'RECETA', 'CAREY', 'AZUL', '02/03/2023 18:34', NULL),
	(812, 'M44C03', '6', '9500', 'M', 'SHITTO', 'RECETA', 'CAREY', 'NEGRO -PAT MOTEADAS', '20/03/2023 09:44', NULL),
	(813, 'M44C04', '2', '9500', 'M', 'SHITTO', 'RECETA', 'CAREY', 'MARRON OSC INT BEIGE', '02/03/2023 18:39', NULL),
	(814, 'M44C05', '1', '9500', 'M', 'SHITTO', 'RECETA', 'CAREY', 'BORDO -PAT NEGRAS', '02/03/2023 18:42', NULL),
	(815, 'M44C3', '10', '9500', 'M', 'SHITTO', 'RECETA', 'CAREY', 'REDONDO ROSA OSC/ROSA PAT AN PRINT', '01/08/2022 09:15', NULL),
	(816, 'M70C1', '4', '9500', 'U', 'SUM', 'RECETA', 'CAREY', 'AZUL OSC/MOTEADO- PAT GRIS TRANSP', '01/08/2022 11:04', NULL),
	(817, 'M73C1', '5', '9500', 'M', 'CADES', 'RECETA', 'CAREY', 'ROJO -PAT BORDO/ROSA', '01/08/2022 18:20', NULL),
	(818, 'M79C1', '1', '9500', 'M', 'SHITTO', 'RECETA', 'CAREY', 'VIOLETA', '28/07/2022 09:38', NULL),
	(819, 'M79C2', '1', '9500', 'M', 'SHITTO', 'RECETA', 'CAREY', 'ROJO - PAT BLANCAS', '28/07/2022 09:14', NULL),
	(820, 'M79C3LADYRED', '9', '9500', 'M', 'CADES', 'RECETA', 'CAREY', 'ROJO', '03/03/2023 16:58', NULL),
	(821, 'M79C4LADYTORTOISE', '10', '9500', 'M', 'CADES', 'RECETA', 'CAREY', 'MARRON MOT-PAT BEIGE', '03/03/2023 16:59', NULL),
	(822, 'M79C5LADYPURPLE', '11', '9500', 'M', 'CADES', 'RECETA', 'CAREY', 'MORADO', '03/03/2023 17:00', NULL),
	(823, 'M79C6LADYPURPLE', '1', '9500', 'M', 'CADES', 'RECETA', 'CAREY', 'MORADO -PAT LILAS', '03/03/2023 17:01', NULL),
	(824, 'M81C2', '19', '9500', 'U', 'NOX', 'RECETA', 'CAREY', 'MARRON TRANSPARENTE', '28/07/2022 10:35', NULL),
	(825, 'M82C1', '14', '9500', 'M', 'SHITTO', 'RECETA', 'CAREY ', 'RED AN PRINT MARRON/GRIS -PAT NEGRAS', '02/03/2023 19:43', NULL),
	(826, 'M82C2', '9', '9500', 'M', 'SHITTO', 'RECETA', 'CAREY', 'RED NEGRO INT BLANCO -PAT NEGRAS', '10/03/2023 17:23', NULL),
	(827, 'M82C3', '10', '9500', 'M', 'SHITTO', 'RECETA', 'CAREY', 'RED AZUL OSC INT LILA -PAT BLANCAS', '02/03/2023 19:43', NULL),
	(828, 'M82C4', '9', '9500', 'M', 'SHITTO', 'RECETA', 'CAREY', 'RED MAGENTA INT ROSA', '02/03/2023 19:44', NULL),
	(829, 'M82C5', '12', '9500', 'M', 'SHITTO', 'RECETA', 'CAREY', 'RED BLANCO INT NEGRO -PAT BLANCAS', '02/03/2023 19:47', NULL),
	(830, 'M84C4BLACK/PURPLE', '2', '9500', 'U', 'NOX', 'RECETA ', 'CAREY', 'NEGRO CON LINEA VIOLETA', '20/03/2023 08:47', NULL),
	(831, 'M84C8BLACK/GRAY', '3', '9500', 'U', 'NOX', 'RECETA', 'CAREY', 'NEGRO LINEA GRIS', '20/03/2023 08:55', NULL),
	(832, 'M85C1', '3', '9500', 'M', 'SHITTO', 'RECETA', 'CAREY', 'REDONDO NEGRO', '03/05/2023 18:49', NULL),
	(833, 'M85C2', '8', '9500', 'M', 'SHITTO', 'RECETA', 'CAREY', 'REDONDO AN PRINT MARRON', '01/08/2022 11:26', NULL),
	(834, 'M85C3', '1', '9500', 'M', 'SHITTO', 'RECETA', 'CAREY', 'REDONDO AZUL OSCURO', '03/05/2023 18:49', NULL),
	(835, 'M86C1', '4', '9500', 'M', 'CADES', 'RECETA', 'CAREY', 'EXAG ROJO', '28/07/2022 09:24', NULL),
	(836, 'M86C2', '5', '9500', 'M', 'CADES', 'RECETA', 'CAREY', 'EXAG FUCSIA', '28/07/2022 09:25', NULL),
	(837, 'M86C3', '7', '9500', 'M', 'CADES', 'RECETA', 'CAREY', 'EXAG VIOLETA', '28/07/2022 09:25', NULL),
	(838, 'M86C4', '5', '9500', 'M', 'CADES', 'RECETA', 'CAREY', 'NEGRO -PAT FUCSIA', '01/08/2022 18:11', NULL),
	(839, 'M86C5', '6', '9500', 'M', 'CADES', 'RECETA', 'CAREY', 'EXAG ROJO -PAT NEGRAS', '01/08/2022 18:09', NULL),
	(840, 'M88C2', '17', '9500', 'M', 'CADES', 'RECETA', 'CAREY', 'MARRON MOTEADO', '20/03/2023 09:06', NULL),
	(841, 'M88C3', '23', '9500', 'M', 'CADES', 'RECETA', 'CAREY', 'MARRON/VERDE MOTEADO', '20/03/2023 09:08', NULL),
	(842, 'M89C1', '1', '9500', 'N', 'SHITTO', 'RECETA ', 'CAREY', 'FUCSIA - PAT BLANCAS', '06/10/2022 19:26', NULL),
	(843, 'M89C2', '10', '9500', 'N', 'SHITTO', 'RECETA', 'CAREY', 'ROSA - PAT BLANCAS', '18/11/2022 18:00', NULL),
	(844, 'M89C3', '9', '9500', 'N', 'SHITTO', 'RECETA', 'CAREY', 'VIOLETA', '18/11/2022 18:00', NULL),
	(845, 'M90C1', '16', '9500', 'U', 'NOX', 'RECETA', 'CAREY', 'NEGRO/CELESTE', '30/05/2023 08:21', NULL),
	(846, 'M90C4T', '2', '9500', 'U', 'NOX', 'RECETA', 'CAREY', 'TURQUESA', '02/03/2023 19:06', NULL),
	(847, 'M95C2BROWN', '13', '9500', 'H', 'NOX', 'RECETA', 'CAREY', 'MARRON OSCURO -PAT C/LINEA BLANCA', '20/03/2023 09:17', NULL),
	(848, 'M95C3DARKBLUE-CYAN', '12', '9500', 'H', 'NOX', 'RECETA', 'CAREY', 'AZUL OXC INT TURQUESA', '20/03/2023 09:17', NULL),
	(849, 'M95C6BROWN', '10', '9500', 'H', 'NOX', 'RECETA', 'CAREY', 'MARRON -PAT MOTEADAS', '08/10/2022 09:51', NULL),
	(850, 'M95C8BLACK', '2', '9500', 'H', 'NOX', 'RECETA', 'CAREY', 'NEGRO -PAT MOTEADAS', '08/10/2022 09:53', NULL),
	(851, 'M95C9DARKBLUE-CYAN', '9', '9500', 'H', 'NOX', 'RECETA', 'CAREY', 'NEGRO INT TURQUESA -PAT MOTEADAS', '08/10/2022 09:54', NULL),
	(852, 'M96C1BLACK-LIGHTBLUE', '12', '9500', 'N', 'SHITTO', 'RECETA ', 'CAREY', 'NEGRO INT CELESTE', '20/03/2023 10:01', NULL),
	(853, 'M96C1BLUE-TURQUOISE', '11', '9500', 'N', 'SHITTO', 'RECETA', 'CAREY', 'AZUL INT TURQUESA', '20/03/2023 10:10', NULL),
	(854, 'M96C3BLUE-BLACK', '3', '9500', 'N', 'SHITTO', 'RECETA', 'CAREY', 'AZUL INT NEGRO', '20/03/2023 10:20', NULL),
	(855, 'M96C4BLACK', '10', '9500', 'N', 'SHITTO', 'RECETA', 'CAREY', 'NEGRO', '20/03/2023 10:20', NULL),
	(856, 'M96C5BLACK-CYAN', '13', '9500', 'N', 'SHITTO', 'RECETA', 'CAREY', 'NEGRO INT CELESTE', '20/03/2023 10:15', NULL),
	(857, 'M97C5LADYVIOLET', '5', '9500', 'M', 'CADES', 'RECETA', 'CAREY', 'AZUL OSC INT LILA ', '30/05/2023 08:23', NULL),
	(858, 'M97C6LADYPURPLE', '10', '9500', 'M', 'CADES', 'RECETA', 'CAREY', 'NEGRO INT VIOLETA ', '30/05/2023 08:24', NULL),
	(859, 'M99C01BLACKGREEN', '21', '9500', 'U', 'SHITTO', 'RECETA', 'CAREY', 'NEGRO INT VERDE TRANSP', '30/05/2023 08:29', NULL),
	(860, 'M99C03BLACKVIOLET', '8', '9500', 'U', 'SHITTO', 'RECETA', 'CAREY', 'NEGRO INT VIOLETA', '05/05/2023 19:11', NULL),
	(861, 'M99C04BLACK', '16', '9500', 'U', 'SHITTO', 'RECETA', 'CAREY', 'NEGRO', '30/05/2023 08:26', NULL),
	(862, 'M99C05DARKPURPLE', '16', '9500', 'U', 'SHITTO', 'RECETA ', 'CAREY', 'AZUL OSC INT VIOLETA', '30/05/2023 08:27', NULL),
	(863, 'MFD01-01C01', '8', '23200', 'U', 'SUM', 'RECETA', 'ACETATO', 'CLIP ON NEGRO MATE', '09/05/2023 09:16', NULL),
	(864, 'MFD01-01C01V', '6', '23200', 'U', 'SUM', 'RECETA', 'ACETATO', 'CLIP ON NEGRO MATE', '09/05/2023 09:17', NULL),
	(865, 'MFD01-01C02', '7', '23200', 'U', 'SUM', 'RECETA', 'ACETATO', 'CLIP ON GRIS MATE TRANSP -PAT DET ROJO', '27/04/2023 17:09', NULL),
	(866, 'MFD01-01C03', '8', '23200', 'U', 'SUM', 'RECETA', 'ACETATO', 'CLIP ON MARRON MATE', '27/04/2023 17:09', NULL),
	(867, 'MFD01-01C04', '7', '23200', 'U', 'SUM', 'RECETA', 'ACETATO', 'CLIP ON AZUL MATE', '27/04/2023 17:09', NULL),
	(868, 'MFD02-03C01', '4', '23200', 'U', 'SUM', 'RECETA', 'ACETATO', 'CLIP ON NEGRO MATE', '27/04/2023 17:09', NULL),
	(869, 'MFD02-03C01F', '8', '23200', 'U', 'SUM', 'RECETA', 'ACETATO', 'CLIP ON NEGRO MATE -PAT DET GRIS', '27/04/2023 17:10', NULL),
	(870, 'MFD02-03C02', '8', '23200', 'U', 'SUM', 'RECETA', 'ACETATO', 'CLIP ON GRIS MATE TRANSP', '27/04/2023 17:10', NULL),
	(871, 'MFD02-03C03', '10', '23200', 'U', 'SUM', 'RECETA', 'ACETATO', 'CLIP ON MARRON MATE ', '27/04/2023 17:10', NULL),
	(872, 'MG3671C1', '7', '33500', 'M', 'CADES', 'RECETA', 'METAL', 'GAT GRIS/NEGRO/DORADO', '28/04/2023 11:20', NULL),
	(873, 'MG3671C2', '8', '33500', 'M', 'CADES', 'RECETA', 'METAL', 'GAT MARRON/NUDE/DORADO ROSE', '28/04/2023 11:20', NULL),
	(874, 'MG3671C3', '8', '33500', 'M', 'CADES', 'RECETA', 'METAL', 'GAT NUDE/ROSA/DORADO', '28/04/2023 11:20', NULL),
	(875, 'MG3671C4', '11', '33500', 'M', 'CADES', 'RECETA', 'METAL', 'GAT ROSA/BORDO/DORADO', '28/04/2023 11:20', NULL),
	(876, 'MG3677C1', '7', '33500', 'M', 'CADES', 'RECETA', 'METAL', 'NEGRO/DORADO VERT C/CUBICS', '28/04/2023 11:21', NULL),
	(877, 'MG3677C3', '6', '33500', 'M', 'CADES', 'RECETA', 'METAL', 'NUDE/DORADO VERT C/CUBICS', '28/04/2023 11:21', NULL),
	(878, 'MG3677C4', '4', '33500', 'M', 'CADES', 'RECETA', 'METAL', 'NATURAL/DORADO VERT C/CUBICS', '28/04/2023 11:21', NULL),
	(879, 'MG3677C5', '6', '33500', 'M', 'CADES', 'RECETA', 'METAL', 'BORDO/DORADO VERT C/CUBICS', '28/04/2023 11:22', NULL),
	(880, 'MG3678C4', '2', '33500', 'M', 'CADES', 'RECETA', 'METAL', 'NATURAL/DORADO VERT C/CUBICS', '28/04/2023 11:22', NULL),
	(881, 'MG3678C5', '6', '33500', 'M', 'CADES', 'RECETA', 'METAL', 'NUDE/DORADO VERT C/CUBICS', '28/04/2023 11:22', NULL),
	(882, 'MG3679C1', '5', '30800', 'M', 'CADES', 'RECETA', 'METAL', 'NEGRO/DORADO -PAT C/CUBICS', '28/04/2023 11:23', NULL),
	(883, 'MG3679C2', '5', '30800', 'M', 'CADES', 'RECETA', 'METAL', 'BORDO/DORADO -PAT C/CUBICS', '28/04/2023 11:24', NULL),
	(884, 'MG3679C3', '3', '30800', 'M', 'CADES', 'RECETA', 'METAL', 'BEIGE/DORADO -PAT C/CUBICS', '28/04/2023 11:25', NULL),
	(885, 'MG3684C1', '3', '30800', 'M', 'CADES', 'RECETA', 'METAL', 'EXAG NEGRO MATE/DORADO ', '28/04/2023 11:25', NULL),
	(886, 'MG3684C4', '9', '30800', 'M', 'CADES', 'RECETA', 'METAL', 'EXAG NUDE/DORADO ', '28/04/2023 11:25', NULL),
	(887, 'MG3684C5', '5', '30800', 'M', 'CADES', 'RECETA', 'METAL', 'EXAG NATURAL/DORADO ROSE ', '28/04/2023 11:25', NULL),
	(888, 'MG3698C1', '5', '33500', 'M', 'CADES', 'RECETA', 'METAL', 'NEGRO/DORADO VERT C/CUBIC', '28/04/2023 11:26', NULL),
	(889, 'MG3718C1', '2', '31800', 'M', 'CADES', 'RECETA', 'METAL', 'RANURADO NEGRO/DORADO ', '28/04/2023 11:27', NULL),
	(890, 'MG3718C2', '8', '31800', 'M', 'CADES', 'RECETA', 'METAL', 'RANURADO MARRON/DORADO ', '28/04/2023 11:27', NULL),
	(891, 'MG3718C5', '10', '31800', 'M', 'CADES', 'RECETA', 'METAL', 'RANURADO NUDE/DORADO ROSE ', '28/04/2023 11:27', NULL),
	(892, 'MG3721C1', '3', '29900', 'H', 'CADES', 'RECETA', 'METAL', 'RANURADO NEGRO MATE', '28/04/2023 11:27', NULL),
	(893, 'MG3721C3', '3', '29900', 'H', 'CADES', 'RECETA', 'METAL', 'RANURADO AZUL -PAT MOT', '28/04/2023 11:28', NULL),
	(894, 'MG3721C4', '5', '29900', 'H', 'CADES', 'RECETA', 'METAL', 'RANURADO NEGRO MATE/AZUL -PAT MOT', '28/04/2023 11:28', NULL),
	(895, 'MG3728C1', '9', '22400', 'H', 'CADES', 'RECETA', 'METAL', 'NEGRO', '28/04/2023 11:28', NULL),
	(896, 'MG3728C3', '8', '22400', 'H', 'CADES', 'RECETA', 'METAL', 'AZUL/PELTRE', '28/04/2023 11:28', NULL),
	(897, 'MG3741C1', '9', '24400', 'H', 'CADES', 'RECETA', 'METAL', 'NEGRO MATE', '28/04/2023 11:29', NULL),
	(898, 'MG3741C4', '7', '24400', 'H', 'CADES', 'RECETA', 'METAL', 'VERDE OLIVA/PELTRE', '28/04/2023 11:30', NULL),
	(899, 'MG3753C2', '9', '22900', 'M', 'CADES', 'RECETA', 'METAL', 'EXAG MARRON/DORADO ', '28/04/2023 11:31', NULL),
	(900, 'MG3753C3', '8', '22900', 'M', 'CADES', 'RECETA', 'METAL', 'EXAG BORDO/DORADO ', '28/04/2023 11:31', NULL),
	(901, 'MG3763C1', '5', '31800', 'M', 'CADES', 'RECETA', 'METAL', 'NEGRO MATE/DORADO C/ROMBOS -PAT C/CUBIC ', '28/04/2023 11:31', NULL),
	(902, 'MG3763C2', '8', '31800', 'M', 'CADES', 'RECETA', 'METAL', 'BEIGE/DORADO ROSE C/ROMBOS -PAT C/CUBIC ', '28/04/2023 11:32', NULL),
	(903, 'MG3763C3', '10', '31800', 'M', 'CADES', 'RECETA', 'METAL', 'MARRON/DORADO ROSE C/ROMBOS -PAT C/CUBIC', '28/04/2023 11:32', NULL),
	(904, 'MG3763C4', '10', '31800', 'M', 'CADES', 'RECETA', 'METAL', 'DURAZNO/DORADO C/ROMBOS -PAT C/CUBIC', '28/04/2023 11:32', NULL),
	(905, 'MG3764C1', '3', '28400', 'M', 'CADES', 'RECETA', 'METAL', 'RANURADO NEGRO MATE C/ROMBOS- PAT C/ CUBIC', '28/04/2023 11:32', NULL),
	(906, 'MG3764C2', '5', '28400', 'M', 'CADES', 'RECETA', 'METAL', 'RANURADO DURAZNO C/ROMBOS- PAT C/ CUBIC', '28/04/2023 11:33', NULL),
	(907, 'MG3764C3', '5', '28400', 'M', 'CADES', 'RECETA', 'METAL', 'RANURADO ROSA VIEJO C/ROMBOS- PAT C/ CUBIC', '28/04/2023 11:33', NULL),
	(908, 'MG3764C4', '6', '28400', 'M', 'CADES', 'RECETA', 'METAL', 'RANURADO MARRON C/ROMBOS- PAT C/ CUBIC', '28/04/2023 11:33', NULL),
	(909, 'MG3770C1', '9', '26300', 'M', 'CADES', 'RECETA', 'METAL', 'NEGRO/DORADO', '28/04/2023 11:36', NULL),
	(910, 'MG3770C2', '9', '26300', 'M', 'CADES', 'RECETA', 'METAL', 'MARRON/DORADO ROSE', '28/04/2023 11:36', NULL),
	(911, 'MG3770C4', '10', '26300', 'M', 'CADES', 'RECETA', 'METAL', 'NATURAL/DORADO ', '28/04/2023 11:36', NULL),
	(912, 'MG6263C1', '8', '32200', 'M', 'CADES', 'RECETA', 'ACETATO', 'NEGRO -PAT DET DORADO', '28/04/2023 11:37', NULL),
	(913, 'MG6263C2', '7', '32200', 'M', 'CADES', 'RECETA', 'ACETATO', 'BORDO -PAT DET DORADO', '28/04/2023 11:38', NULL),
	(914, 'MG6263C4', '7', '32200', 'M', 'CADES', 'RECETA', 'ACETATO', 'NUDE/TRANSP -PAT DET DORADO', '28/04/2023 11:38', NULL),
	(915, 'MG6280C1', '7', '28400', 'M', 'CADES', 'RECETA', 'ACETATO', 'NEGRO -PAT DET FLOR DORADA', '28/04/2023 11:38', NULL),
	(916, 'MG6280C2', '8', '28400', 'M', 'CADES', 'RECETA', 'ACETATO', 'MARRON -PAT DET FLOR DORADA', '28/04/2023 11:39', NULL),
	(917, 'MG6280C3', '9', '28400', 'M', 'CADES', 'RECETA', 'ACETATO', 'BORDO/TRANSP -PAT DET FLOR DORADA', '28/04/2023 11:39', NULL),
	(918, 'MG6280C4', '7', '28400', 'M', 'CADES', 'RECETA', 'ACETATO', 'NUDE/TRANSP -PAT DET FLOR DORADA', '28/04/2023 11:39', NULL),
	(919, 'MG6286C1', '8', '30200', 'M', 'CADES', 'RECETA', 'ACETATO', 'GAT NEGRO -PAT C/ROMBOS', '28/04/2023 11:40', NULL),
	(920, 'MG6286C4', '6', '30200', 'M', 'CADES', 'RECETA', 'ACETATO', 'GAT BORDO/LILA TRANSP -PAT C/ROMBOS', '28/04/2023 11:40', NULL),
	(921, 'MG6288C1', '7', '30800', 'M', 'CADES', 'RECETA', 'ACETATO', 'NEGRO -PAT C/CUBIC', '28/04/2023 11:40', NULL),
	(922, 'MG6288C3', '6', '30800', 'M', 'CADES', 'RECETA', 'ACETATO', 'LILA TRANSP -PAT C/CUBIC', '28/04/2023 11:40', NULL),
	(923, 'MG6300C1', '7', '30800', 'M', 'CADES', 'RECETA', 'ACETATO', 'NEGRO- PAT DET METAL', '28/04/2023 11:41', NULL),
	(924, 'MG6301C1', '9', '30800', 'M', 'CADES', 'RECETA', 'ACETATO', 'NEGRO- PAT DET METAL', '28/04/2023 11:41', NULL),
	(925, 'MG6301C4', '6', '30800', 'M', 'CADES', 'RECETA', 'ACETATO', 'LILA TRANSP/NUDE- PAT DET METAL', '28/04/2023 11:45', NULL),
	(926, 'MG6301C5', '8', '30800', 'M', 'CADES', 'RECETA', 'ACETATO', 'BORDO TRANSP/NUDE- PAT DET METAL', '28/04/2023 11:45', NULL),
	(927, 'MG6308AC1', '6', '30200', 'M', 'CADES', 'RECETA', 'ACETATO', 'GAT NEGRO DET BEIGE', '28/04/2023 11:48', NULL),
	(928, 'MG6308AC2', '5', '30200', 'M', 'CADES', 'RECETA', 'ACETATO', 'GAT NUDE TRANSP DET NUDE', '28/04/2023 11:48', NULL),
	(929, 'MG6308AC3', '8', '30200', 'M', 'CADES', 'RECETA', 'ACETATO', 'GAT GRIS TRANSP DET GRIS', '28/04/2023 11:49', NULL),
	(930, 'MG6308AC4', '8', '30200', 'M', 'CADES', 'RECETA', 'ACETATO', 'GAT MARRON MOT DET BORDO', '28/04/2023 11:49', NULL),
	(931, 'MG6313C1', '8', '30200', 'M', 'CADES', 'RECETA', 'ACETATO', 'GRIS TRANSP DET NEGRO', '28/04/2023 11:49', NULL),
	(932, 'MG6313C2', '5', '30200', 'M', 'CADES', 'RECETA', 'ACETATO', 'NUDE TRANSP DET BEIGE', '28/04/2023 11:49', NULL),
	(933, 'MG6317C1', '7', '32200', 'M', 'CADES', 'RECETA', 'ACETATO', 'NEGRO/GRIS TRANSP', '28/04/2023 11:55', NULL),
	(934, 'MG6321C1', '4', '22400', 'H', 'CADES', 'RECETA', 'ACETATO', 'NEGRO -PAT METAL', '28/04/2023 11:56', NULL),
	(935, 'MG6321C3', '9', '22400', 'H', 'CADES', 'RECETA', 'ACETATO', 'AZUL MOT/GRIS TRANSP -PAT METAL', '28/04/2023 11:56', NULL),
	(936, 'MG6344AC1', '4', '30200', 'M', 'CADES', 'RECETA', 'ACETATO', 'GAT NEGRO/GRIS TRANSP', '28/04/2023 12:01', NULL),
	(937, 'MH0057BC2', '2', '27600', 'U', 'SHITTO', 'RECETA', 'ACETATO', 'RED MARRON MOT -PAT METAL PLAT', '22/05/2023 17:04', NULL),
	(938, 'MH0057BC3', '2', '27600', 'U', 'SHITTO', 'RECETA', 'ACETATO', 'RED NEGRO/TRANSP -PAT METAL PLAT', '22/05/2023 17:04', NULL),
	(939, 'MH0057BC4', '2', '27600', 'U', 'SHITTO', 'RECETA', 'ACETATO', 'RED MARRON MOT -PAT METAL DORADO', '22/05/2023 17:04', NULL),
	(940, 'MJD08-12C01E', '6', '19800', 'U', 'SUM', 'RECETA', 'ACETATO', 'CLIP ON NEGRO MATE -PAT DET GRIS/BLANCO', '27/04/2023 17:11', NULL),
	(941, 'MJD08-12C01M', '3', '19800', 'U', 'SUM', 'RECETA', 'ACETATO', 'CLIP ON NEGRO MATE -PAT DET GRIS/ROJO', '27/04/2023 17:11', NULL),
	(942, 'MJD08-12C02R', '5', '19800', 'U', 'SUM', 'RECETA', 'ACETATO', 'CLIP ON NEGRO MATE -PAT DET GRIS/NEGRO', '27/04/2023 17:11', NULL),
	(943, 'MJD08-12C03Q', '5', '19800', 'U', 'SUM', 'RECETA', 'ACETATO', 'CLIP ON MARRON MATE -PAT DET GRIS/NARANJA', '27/04/2023 17:11', NULL),
	(944, 'MJD08-12C04L', '6', '19800', 'U', 'SUM', 'RECETA', 'ACETATO', 'CLIP ON AZUL MATE -PAT DET AZUL/ROJO', '27/04/2023 17:11', NULL),
	(945, 'ML007C1', '15', '26900', 'U', 'SHITTO', 'RECETA', 'METAL', 'NEGRO MATE/DORADO', '27/04/2023 20:07', NULL),
	(946, 'ML007C3', '14', '26900', 'U', 'SHITTO', 'RECETA', 'METAL', 'AZUL MATE/PLATEADO', '27/04/2023 20:07', NULL),
	(947, 'ML007C4', '5', '26900', 'U', 'SHITTO', 'RECETA', 'METAL', 'GRIS MATE/PLATEADO', '27/04/2023 20:07', NULL),
	(948, 'ML008C1', '14', '30200', 'U', 'SHITTO', 'RECETA', 'METAL', 'MARRON/DORADO -PAT MOTEADAS', '27/04/2023 20:08', NULL),
	(949, 'ML008C3', '14', '30200', 'U', 'SHITTO', 'RECETA', 'METAL', 'NEGRO MATE/PLATEADO -PAT MOTEADAS', '27/04/2023 20:08', NULL),
	(950, 'ML008C4', '15', '30200', 'U', 'SHITTO', 'RECETA', 'METAL', 'AZUL MATE/PLATEADO -PAT MOTEADAS', '27/04/2023 20:08', NULL),
	(951, 'ML010C1', '15', '21800', 'U', 'SHITTO', 'RECETA', 'METAL', 'RANURADO NEGRO MATE/DORADO', '27/04/2023 20:08', NULL),
	(952, 'ML010C2', '16', '21800', 'U', 'SHITTO', 'RECETA', 'METAL', 'RANURADO DORADO ROSE MATE', '27/04/2023 20:09', NULL),
	(953, 'ML010C3', '17', '21800', 'U', 'SHITTO', 'RECETA', 'METAL', 'RANURADO AZUL MATE/PLATEADO', '27/04/2023 20:09', NULL),
	(954, 'ML011C1', '15', '26900', 'U', 'SHITTO', 'RECETA', 'METAL', 'NEGRO MATE/DORADO', '27/04/2023 20:09', NULL),
	(955, 'ML011C2', '17', '26900', 'U', 'SHITTO', 'RECETA', 'METAL', 'DORADO ROSE MATE', '27/04/2023 20:09', NULL),
	(956, 'ML011C4', '5', '26900', 'U', 'SHITTO', 'RECETA', 'METAL', 'GRIS MATE/PLATEADO', '27/04/2023 20:09', NULL),
	(957, 'ML012C1', '14', '26900', 'U', 'SHITTO', 'RECETA', 'METAL', 'RANURADO MARRON/DORADO', '27/04/2023 20:11', NULL),
	(958, 'ML012C2', '14', '26900', 'U', 'SHITTO', 'RECETA', 'METAL', 'RANURADO GRIS/DORADO', '27/04/2023 20:11', NULL),
	(959, 'ML012C3', '17', '26900', 'U', 'SHITTO', 'RECETA', 'METAL', 'RANURADO NEGRO MATE/PLATEADO', '27/04/2023 20:11', NULL),
	(960, 'ML012C4', '16', '26900', 'U', 'SHITTO', 'RECETA', 'METAL', 'RANURADO AZUL MATE/PLATEADO', '27/04/2023 20:11', NULL),
	(961, 'ML019C1', '12', '32500', 'M', 'SHITTO', 'RECETA', 'METAL', 'NUDE/DORADO -PAT C/CUBIC', '27/04/2023 20:12', NULL),
	(962, 'ML019C2', '14', '32500', 'M', 'SHITTO', 'RECETA', 'METAL', 'DURAZNO/DORADO ROSE -PAT C/CUBIC', '27/04/2023 20:12', NULL),
	(963, 'ML019C3', '13', '32500', 'M', 'SHITTO', 'RECETA', 'METAL', 'NEGRO/PLATEADO -PAT C/CUBIC', '27/04/2023 20:12', NULL),
	(964, 'ML019C4', '13', '32500', 'M', 'SHITTO', 'RECETA', 'METAL', 'LILA/PLATEADO -PAT C/CUBIC', '27/04/2023 20:12', NULL),
	(965, 'ML020C1', '10', '30800', 'M', 'SHITTO', 'RECETA', 'METAL', 'RED NEGRO/DORADO -PAT C/APLIQUE', '27/04/2023 20:13', NULL),
	(966, 'ML020C2', '10', '30800', 'M', 'SHITTO', 'RECETA', 'METAL', 'RED ROSA/DORADO -PAT C/APLIQUE', '27/04/2023 20:13', NULL),
	(967, 'ML020C3', '11', '30800', 'M', 'SHITTO', 'RECETA', 'METAL', 'RED BORDO/DORADO ROSE -PAT C/APLIQUE', '27/04/2023 20:13', NULL),
	(968, 'ML020C4', '13', '30800', 'M', 'SHITTO', 'RECETA', 'METAL', 'RED LILA/DORADO ROSE -PAT C/APLIQUE', '27/04/2023 20:13', NULL),
	(969, 'ML021C1', '16', '22700', 'M', 'SHITTO', 'RECETA', 'METAL', 'NEGRO/DORADO -PAT ZIG ZAG C/CUBIC', '27/04/2023 20:14', NULL),
	(970, 'ML021C2', '12', '22700', 'M', 'SHITTO', 'RECETA', 'METAL', 'BLANCO/DORADO -PAT ZIG ZAG C/CUBIC', '27/04/2023 20:14', NULL),
	(971, 'ML021C3', '14', '22700', 'M', 'SHITTO', 'RECETA', 'METAL', 'AZUL/DORADO ROSE -PAT ZIG ZAG C/CUBIC', '27/04/2023 20:14', NULL),
	(972, 'ML021C4', '14', '22700', 'M', 'SHITTO', 'RECETA', 'METAL', 'BORDO/PLATEADO -PAT ZIG ZAG C/CUBIC', '27/04/2023 20:14', NULL),
	(973, 'MO-DAITORXC1', '1', '31500', 'U', 'MORMAII', 'RECETA', 'INYECTADO', 'NEGRO MATE', '20/04/2023 12:05', NULL),
	(974, 'MO-JULY-105-400', '4', '7200', '', 'MORMAII', 'RECETA', '', '', '01/09/2022 17:08', NULL),
	(975, 'MO-JULY-106-410', '3', '7200', '', 'MORMAII', 'RECETA', '', '', '01/09/2022 17:08', NULL),
	(976, 'MO-JULY-200-400', '1', '7200', '', 'MORMAII', 'RECETA', '', '', '01/09/2022 17:08', NULL),
	(977, 'MO-LANINC7', '1', '31500', 'U', 'MORMAII', 'RECETA', 'INYECTADO', 'NEGRO MATE/MARRON', '20/04/2023 12:07', NULL),
	(978, 'ASC1', '1', '29300', 'U', 'MORMAII', 'RECETA', 'INYECTADO', 'NEGRO ', '20/04/2023 12:14', NULL),
	(979, 'ASC8', '1', '29300', 'U', 'MORMAII', 'RECETA', 'INYECTADO', 'AZUL OSC', '20/04/2023 12:09', NULL),
	(980, 'MOR1668-516', '3', '7200', '', 'MORMAII', 'RECETA', '', '', '01/09/2022 17:09', NULL),
	(981, 'MS8200C1', '6', '29500', 'M', 'CADES', 'RECETA', 'ACETATO/METAL', 'NEGRO', '28/04/2023 12:02', NULL),
	(982, 'MS8200C2', '9', '29500', 'M', 'CADES', 'RECETA', 'ACETATO/METAL', 'BEIGE/NEGRO MOT', '28/04/2023 12:02', NULL),
	(983, 'MS8200C5', '4', '29500', 'M', 'CADES', 'RECETA', 'ACETATO/METAL', 'BEIGE MOTEADO', '28/04/2023 12:02', NULL),
	(984, 'MS8232BC1', '4', '29500', 'M', 'CADES', 'RECETA', 'ACETATO', 'NEGRO -PAT METAL DORADO ZIG ZAG', '28/04/2023 12:03', NULL),
	(985, 'MS8232BC2', '8', '29500', 'M', 'CADES', 'RECETA', 'ACETATO', 'BORDO -PAT METAL DORADO ZIG ZAG', '28/04/2023 12:03', NULL),
	(986, 'MS8232BC4', '6', '29500', 'M', 'CADES', 'RECETA', 'ACETATO', 'AZUL MOT -PAT METAL DORADO ZIG ZAG', '28/04/2023 12:03', NULL),
	(987, 'MS8239BC1', '2', '32200', 'M', 'CADES', 'RECETA', 'METAL', 'NEGRO/DORADO', '28/04/2023 12:03', NULL),
	(988, 'MS8239BC2', '5', '32200', 'M', 'CADES', 'RECETA', 'METAL', 'BORDO MOT/DORADO ROSE', '28/04/2023 12:04', NULL),
	(989, 'MS8239BC3', '3', '32200', 'M', 'CADES', 'RECETA', 'METAL', 'NATURAL MOT/DORADO', '28/04/2023 12:04', NULL),
	(990, 'MS8239BC4', '6', '32200', 'M', 'CADES', 'RECETA', 'METAL', 'MARRON MOT/DORADO', '28/04/2023 12:04', NULL),
	(991, 'NX05C2', '1', '9500', '', 'NOX', 'RECETA', '', '', '28/04/2023 19:39', NULL),
	(992, 'NX06C3', '50', '9500', '', 'NOX', 'RECETA', '', '', '28/04/2023 19:39', NULL),
	(993, 'NX1COL3', '93', '9500', '', 'NOX', 'RECETA', '', '', '28/04/2023 19:39', NULL),
	(994, 'NX2-C4', '33', '9500', '', 'NOX', 'RECETA', '', '', '28/04/2023 19:40', NULL),
	(995, 'NX2C5', '18', '9500', '', 'NOX', 'RECETA', '', '', '28/04/2023 19:40', NULL),
	(996, 'OLD7491AC1', '3', '25800', 'H', 'CADES', 'RECETA', 'ACETATO', 'NEGRO MATE -PAT METAL', '09/05/2023 19:25', NULL),
	(997, 'OLD7491AC2', '7', '25800', 'H', 'CADES', 'RECETA', 'ACETATO', 'NEGRO -PAT METAL DET ROJO', '28/04/2023 12:05', NULL),
	(998, 'OLD7491AC3', '8', '25800', 'H', 'CADES', 'RECETA', 'ACETATO', 'AZUL MOT TRANSP -PAT METAL ', '28/04/2023 12:05', NULL),
	(999, 'OLD7491AC4', '9', '25800', 'H', 'CADES', 'RECETA', 'ACETATO', 'GRIS MOT TRANSP -PAT METAL  ', '28/04/2023 12:05', NULL),
	(1000, 'OLD7492AC1', '6', '23400', 'H', 'CADES', 'RECETA', 'ACETATO', 'NEGRO MATE -PAT METAL ', '28/04/2023 12:06', NULL),
	(1001, 'OLD7492AC2', '8', '23400', 'H', 'CADES', 'RECETA', 'ACETATO', 'NEGRO -PAT METAL DET ROJO', '28/04/2023 12:06', NULL),
	(1002, 'OLD7492AC4', '6', '23400', 'H', 'CADES', 'RECETA', 'ACETATO', 'GRIS MOT TRANSP -PAT METAL', '28/04/2023 12:07', NULL),
	(1003, 'OLD7495AC1', '6', '30200', 'H', 'CADES', 'RECETA', 'ACETATO', 'NEGRO MATE -PAT METAL', '28/04/2023 12:08', NULL),
	(1004, 'OLD7495AC2', '6', '30200', 'H', 'CADES', 'RECETA', 'ACETATO', 'NEGRO -PAT METAL DET ROJO', '28/04/2023 12:08', NULL),
	(1005, 'OLD7495AC3', '7', '30200', 'H', 'CADES', 'RECETA', 'ACETATO', 'AZUL MOT TRANSP -PAT METAL ', '28/04/2023 12:08', NULL),
	(1006, 'OLD7495AC4', '2', '30200', 'H', 'CADES', 'RECETA', 'ACETATO', 'GRIS MOT TRANSP -PAT METAL ', '28/04/2023 12:08', NULL),
	(1007, 'OP224TARGETC3', '1', '50500', 'U', 'OPTITECH', 'RECETA', 'TR90', 'DEP NEGRO/VERDE', '27/04/2023 12:13', NULL),
	(1008, 'OP535C1', '1', '51300', 'H', 'OPTITECH', 'RECETA', 'METAL', 'NEGRO/PLATEADO', '27/04/2023 12:14', NULL),
	(1009, 'OP535C2', '1', '51300', 'H', 'OPTITECH', 'RECETA', 'METAL', 'AZUL/PLATEADO', '27/04/2023 12:15', NULL),
	(1010, 'OP577C2', '1', '51300', 'H', 'OPTITECH', 'RECETA ', 'METAL', 'GRIS -PAT ACETATO', '27/04/2023 12:16', NULL),
	(1011, 'OP577C3', '1', '51300', 'H', 'OPTITECH', 'RECETA ', 'METAL', 'AZUL -PAT ACETATO', '27/04/2023 12:16', NULL),
	(1012, 'OP581C6', '1', '43400', 'U', 'OPTITECH', 'RECETA ', 'TR90', 'BLANCO TRANSP MATE -PAT REGULABLE', '27/04/2023 12:17', NULL),
	(1013, 'OP582C4', '1', '43400', 'U', 'OPTITECH', 'RECETA ', 'TR90', 'AZUL MATE -PAT REGULABLE', '27/04/2023 12:17', NULL),
	(1014, 'OP583C1', '1', '43400', 'U', 'OPTITECH', 'RECETA ', 'TR90', 'NEGRO MATE -PAT REGULABLE', '27/04/2023 12:18', NULL),
	(1015, 'OP583C2', '1', '43400', 'U', 'OPTITECH', 'RECETA ', 'TR90', 'NEGRO -PAT ROJA REGULABLE', '27/04/2023 12:18', NULL),
	(1016, 'OP583C4', '1', '43400', 'U', 'OPTITECH', 'RECETA ', 'TR90', 'AZUL OSC MATE -PAT REGULABLE', '27/04/2023 12:18', NULL),
	(1017, 'OP583C6', '1', '43400', 'U', 'OPTITECH', 'RECETA ', 'TR90', 'BLANCO TRANSP MATE -PAT GRIS REGULABLE', '27/04/2023 12:18', NULL),
	(1018, 'OP584C1', '1', '43400', 'U', 'OPTITECH', 'RECETA ', 'TR90', 'NEGRO MATE -PAT REGULABLE', '27/04/2023 12:18', NULL),
	(1019, 'ORE977C3', '1', '63300', 'M', 'LAS OREIRO', 'RECETA', 'ACETATO', 'ROJO TRANSP -PAT METAL', '27/04/2023 11:53', NULL),
	(1020, 'OR-MOJ-02C3', '3', '4700', '', 'MOTOR OIL KIDS', 'RECETA', '', '', '12/07/2022 19:46', NULL),
	(1021, 'OS601', '5', '7500', '', 'ONA SAEZ', 'RECETA', '', '', '28/04/2023 19:47', NULL),
	(1022, 'OS603', '6', '7500', '', 'ONA SAEZ', 'RECETA', '', '', '28/04/2023 19:47', NULL),
	(1023, 'OS604', '1', '7500', '', 'ONA SAEZ', 'RECETA', '', '', '28/04/2023 19:47', NULL),
	(1024, 'P9-1196-I163', '1', '21600', 'M', 'PLATINI', 'RECETA', 'METAL', 'RANURADO MARRON', '27/04/2023 12:22', NULL),
	(1025, 'P9-1197-I611', '1', '21600', 'M', 'PLATINI', 'RECETA', 'METAL', 'RANURADO NEGRO -PAT CALADA', '27/04/2023 12:23', NULL),
	(1026, 'P9-1197-I613', '1', '21600', 'M', 'PLATINI', 'RECETA', 'METAL', 'DORADO CHAMPAGNE -PAT CALADAS', '27/04/2023 12:23', NULL),
	(1027, 'P9-3131-E681', '1', '18500', 'M', 'PLATINI', 'RECETA', 'INYECTADO', 'AZUL -PAT METAL', '27/04/2023 16:38', NULL),
	(1028, 'P9-3151-G540', '1', '18500', 'H', 'PLATINI', 'RECETA', 'INYECTADO', 'AZUL MATE', '27/04/2023 16:39', NULL),
	(1029, 'P9-3154-G773', '2', '20100', 'M', 'PLATINI', 'RECETA', 'INYECTADO', 'MARRON TRANSP -PAT MOTEADAS', '27/04/2023 16:39', NULL),
	(1030, 'P9-3154-H468', '2', '20100', 'M', 'PLATINI', 'RECETA', 'INYECTADO', 'ROSA TRANSP -PAT MOTEADAS', '27/04/2023 16:39', NULL),
	(1031, 'P9-3156-G781', '1', '20100', 'H', 'PLATINI', 'RECETA', 'INYECTADO', 'NEGRO MATE -PAT METAL', '27/04/2023 16:40', NULL),
	(1032, 'P9-3158-H014', '1', '21600', 'M', 'PLATINI', 'RECETA', 'INYECTADO', 'MARRON MOT TRANSP -PAT METAL EN OCHO', '27/04/2023 16:40', NULL),
	(1033, 'P9-3161-H413', '2', '20100', 'M', 'PLATINI', 'RECETA', 'INYECTADO', 'NEGRO MOT/AZUL TRANSP -PAT METAL', '27/04/2023 16:41', NULL),
	(1034, 'P9-3163-I374', '1', '18500', 'H', 'PLATINI', 'RECETA', 'INYECTADO', 'GRIS MATE ', '27/04/2023 16:41', NULL),
	(1035, 'P9-3164-H646', '1', '20100', 'H', 'PLATINI', 'RECETA', 'INYECTADO', 'AZUL MATE', '27/04/2023 16:42', NULL),
	(1036, 'P9-3166-I386', '1', '20100', 'M', 'PLATINI', 'RECETA', 'INYECTADO ', 'CHERRY', '27/04/2023 16:42', NULL),
	(1037, 'P9-3167-H657', '1', '21600', 'M', 'PLATINI', 'RECETA', 'INYECTADO', 'MARRON TRANSP -PAT GRIS', '27/04/2023 16:42', NULL),
	(1038, 'P9-3169-H952', '3', '20100', 'M', 'PLATINI', 'RECETA', 'INYECTADO', 'NEGRO -PAT METAL', '27/04/2023 16:43', NULL),
	(1039, 'P9-3169-H954', '2', '20100', 'M', 'PLATINI', 'RECETA', 'INYECTADO', 'MARRON MOT -PAT METAL', '27/04/2023 16:43', NULL),
	(1040, 'P9-3169-H955', '1', '20100', 'M', 'PLATINI', 'RECETA', 'INYECTADO', 'BEIGE TRANSP -PAT METAL', '27/04/2023 16:43', NULL),
	(1041, 'P9-3169-I372', '1', '20100', 'M', 'PLATINI', 'RECETA', 'INYECTADO', 'TRANSPARENTE -PAT METAL', '27/04/2023 16:43', NULL),
	(1042, 'P9-3170-H944', '1', '23200', 'M', 'PLATINI', 'RECETA', 'INYECTADO ', 'NEGRO -PAT METAL', '27/04/2023 16:44', NULL),
	(1043, 'P9-3170-H947', '1', '23200', 'M', 'PLATINI', 'RECETA', 'INYECTADO', 'ROJO OSC -PAT METAL', '27/04/2023 16:44', NULL),
	(1044, 'P9-3173-I149', '2', '20100', 'M', 'PLATINI', 'RECETA', 'INYECTADO', 'GAT NEGRO', '27/04/2023 16:45', NULL),
	(1045, 'P9-3174-I631', '2', '20100', 'M', 'PLATINI', 'RECETA', 'INYECTADO', 'NEGRO -PAT METAL CALADO', '27/04/2023 16:45', NULL),
	(1046, 'P9-3174-I634', '2', '20100', 'M', 'PLATINI', 'RECETA', 'INYECTADO', 'NUDE TRANSP- PAT METAL CALADO', '27/04/2023 16:45', NULL),
	(1047, 'P9-3174-I785', '1', '20100', 'M', 'PLATINI', 'RECETA', 'INYECTADO', 'BORDO TRANSP -PAT METAL RED', '27/04/2023 16:45', NULL),
	(1048, 'P9-3175-I822', '1', '23200', 'M', 'PLATINI', 'RECETA', 'INYECTADO', 'NEGRO -PAT METAL', '27/04/2023 16:47', NULL),
	(1049, 'P9-3175-I823', '2', '23200', 'M', 'PLATINI', 'RECETA', 'INYECTADO', 'GAT MARRON MOT TRANSP', '27/04/2023 16:46', NULL),
	(1050, 'P9-3175-I824', '2', '23200', 'M', 'PLATINI', 'RECETA', 'INYECTADO', 'GAT NUDE TRANSPARENTE', '27/04/2023 16:46', NULL),
	(1051, 'P9-3176-I826', '2', '23200', 'M', 'PLATINI', 'RECETA', 'INYECTADO', 'GRIS TRANSPARENTE -PAT METAL', '27/04/2023 16:47', NULL),
	(1052, 'P9-3176-I827', '2', '23200', 'M', 'PLATINI', 'RECETA', 'INYECTADO', 'AZUL OSC -PAT METAL', '27/04/2023 16:47', NULL),
	(1053, 'P9-3176-I829', '2', '23200', 'M', 'PLATINI', 'RECETA', 'INYECTADO', 'NUDETRANSP/ VERT MOTEADO -PAT METAL', '27/04/2023 16:47', NULL),
	(1054, 'PR887C2', '1', '39600', 'M', 'PHILIPPE ROSSET', 'RECETA', 'ACETATO', 'MARRON CLARO MOTEADO -PAT NATURAL', '27/04/2023 12:20', NULL),
	(1055, 'PR887C3', '1', '39600', 'M', 'PHILIPPE ROSSET', 'RECETA', 'ACETATO', 'MARRON MOTEADO -PAT ROSA', '27/04/2023 12:20', NULL),
	(1056, 'REC-KIDS', '11', '7500', '', 'VARIOS KIDS', 'RECETA', '', '', '28/04/2023 20:09', NULL),
	(1057, 'REEF5143C4', '1', '33500', 'M', 'REEF', 'RECETA', 'ACETATO', 'ENVOL MARRON MOT -PAT ROJA', '27/04/2023 16:50', NULL),
	(1058, 'REEF5144C5', '1', '44900', 'U', 'REEF', 'RECETA', 'ACETATO', 'RANURADO NEGRO INT TURQUESA', '27/04/2023 16:50', NULL),
	(1059, 'REEF5190C1', '2', '45600', 'U', 'REEF', 'RECETA', 'ACETATO', 'NEGRO MATE', '27/04/2023 16:51', NULL),
	(1060, 'REEF5190C2', '1', '45600', 'U', 'REEF', 'RECETA', 'ACETATO ', 'GRIS MATE TRANSP', '27/04/2023 16:51', NULL),
	(1061, 'REEF5190C4', '1', '45600', 'U', 'REEF', 'RECETA', 'ACETATO', 'AZUL MATE', '27/04/2023 16:51', NULL),
	(1062, 'REEF5204C1', '1', '46900', 'U', 'REEF', 'RECETA', 'ACETATO', 'ENVOL NEGRO MATE', '27/04/2023 16:52', NULL),
	(1063, 'REEF5204C2', '1', '46900', 'U', 'REEF', 'RECETA', 'ACETATO', 'ENVOL NEGRO -PAT GRIS', '27/04/2023 16:52', NULL),
	(1064, 'REEF5204C4', '1', '46900', 'U', 'REEF', 'RECETA', 'ACETATO', 'ENVOL AZUL TRANSP -PAT TRANSP', '27/04/2023 16:52', NULL),
	(1065, 'REEF5215C1', '1', '49500', 'M', 'REEF', 'RECETA', 'METAL', 'GRIS INT CREMA', '27/04/2023 16:52', NULL),
	(1066, 'REEF5215C4', '2', '49500', 'M', 'REEF', 'RECETA', 'METAL', 'LILA/DORADO INT CREMA', '27/04/2023 16:53', NULL),
	(1067, 'REEF5228C1', '1', '46900', 'M', 'REEF', 'RECETA', 'METAL', 'RED NATURAL/DORADO', '27/04/2023 16:53', NULL),
	(1068, 'REEF5228C2', '1', '46900', 'M', 'REEF', 'RECETA', 'METAL', 'RED BLANCO/PLATEADO', '27/04/2023 16:53', NULL),
	(1069, 'REEF5228C5', '1', '46900', 'M', 'REEF', 'RECETA', 'METAL', 'RED CORAL/ROSA VIEJO', '27/04/2023 16:54', NULL),
	(1070, 'REEF5235C4', '1', '45600', 'U', 'REEF', 'RECETA', 'ACETATO', 'ENVOL GRIS MATE', '27/04/2023 16:54', NULL),
	(1071, 'REEF5245C1', '2', '55800', 'U', 'REEF', 'RECETA', 'ACETATO', 'ENVOL NEGRO MATE -PAT EXTRA C/IMAN', '27/04/2023 16:55', NULL),
	(1072, 'REEF5245C4', '1', '55800', 'U', 'REEF', 'RECETA', 'ACETATO', 'ENVOL GRIS MATE TRANSP -PAT EXTRA C/IMAN', '27/04/2023 16:55', NULL),
	(1073, 'REEF5258C1', '1', '40600', 'H', 'REEF', 'RECETA', 'METAL', 'NEGRO MATE -PAT TURQ ROTATORIA', '27/04/2023 16:56', NULL),
	(1074, 'REEF5262C1', '1', '49500', 'U', 'REEF', 'RECETA', 'ACETATO', 'NEGRO MATE INT BLANCO -PAT METAL', '27/04/2023 16:57', NULL),
	(1075, 'RTA5003C1', '2', '27900', 'U', 'SHITTO', 'RECETA', 'ACETATO', 'NEGRO -PAT DET METAL', '22/05/2023 17:06', NULL),
	(1076, 'RTA5003C3', '2', '27900', 'U', 'SHITTO', 'RECETA', 'ACETATO', 'GRIS TRANSP -PAT DET METAL', '22/05/2023 17:06', NULL),
	(1077, 'RTA5003C4', '3', '27900', 'U', 'SHITTO', 'RECETA', 'ACETATO', 'AZUL -PAT DET METAL', '22/05/2023 17:07', NULL),
	(1078, 'RTA5004C4', '2', '26700', 'U', 'SHITTO', 'RECETA', 'ACETATO', 'VERDE OLIVA TRANSP -PAT MOT DET METAL', '22/05/2023 17:07', NULL),
	(1079, 'RTA5005C1', '2', '29700', 'U', 'SHITTO', 'RECETA', 'ACETATO', 'NEGRO -PAT DET METAL', '22/05/2023 17:08', NULL),
	(1080, 'RTA5005C3', '2', '29700', 'U', 'SHITTO', 'RECETA', 'ACETATO', 'GRIS TRANSP -PAT DET METAL', '22/05/2023 17:08', NULL),
	(1081, 'RTA5005C4', '3', '29700', 'U', 'SHITTO', 'RECETA', 'ACETATO', 'MARRON TRANSP -PAT DET METAL', '22/05/2023 17:09', NULL),
	(1082, 'RTM1007C1', '3', '28200', 'U', 'SHITTO', 'RECETA', 'METAL', 'DOBLE PTE DORADO -PAT ACETATO', '22/05/2023 17:09', NULL),
	(1083, 'RTM1007C3', '2', '28200', 'U', 'SHITTO', 'RECETA', 'METAL', 'DOBLE PTE PELTRE -PAT ACETATO', '22/05/2023 17:10', NULL),
	(1084, 'RTM1007C4', '2', '28200', 'U', 'SHITTO', 'RECETA', 'METAL', 'DOBLE PTE NEGRO -PAT ACETATO', '22/05/2023 17:10', NULL),
	(1085, 'SH01C2', '37', '9500', '', 'SHITTO', 'RECETA', '', '', '28/04/2023 19:50', NULL),
	(1086, 'SH01COL01', '32', '9500', '', 'SHITTO', 'RECETA', '', '', '28/04/2023 19:50', NULL),
	(1087, 'SH01COL03', '19', '9500', '', 'SHITTO', 'RECETA', '', '', '28/04/2023 19:50', NULL),
	(1088, 'SH03C12', '58', '9500', '', 'SHITTO', 'RECETA', '', '', '28/04/2023 19:50', NULL),
	(1089, 'SH03C13', '37', '9500', '', 'SHITTO', 'RECETA', '', '', '28/04/2023 19:50', NULL),
	(1090, 'SH03C2', '2', '9500', '', 'SHITTO', 'RECETA', '', '', '28/04/2023 19:51', NULL),
	(1091, 'SH1001NC3', '2', '15500', 'M', 'SHITTO', 'RECETA', 'ACETATO', 'BORDO MATE -PAT INT ESTAMP', '27/04/2023 20:16', NULL),
	(1092, 'SH1005C1', '16', '19100', 'U', 'SHITTO', 'RECETA', 'METAL', 'DORADO -PAT MARRON', '27/04/2023 20:17', NULL),
	(1093, 'SH1005C2', '12', '19100', 'U', 'SHITTO', 'RECETA', 'METAL', 'PELTRE -PAT NEGRA', '27/04/2023 20:17', NULL),
	(1094, 'SH1005C3', '1', '19100', 'U', 'SHITTO', 'RECETA', 'METAL ', 'NEGRO', '27/04/2023 20:18', NULL),
	(1095, 'SH1006C1', '3', '19100', 'U', 'SHITTO', 'RECETA', 'METAL ', 'DORADO', '27/04/2023 20:18', NULL),
	(1096, 'SH1006C2', '3', '19100', 'U', 'SHITTO', 'RECETA', 'METAL', 'PELTRE', '26/04/2023 19:51', NULL),
	(1097, 'SH1007C1', '14', '19100', 'U', 'SHITTO', 'RECETA', 'METAL', 'RANURADO BRONCE', '09/05/2023 12:19', NULL),
	(1098, 'SH1007C2', '12', '19100', 'U', 'SHITTO', 'RECETA', 'METAL', 'RANURADO PLATEADO', '27/04/2023 20:19', NULL),
	(1099, 'SH1007C3', '29', '19100', 'U', 'SHITTO', 'RECETA', 'METAL', 'RANURADO AZUL', '27/04/2023 20:19', NULL),
	(1100, 'SH1008C1', '7', '19800', 'U', 'SHITTO', 'RECETA', 'METAL ', 'AZUL -PAT SHITTO', '27/04/2023 20:19', NULL),
	(1101, 'SH1008C2', '2', '19800', 'U', 'SHITTO', 'RECETA', 'METAL', 'NEGRO -PAT SHITTO', '27/04/2023 20:19', NULL),
	(1102, 'SH1008C3', '13', '19800', 'U', 'SHITTO', 'RECETA', 'METAL', 'MARRON -PAT SHITTO', '09/05/2023 17:05', NULL),
	(1103, 'SH12DO', '13', '18500', 'M', 'SHITTO', 'RECETA', 'METAL', 'DORADO', '27/04/2023 20:20', NULL),
	(1104, 'SH12NA', '23', '18500', 'M', 'SHITTO', 'RECETA', 'METAL', 'NATURAL/DORADO', '27/04/2023 20:21', NULL),
	(1105, 'SH12PE', '32', '18500', 'M', 'SHITTO', 'RECETA', 'METAL', 'PELTRE', '27/04/2023 20:21', NULL),
	(1106, 'SH14DO', '9', '18500', 'U', 'SHITTO', 'RECETA', 'METAL', 'CLIPPER DORADO', '27/04/2023 20:21', NULL),
	(1107, 'SH14NE', '29', '18500', 'U', 'SHITTO', 'RECETA', 'METAL', 'CLIPPER NEGRO', '27/04/2023 20:22', NULL),
	(1108, 'SH14PE', '27', '18500', 'U', 'SHITTO', 'RECETA', 'METAL', 'CLIPPER PELTRE', '27/04/2023 20:22', NULL),
	(1109, 'SH14PL', '33', '18500', 'U', 'SHITTO', 'RECETA', 'METAL', 'CLIPPER PLATEADO', '27/04/2023 20:21', NULL),
	(1110, 'SH15NA', '32', '15500', 'M', 'SHITTO', 'RECETA', 'METAL', 'NATURAL/DORADO', '27/04/2023 20:22', NULL),
	(1111, 'SH15ROS', '32', '15500', 'M', 'SHITTO', 'RECETA', 'METAL', 'ROSA/DORADO ROSE', '27/04/2023 20:22', NULL),
	(1112, 'SH15VE', '36', '15500', 'M', 'SHITTO', 'RECETA', 'METAL', 'VERDE AGUA/DORADO ', '27/04/2023 20:23', NULL),
	(1113, 'SH2180C1', '14', '12900', 'U', 'SHITTO', 'RECETA', 'METAL', 'RANURADO CH MARRON METALIZADO', '27/04/2023 20:23', NULL),
	(1114, 'SH2250C1', '5', '12900', 'U', 'SHITTO', 'RECETA', 'METAL', 'RANURADO CH MARRON METALIZADO', '27/04/2023 20:23', NULL),
	(1115, 'SH2310C2', '15', '12900', 'U', 'SHITTO', 'RECETA', 'METAL ', 'MARRON METALIZADO', '27/04/2023 20:24', NULL),
	(1116, 'SH2330C1', '25', '12900', 'M', 'SHITTO', 'RECETA', 'METAL', 'VIOLETA METALIZADO -PAT CALADA', '27/04/2023 20:24', NULL),
	(1117, 'SH2330C2', '21', '12900', 'M', 'SHITTO', 'RECETA', 'METAL', 'MARRON METALIZADO -PAT CALADA', '27/04/2023 20:24', NULL),
	(1118, 'SH2330C3', '13', '12900', 'M', 'SHITTO', 'RECETA', 'METAL', 'NEGRO -PAT CALADA', '27/04/2023 20:24', NULL),
	(1119, 'SH34NA', '28', '18500', 'M', 'SHITTO', 'RECETA', 'METAL', 'NATURAL/DORADO', '28/04/2023 08:40', NULL),
	(1120, 'SH34NE', '29', '18500', 'M', 'SHITTO', 'RECETA', 'METAL', 'NEGRO/PLATEADO', '28/04/2023 08:40', NULL),
	(1121, 'SH34VE', '38', '18500', 'M', 'SHITTO', 'RECETA', 'METAL', 'VERDE AGUA/DORADO', '28/04/2023 08:40', NULL),
	(1122, 'SH35BR', '28', '18500', 'H', 'SHITTO', 'RECETA', 'METAL', 'BRONCE/DORADO', '28/04/2023 08:41', NULL),
	(1123, 'SH35NE', '27', '18500', 'H', 'SHITTO', 'RECETA', 'METAL', 'NEGRO MATE/PALTEADO', '28/04/2023 08:41', NULL),
	(1124, 'SH35PE', '31', '18500', 'H', 'SHITTO', 'RECETA', 'METAL', 'PELTRE', '28/04/2023 08:41', NULL),
	(1125, 'SH4137C04S', '13', '7500', '', 'SHITTO', 'RECETA', '', '', '28/04/2023 19:52', NULL),
	(1126, 'SH4137C10M', '28', '7500', '', 'SHITTO', 'RECETA', '', '', '28/04/2023 19:52', NULL),
	(1127, 'SH4163C15M', '25', '7500', '', 'SHITTO', 'RECETA', '', '', '28/04/2023 19:52', NULL),
	(1128, 'SHA01C2', '14', '9500', '', 'SHITTO', 'RECETA', '', '', '28/04/2023 19:53', NULL),
	(1129, 'SHA02C2', '26', '9500', '', 'SHITTO', 'RECETA', '', '', '28/04/2023 19:53', NULL),
	(1130, 'SH-CLAUDIA', '39', '9500', '', 'SHITTO', 'RECETA', '', '', '28/04/2023 19:53', NULL),
	(1131, 'SH-DELFI', '63', '9500', '', 'SHITTO', 'RECETA', '', '', '28/04/2023 19:53', NULL),
	(1132, 'SHI32C1', '5', '7500', '', 'SHITTO', 'RECETA', '', '', '28/04/2023 19:54', NULL),
	(1133, 'SHI32C2', '29', '7500', '', 'SHITTO', 'RECETA', '', '', '28/04/2023 19:54', NULL),
	(1134, 'SHI85C10S', '15', '7500', '', 'SHITTO', 'RECETA', '', '', '28/04/2023 19:55', NULL),
	(1135, 'SILVER-SANDSC2', '5', '14900', '', 'SILVER SANDS', 'RECETA', '', '', '28/04/2023 20:16', NULL),
	(1136, 'SO-BOB-117-416', '11', '9500', '', 'SODIO ', 'RECETA', '', '', '28/04/2023 20:00', NULL),
	(1137, 'SR1417C4', '3', '7500', '', 'SUM', 'RECETA', '', '', '28/04/2023 20:04', NULL),
	(1138, 'ST401C20', '23', '7500', '', 'SHITTO', 'RECETA', '', '', '28/04/2023 19:55', NULL),
	(1139, 'ST402C30', '21', '7500', '', 'SHITTO', 'RECETA', '', '', '28/04/2023 19:55', NULL),
	(1140, 'ST404C30', '12', '7500', '', 'SHITTO', 'RECETA', '', '', '28/04/2023 19:55', NULL),
	(1141, 'ST405C10', '17', '7500', '', 'SHITTO', 'RECETA', '', '', '28/04/2023 19:56', NULL),
	(1142, 'ST405C20', '20', '7500', '', 'SHITTO', 'RECETA', '', '', '28/04/2023 19:56', NULL),
	(1143, 'SUM-BACKSTAGE', '8', '10900', '', 'BACKSTAGE', 'RECETA', '', '', '28/04/2023 19:16', NULL),
	(1144, 'SUM-BONNIE', '30', '14900', '', 'BONNIE', 'RECETA', '', '', '28/04/2023 19:16', NULL),
	(1145, 'SUM-CLAUDIOLOPEZ', '72', '14900', '', 'CLAUDIO LOPEZ', 'RECETA', '', '', '28/04/2023 19:17', NULL),
	(1146, 'SUM-DERAPAGE', '62', '12900', 'H', 'DERAPAGE', 'RECETA', 'METAL', 'RANURADO -PAT ACETATO', '26/05/2023 08:39', NULL),
	(1147, 'SUM-DYNAMO', '9', '7500', '', 'DYNAMO', 'RECETA ', '', '', '28/04/2023 19:18', NULL),
	(1148, 'SUM-GENESIS', '37', '14900', '', 'GENESIS', 'RECETA', '', '', '28/04/2023 19:21', NULL),
	(1149, 'SUM-GLORIA', '29', '14900', '', 'GLORIA-', 'RECETA', '', '', '28/04/2023 19:24', NULL),
	(1150, 'SUM-JOES', '2', '10900', '', 'JOES', 'RECETA', '', '', '28/04/2023 19:26', NULL),
	(1151, 'SUM-LAU58016', '82', '12900', '', 'LAURA M', 'RECETA', '', '', '28/04/2023 19:26', NULL),
	(1152, 'SUM-LAZ', '12', '7500', '', 'LAZ', 'RECETA', '', '', '28/04/2023 19:26', NULL),
	(1153, 'SUM-LUXURE', '40', '7500', '', 'LUXURE', 'RECETA ', '', '', '28/04/2023 19:27', NULL),
	(1154, 'SUM-MAXSMITH', '58', '12900', '', 'MAX SMITH-', 'RECETA', '', '', '28/04/2023 20:16', NULL),
	(1155, 'SUM-MEDIA-MONTURA', '17', '7500', '', 'VARIOS', 'RECETA', '', '', '28/04/2023 20:08', NULL),
	(1156, 'SUM-METAL', '25', '9500', '', 'SUM', 'RECETA', '', '', '28/04/2023 20:04', NULL),
	(1157, 'SUM-MONTURA-AIRE', '19', '9500', '', 'VARIOS', 'RECETA', '', '', '28/04/2023 20:09', NULL),
	(1158, 'SUM-MORMAII', '13', '10900', '', 'MORMAII', 'RECETA', '', '', '28/04/2023 19:30', NULL),
	(1159, 'SUM-OKUS', '28', '7500', '', 'OKUS', 'RECETA', '', '', '28/04/2023 19:43', NULL),
	(1160, 'SUM-OLIVEPEOPLE', '26', '10900', '', 'OLIVE', 'RECETA', '', '', '28/04/2023 19:46', NULL),
	(1161, 'SUM-OZZIE6027', '3', '5500', '', 'OZZIE', 'RECETA', '', '', '16/07/2022 11:33', NULL),
	(1162, 'SUM-OZZIE6032', '1', '5500', '', 'OZZIE', 'RECETA', '', '', '16/07/2022 11:33', NULL),
	(1163, 'SUM-SEL-58065', '11', '12900', '', 'SELECTRA', 'RECETA', '', '', '28/04/2023 19:49', NULL),
	(1164, 'SUM-SEL58092', '13', '12900', '', 'SELECTRA', 'RECETA', '', '', '28/04/2023 19:49', NULL),
	(1165, 'SUM-SIGNO', '40', '7500', '', 'SIGNO-', 'RECETA', '', '', '28/04/2023 20:15', NULL),
	(1166, 'SUM-SIMPLEM', '10', '7500', '', 'SIMPLE MODEL', 'RECETA', '', '', '28/04/2023 19:58', NULL),
	(1167, 'SUM-STARK', '24', '10900', '', 'STARK', 'RECETA', '', '', '28/04/2023 20:01', NULL),
	(1168, 'SUM-STEFFANI', '9', '9500', '', 'STEFFANI', 'RECETA', '', '', '28/04/2023 20:03', NULL),
	(1169, 'SUM-TUSK', '4', '7500', '', 'TUSK', 'RECETA', '', '', '28/04/2023 20:06', NULL),
	(1170, 'SUM-URBAIN', '2', '7500', '', 'URBAIN', 'RECETA', '', '', '28/04/2023 20:07', NULL),
	(1171, 'SUM-URBAN', '7', '7500', '', 'URBAN', 'RECETA', '', '', '28/04/2023 20:07', NULL),
	(1172, 'SUM-VERTE', '9', '9500', '', 'VERTE', 'RECETA', '', '', '28/04/2023 20:10', NULL),
	(1173, 'SUM-VICHY', '3', '14900', '', 'VICHY', 'RECETA', '', '', '28/04/2023 20:11', NULL),
	(1174, 'SUM-VICHY046', '9', '10900', '', 'VICHY', 'RECETA', '', '', '28/04/2023 20:12', NULL),
	(1175, 'SUM-VICHY047', '12', '10900', '', 'VICHY', 'RECETA', '', '', '28/04/2023 20:12', NULL),
	(1176, 'SUM-ZM045', '4', '10900', '', 'ZM', 'RECETA', '', '', '28/04/2023 20:13', NULL),
	(1177, 'TL3682C1', '3', '24800', 'M', 'CADES', 'RECETA', 'METAL', 'RED NEGRO/DORADO -PAT C/CORAZON', '28/04/2023 12:09', NULL),
	(1178, 'TL3682C2', '4', '24800', 'M', 'CADES', 'RECETA', 'METAL', 'RED MARRON/DORADO -PAT C/CORAZON', '28/04/2023 12:09', NULL),
	(1179, 'TL3682C3', '4', '24800', 'M', 'CADES', 'RECETA', 'METAL', 'RED BORDO/DORADO -PAT C/CORAZON', '28/04/2023 12:11', NULL),
	(1180, 'TL3745C1', '3', '33500', 'M', 'CADES', 'RECETA', 'METAL', 'NEGRO/DORADO -PAT C/CUBIC', '28/04/2023 16:58', NULL),
	(1181, 'TL3745C2', '6', '33500', 'M', 'CADES', 'RECETA', 'METAL', 'MARRON/DORADO -PAT C/CUBIC', '28/04/2023 16:58', NULL),
	(1182, 'TL3745C3', '6', '33500', 'M', 'CADES', 'RECETA', 'METAL', 'BORDO/DORADO -PAT C/CUBIC', '28/04/2023 16:58', NULL),
	(1183, 'TL3745C4', '4', '33500', 'M', 'CADES', 'RECETA', 'METAL', 'NUDE/DORADO -PAT C/CUBIC', '28/04/2023 16:58', NULL),
	(1184, 'TL3781C1', '1', '33500', 'M', 'CADES', 'RECETA', 'METAL', 'RANURADO NEGRO/DORADO -PAT C/CUBIC', '28/04/2023 16:58', NULL),
	(1185, 'TL3781C5', '5', '33500', 'M', 'CADES', 'RECETA', 'METAL', 'RANURADO AZUL/DORADO -PAT C/CUBIC', '28/04/2023 16:59', NULL),
	(1186, 'TP3916C1', '7', '29900', 'H', 'CADES', 'RECETA', 'ACETATO', 'NEGRO', '28/04/2023 17:00', NULL),
	(1187, 'TP3916C4', '4', '29900', 'H', 'CADES', 'RECETA', 'ACETATO', 'GRIS TRANSPARENTE', '28/04/2023 17:00', NULL),
	(1188, 'TP3916C5', '8', '29900', 'H', 'CADES', 'RECETA', 'ACETATO', 'GRIS MOT TRANSPARENTE', '28/04/2023 17:00', NULL),
	(1189, 'TP3920C1', '5', '29900', 'U', 'CADES', 'RECETA', 'ACETATO', 'NEGRO', '28/04/2023 17:00', NULL),
	(1190, 'TP3920C4', '9', '29900', 'U', 'CADES', 'RECETA', 'ACETATO', 'AZUL MOTEADO TRANSP', '28/04/2023 17:00', NULL),
	(1191, 'TP3920C5', '9', '29900', 'U', 'CADES', 'RECETA', 'ACETATO', 'GRIS MOTEADO TRANSP', '28/04/2023 17:01', NULL),
	(1192, 'TP3920C6', '7', '29900', 'U', 'CADES', 'RECETA', 'ACETATO', 'MARRON MOTEADO TRANSP', '28/04/2023 17:01', NULL),
	(1193, 'TP3921C1', '9', '29900', 'H', 'CADES', 'RECETA', 'ACETATO', 'NEGRO', '09/05/2023 19:28', NULL),
	(1194, 'TP3921C2', '7', '29900', 'H', 'CADES', 'RECETA', 'ACETATO', 'NEGRO MATE', '09/05/2023 19:28', NULL),
	(1195, 'TP3921C4', '10', '29900', 'H', 'CADES', 'RECETA', 'ACETATO', 'AZUL MOTEADO TRANSP', '28/04/2023 17:01', NULL),
	(1196, 'TP3921C5', '8', '29900', 'H', 'CADES', 'RECETA', 'ACETATO', 'GRIS MOTEADO TRANSP', '28/04/2023 17:02', NULL),
	(1197, 'TP3925C1', '9', '27500', 'H', 'CADES', 'RECETA', 'ACETATO', 'NEGRO -PAT METAL', '28/04/2023 17:02', NULL),
	(1198, 'TP3925C2', '9', '27500', 'H', 'CADES', 'RECETA', 'ACETATO', 'NEGRO MATE -PAT METAL', '28/04/2023 17:03', NULL),
	(1199, 'TP3925C3', '7', '27500', 'H', 'CADES', 'RECETA', 'ACETATO', 'TRANSPARENTE -PAT METAL', '28/04/2023 17:03', NULL),
	(1200, 'TP3928C1', '10', '22400', 'H', 'CADES', 'RECETA', 'ACETATO', 'NEGRO -PAT METAL', '28/04/2023 17:03', NULL),
	(1201, 'TP3928C2', '9', '22400', 'H', 'CADES', 'RECETA', 'ACETATO', 'NEGRO MATE -PAT METAL', '28/04/2023 17:03', NULL),
	(1202, 'TP3928C4', '8', '22400', 'H', 'CADES', 'RECETA', 'ACETATO', 'GRIS MOTEADO TRANSP -PAT METAL', '28/04/2023 17:03', NULL),
	(1203, 'TP8003C1', '6', '27500', 'M', 'CADES', 'RECETA', 'ACETATO', 'NEGRO/NUDE', '28/04/2023 17:04', NULL),
	(1204, 'TP8003C2', '5', '27500', 'M', 'CADES', 'RECETA', 'ACETATO', 'TRANSPARENTE/NEGRO', '28/04/2023 17:04', NULL),
	(1205, 'TP8003C5', '8', '27500', 'M', 'CADES', 'RECETA', 'ACETATO', 'BEIGE/MARRON MOTEADO', '28/04/2023 17:04', NULL),
	(1206, 'TP8005C2', '7', '30800', 'M', 'CADES', 'RECETA', 'ACETATO', 'BORDO/MARRON MOTEADO', '28/04/2023 17:05', NULL),
	(1207, 'TP8005C4', '8', '30800', 'M', 'CADES', 'RECETA', 'ACETATO', 'MARRON/VERDE TURQ', '28/04/2023 17:05', NULL),
	(1208, 'TP8005C6', '5', '30800', 'M', 'CADES', 'RECETA', 'ACETATO', 'MARRON MOT/NUDE', '28/04/2023 17:05', NULL),
	(1209, 'TP8006C1', '6', '32200', 'M', 'CADES', 'RECETA', 'ACETATO', 'NEGRO DET NUDE', '28/04/2023 17:05', NULL),
	(1210, 'TP8006C4', '6', '32200', 'M', 'CADES', 'RECETA', 'ACETATO', 'NUDE DET MARRON MOT', '28/04/2023 17:06', NULL),
	(1211, 'TP8006C5', '6', '32200', 'M', 'CADES', 'RECETA', 'ACETATO', 'TRANSPARENTE DET AZUL', '28/04/2023 17:06', NULL),
	(1212, 'TP8007C1', '9', '27500', 'M', 'CADES', 'RECETA', 'ACETATO', 'NEGRO', '28/04/2023 17:06', NULL),
	(1213, 'TP8007C2', '6', '27500', 'M', 'CADES', 'RECETA', 'ACETATO', 'MARRON MOTEADO DET BEIGE', '28/04/2023 17:06', NULL),
	(1214, 'TP8007C5', '6', '27500', 'M', 'CADES', 'RECETA', 'ACETATO', 'AZUL DET NUDE/MOT', '28/04/2023 17:06', NULL),
	(1215, 'TP8010C1', '5', '32200', 'M', 'CADES', 'RECETA', 'ACETATO', 'NEGRO/NUDE', '28/04/2023 17:07', NULL),
	(1216, 'TP8010C3', '8', '32200', 'M', 'CADES', 'RECETA', 'ACETATO', 'AZUL MOTEADO', '28/04/2023 17:07', NULL),
	(1217, 'TP8010C4', '8', '32200', 'M', 'CADES', 'RECETA', 'ACETATO', 'MARRON MOTEADO', '28/04/2023 17:07', NULL),
	(1218, 'TP8011C1', '9', '26200', 'M', 'CADES', 'RECETA', 'ACETATO', 'GAT NEGRO DET GRIS', '28/04/2023 17:08', NULL),
	(1219, 'TP8011C2', '7', '26200', 'M', 'CADES', 'RECETA', 'ACETATO', 'GAT BORDO DET CUADRIC', '28/04/2023 17:08', NULL),
	(1220, 'TP8011C4', '6', '26200', 'M', 'CADES', 'RECETA', 'ACETATO', 'GAT MARRON MOT DET FUCSIA', '28/04/2023 17:08', NULL),
	(1221, 'TR1208C3', '8', '21400', 'U', 'SHITTO', 'RECETA', 'ACETATO ', 'GRIS MOTEADO -PAT MOT', '28/04/2023 08:47', NULL),
	(1222, 'TR1208C7', '8', '21400', 'U', 'SHITTO', 'RECETA', 'ACETATO', 'GRIS TRANSP MOTEADO -PAT MOT', '28/04/2023 08:47', NULL),
	(1223, 'TR1212C1', '2', '21400', 'M', 'SHITTO', 'RECETA', 'ACETATO', 'NEGRO -PAT MOT', '28/04/2023 08:47', NULL),
	(1224, 'TR1212C2', '11', '21400', 'M', 'SHITTO', 'RECETA', 'ACETATO', 'NEGRO MOTEADO', '28/04/2023 08:47', NULL),
	(1225, 'TR1212C7', '8', '21400', 'M', 'SHITTO', 'RECETA', 'ACETATO', 'VIOLETA MOTEADO', '28/04/2023 08:47', NULL),
	(1226, 'TR1220C2', '7', '24800', 'M', 'CADES', 'RECETA', 'CAREY', 'VIOLETA MOTEADO', '28/04/2023 17:10', NULL),
	(1227, 'TR1220C5', '4', '24800', 'M', 'CADES', 'RECETA', 'CAREY', 'BEIGE MOTEADO ', '28/04/2023 17:10', NULL),
	(1228, 'TR1222C1', '8', '25800', 'M', 'CADES', 'RECETA', 'CAREY', 'NEGRO - PAT METAL DORADO C/DET', '12/05/2023 11:38', NULL),
	(1229, 'TR1222C2', '11', '25800', 'M', 'CADES', 'RECETA', 'CAREY', 'NEGRO/TRANSP MOTEADO - PAT METAL DORADO C/DET', '12/05/2023 11:38', NULL),
	(1230, 'TR1222C3', '12', '25800', 'M', 'CADES', 'RECETA', 'CAREY', 'AZUL MOTEADO - PAT METAL PLATEADO C/DET', '12/05/2023 11:38', NULL),
	(1231, 'TR2210C2', '3', '16900', 'U', 'SHITTO', 'RECETA', 'ACETATO', 'NEGRO MATE -PAT METAL', '09/05/2023 11:16', NULL),
	(1232, 'TR2210C4', '8', '16900', 'U', 'SHITTO', 'RECETA', 'ACETATO', 'AZUL -PAT METAL', '09/05/2023 11:16', NULL),
	(1233, 'TR2217C2', '2', '16900', 'U', 'SHITTO', 'RECETA', 'ACETATO', 'NEGRO MATE -PAT METAL', '09/05/2023 11:22', NULL),
	(1234, 'TR2217C3', '4', '16900', 'U', 'SHITTO', 'RECETA', 'ACETATO', 'MARRON -PAT METAL', '09/05/2023 11:17', NULL),
	(1235, 'TR2217C4', '7', '16900', 'U', 'SHITTO', 'RECETA', 'ACETATO', 'AZUL -PAT METAL', '09/05/2023 11:17', NULL),
	(1236, 'TR2217C5', '9', '16900', 'U', 'SHITTO', 'RECETA', 'ACETATO', 'GRIS TRANSP -PAT METAL', '09/05/2023 11:17', NULL),
	(1237, 'TR44C10', '2', '14800', 'N', 'SHITTO', 'RECETA', 'ACETATO', 'SUPER FLEX LILA TRANSP/VIOLETA', '28/04/2023 08:52', NULL),
	(1238, 'TR44C11', '6', '14800', 'N', 'SHITTO ', 'RECETA', 'ACETATO', 'SUPER FLEX ROJO/ROSA', '28/04/2023 08:54', NULL),
	(1239, 'TR44C2', '1', '14800', 'N', 'SHITTO ', 'RECETA', 'ACETATO', 'SUPER FLEX NEGRO/ROJO', '28/04/2023 08:52', NULL),
	(1240, 'TR44C6', '3', '14800', 'N', 'SHITTO', 'RECETA', 'ACETATO ', 'SUPER FLEX NEGRO/VERDE MZA', '28/04/2023 08:54', NULL),
	(1241, 'TR48C12', '7', '14800', 'N', 'SHITTO ', 'RECETA', 'ACETATO', 'SUPER FLEX TURQUESA/CEL', '28/04/2023 08:55', NULL),
	(1242, 'TR48C9', '2', '14800', 'N', 'SHITTO ', 'RECETA', 'ACETATO', 'SUPER FLEX CELESTE TRANSP/TURQUESA', '11/05/2023 09:08', NULL),
	(1243, 'TR49C14', '1', '14800', 'N', 'SHITTO ', 'RECETA', 'ACETATO', 'SUPER FLEX ROSA/AMARILLO', '28/04/2023 08:53', NULL),
	(1244, 'TR49C7', '2', '14800', 'N', 'SHITTO', 'RECETA', 'ACETATO', 'SUPER FLEX NEGRO/GRIS', '28/04/2023 08:54', NULL),
	(1245, 'TR49C8', '5', '14800', 'N', 'SHITTO', 'RECETA', 'ACETATO', 'SUPER FLEX  BORDO/ROSA', '28/04/2023 08:54', NULL),
	(1246, 'TR51C10', '1', '14800', 'N', 'SHITTO', 'RECETA', 'ACETATO', 'SUPER FLEX LILA TRANSP/VIOLETA', '28/04/2023 08:57', NULL),
	(1247, 'TR51C11', '6', '14800', 'N', 'SHITTO', 'RECETA', 'ACETATO', 'SUPER FLEX ROJO/ROSA', '28/04/2023 08:57', NULL),
	(1248, 'TR52C11', '9', '14800', 'N', 'SHITTO', 'RECETA', 'ACETATO', 'SUPER FLEX ROJO/ROSA', '28/04/2023 08:55', NULL),
	(1249, 'TR52C12', '2', '14800', 'N', 'SHITTO ', 'RECETA', 'ACETATO', 'SUPER FLEX TURQUESA/CEL', '28/04/2023 08:56', NULL),
	(1250, 'TR52C2', '1', '14800', 'N', 'SHITTO ', 'RECETA', 'ACETATO', 'SUPER FLEX NEGRO/ROJO', '28/04/2023 08:55', NULL),
	(1251, 'TR52C6', '1', '14800', 'N', 'SHITTO', 'RECETA', 'ACETATO', 'SUPER FLEX NEGRO/VERDE MZA', '28/04/2023 08:56', NULL),
	(1252, 'TR53C11', '7', '14800', 'N', 'SHITTO ', 'RECETA', 'ACETATO', 'SUPER FLEX ROJO/ROSA', '28/04/2023 08:56', NULL),
	(1253, 'TR53C7', '3', '14800', 'N', 'SHITTO ', 'RECETA', 'ACETATO', 'SUPER FLEX NEGRO/GRIS', '28/04/2023 08:56', NULL),
	(1254, 'TR92002C4', '6', '21400', 'U', 'SHITTO', 'RECETA', 'ACETETO', 'AZUL -PAT MOT', '28/04/2023 08:59', NULL),
	(1255, 'TR92002C5', '5', '21400', 'U', 'SHITTO', 'RECETA', 'ACETATO', 'GRIS OSC', '28/04/2023 08:59', NULL),
	(1256, 'TR92005C2', '3', '21400', 'H', 'SHITTO', 'RECETA', 'ACETATO', 'NEGRO MATE', '09/05/2023 11:43', NULL),
	(1257, 'TR92005C6', '4', '21400', 'H', 'SHITTO', 'RECETA', 'ACETATO', 'GRIS OSC MATE -PAT MOT', '28/04/2023 08:59', NULL),
	(1258, 'TR92018C1', '1', '23400', 'M', 'CADES', 'RECETA', 'CAREY', 'NEGRO/TRANSPARENTE', '12/05/2023 12:06', NULL),
	(1259, 'TR92018C2', '3', '23400', 'M', 'CADES', 'RECETA', 'CAREY', 'BEIGE TRANSPARENTE', '28/04/2023 17:12', NULL),
	(1260, 'TR92018C4', '13', '23400', 'M', 'CADES', 'RECETA', 'CAREY', 'GRIS TRANSPARENTE', '28/04/2023 17:11', NULL),
	(1261, 'TR92018C6', '5', '23400', 'M', 'CADES', 'RECETA', 'CAREY', 'CORAL/TRANSPARENTE', '28/04/2023 17:12', NULL),
	(1262, 'TR92025C1', '7', '23400', 'M', 'CADES', 'RECETA', 'CAREY', 'NEGRO', '28/04/2023 17:13', NULL),
	(1263, 'TR92025C2', '10', '23400', 'M', 'CADES', 'RECETA', 'CAREY', 'NEGRO/TRANSPARENTE', '28/04/2023 17:13', NULL),
	(1264, 'TR92025C4', '8', '23400', 'M', 'CADES', 'RECETA', 'CAREY', 'AZUL', '28/04/2023 17:13', NULL),
	(1265, 'TR92025C5', '17', '23400', 'M', 'CADES', 'RECETA', 'CAREY', 'ROJO/TRANSPARENTE', '28/04/2023 17:13', NULL),
	(1266, 'VM3561C4', '1', '16500', 'M', 'VALERIA MAZZA', 'RECETA', 'METAL', 'M/M BRONCE', '27/04/2023 17:13', NULL),
	(1267, 'VM3589C1', '5', '16500', 'M', 'VALERIA MAZZA', 'RECETA', 'METAL', 'LILA', '27/04/2023 17:13', NULL),
	(1268, 'VM3589C2', '1', '16500', 'M', 'VALERIA MAZZA', 'RECETA', 'METAL', 'NUDE', '27/04/2023 17:13', NULL),
	(1269, 'VM3589C4', '3', '16500', 'M', 'VALERIA MAZZA', 'RECETA', 'METAL', 'GRIS/LILA', '27/04/2023 17:13', NULL),
	(1270, 'VM3738C3', '1', '45700', 'M', 'VALERIA MAZZA', 'RECETA', 'METAL', 'RED PLATEADO/VERDE AGUA', '27/04/2023 17:14', NULL),
	(1271, 'VM3738C4', '1', '45700', 'M', 'VALERIA MAZZA', 'RECETA', 'METAL', 'RED BRONCE/MARRON', '27/04/2023 17:15', NULL),
	(1272, 'VM3751C1', '1', '16500', 'M', 'VALERIA MAZZA', 'RECETA', 'CAREY', 'GRIS PERLADO', '27/04/2023 17:16', NULL),
	(1273, 'VM3751C4', '2', '16500', 'M', 'VALERIA MAZZA', 'RECETA', 'CAREY', 'CELESTE PERLADO', '27/04/2023 17:15', NULL),
	(1274, 'VM3807C3', '1', '51300', 'M', 'VALERIA MAZZA', 'RECETA', 'METAL', 'M/M DORADO', '27/04/2023 17:16', NULL),
	(1275, 'VM3858C1', '1', '41800', 'M', 'VALERIA MAZZA', 'RECETA', 'METAL', 'PLATEADO (EXAG)', '27/04/2023 17:16', NULL),
	(1276, 'VM3902C1', '1', '41800', 'M', 'VALERIA MAZZA', 'RECETA', 'METAL', 'BLANCO', '27/04/2023 17:18', NULL),
	(1277, 'VM3903C1', '1', '41800', 'M', 'VALERIA MAZZA', 'RECETA', 'METAL', 'PLATEADO', '27/04/2023 17:17', NULL),
	(1278, 'VM6961C2', '2', '16500', 'M', 'VALERIA MAZZA', 'RECETA', 'CAREY', 'MARRON PERLADO', '27/04/2023 17:18', NULL),
	(1279, 'VM744C2', '3', '16500', 'M', 'VALERIA MAZZA', 'RECETA', 'CAREY', 'VERDE VET/VERDE CLARO', '27/04/2023 17:19', NULL),
	(1280, 'VM776C1', '1', '16500', 'M', 'VALERIA MAZZA', 'RECETA', 'CAREY', 'AN PRINT/BORDO', '27/04/2023 17:19', NULL),
	(1281, 'VM831C2', '1', '16500', 'M', 'VALERIA MAZZA', 'RECETA', 'CAREY', 'NATURAL', '27/04/2023 17:19', NULL),
	(1282, 'VM850C2', '1', '16500', 'M', 'VALERIA MAZZA', 'RECETA', 'CAREY', 'AMARILLO TRANSP', '27/04/2023 17:20', NULL),
	(1283, 'VM855C7', '1', '16500', 'M', 'VALERIA MAZZA', 'RECETA', 'CAREY', 'CELESTE PERLADO/TRANSP', '27/04/2023 17:20', NULL),
	(1284, 'VM870C3', '1', '16500', 'M', 'VALERIA MAZZA', 'RECETA', 'CAREY', 'MARRON MOTEADO', '27/04/2023 17:20', NULL),
	(1285, 'W2338-GC1', '3', '24800', 'U', 'SHITTO', 'RECETA', 'CAREY', 'NEGRO MATE', '28/04/2023 09:04', NULL),
	(1286, 'W2338-GC3', '2', '24800', 'U', 'SHITTO', 'RECETA', 'CAREY', 'GRIS MATE', '28/04/2023 09:04', NULL),
	(1287, 'W2338-GC4', '2', '24800', 'U', 'SHITTO', 'RECETA', 'CAREY', 'MARRON MATE', '28/04/2023 09:04', NULL),
	(1288, 'W2351-HC3', '3', '24800', 'U', 'SHITTO', 'RECETA', 'CAREY', 'NEGRO MATE -PAT MARRON', '28/04/2023 09:05', NULL),
	(1289, 'W2351-HC4', '3', '24800', 'U', 'SHITTO', 'RECETA', 'CAREY', 'NEGRO MATE -PAT AZUL', '28/04/2023 09:05', NULL),
	(1290, 'W2353-GC3', '2', '24800', 'U', 'SHITTO', 'RECETA', 'CAREY', 'GRIS MATE TRANSPARENTE', '28/04/2023 09:05', NULL),
	(1291, 'W2513C1', '2', '24800', 'U', 'SHITTO', 'RECETA', 'CAREY', 'NEGRO MATE', '28/04/2023 09:06', NULL),
	(1292, 'W2513C6', '1', '24800', 'U', 'SHITTO', 'RECETA', 'CAREY', 'NEGRO MATE -PAT C/DET MARRON', '28/04/2023 09:06', NULL),
	(1293, 'W2514C1', '1', '24800', 'U', 'SHITTO', 'RECETA', 'CAREY', 'NEGRO MATE', '28/04/2023 09:06', NULL),
	(1294, 'W2514C4', '1', '24800', 'U', 'SHITTO', 'RECETA', 'CAREY', 'NEGRO MATE -PAT C/DET AZUL', '28/04/2023 09:06', NULL),
	(1295, 'WRANGLER-KIDS', '6', '9500', '', 'WRANGLER ', 'RECETA', '', '', '28/04/2023 20:12', NULL),
	(1296, 'WYA5004C1', '1', '26700', 'U', 'SHITTO', 'RECETA', 'ACETATO', 'NEGRO - PAT DET METAL', '22/05/2023 17:11', NULL),
	(1297, 'WYA5004C2', '2', '26700', 'U', 'SHITTO', 'RECETA', 'ACETATO', 'MARRON MOT - PAT DET METAL', '22/05/2023 17:12', NULL),
	(1298, 'XC61002C5', '1', '24400', 'U', 'SHITTO', 'RECETA', 'METAL', 'GRIS MATE/DORADO -PAT MOTEADAS', '28/04/2023 09:07', NULL),
	(1299, 'XC61008C1', '1', '28400', 'U', 'SHITTO', 'RECETA', 'METAL', 'NEGRO MATE/PLATEADO', '28/04/2023 09:08', NULL),
	(1300, 'XC61008C3', '1', '28400', 'U', 'SHITTO', 'RECETA', 'METAL', 'VERDE OLIVA MATE/DORADO', '28/04/2023 09:08', NULL),
	(1301, 'XC61018-C3', '1', '24400', 'H', 'SHITTO', 'RECETA', 'METAL', 'MARRON/DORADO -PAT MOTEADAS', '28/04/2023 09:08', NULL),
	(1302, 'XC61018-C4', '2', '24400', 'H', 'SHITTO', 'RECETA', 'METAL', 'GRIS/PLATEADO -PAT MOTEADAS', '28/04/2023 09:09', NULL),
	(1303, 'XC61023C3', '3', '24400', 'H', 'SHITTO', 'RECETA', 'METAL', 'VERDE/PLATEADO -PAT MOTEADAS', '28/04/2023 09:09', NULL),
	(1304, 'XC61023C4', '1', '24400', 'H', 'SHITTO', 'RECETA', 'METAL', 'AZUL/PLATEADO -PAT MOTEADAS', '28/04/2023 09:09', NULL),
	(1305, 'XC61048C2', '1', '28400', 'H', 'SHITTO', 'RECETA', 'METAL', 'AZUL/PLATEADO', '28/04/2023 09:10', NULL),
	(1306, 'XC61048C4', '1', '28400', 'H', 'SHITTO', 'RECETA', 'METAL', 'MARRON/DORADO', '28/04/2023 09:10', NULL),
	(1307, 'XC61051C4', '1', '24400', 'H', 'SHITTO', 'RECETA', 'METAL', 'NEGRO/DORADO -PAT MARRON/BEIGE', '28/04/2023 09:10', NULL),
	(1308, 'XC61082C2', '7', '24400', 'H', 'SHITTO', 'RECETA', 'METAL', 'AZUL/PLATEADO', '28/04/2023 09:11', NULL),
	(1309, 'XC61082C5', '2', '24400', 'H', 'SHITTO', 'RECETA', 'METAL', 'GRIS/PLATEADO', '28/04/2023 09:11', NULL),
	(1310, 'XE2120C2', '3', '26200', 'M', 'CADES', 'RECETA', 'METAL', 'LILA/DORADO', '28/04/2023 17:14', NULL),
	(1311, 'XE2120C4', '4', '26200', 'M', 'CADES', 'RECETA', 'METAL', 'AZUL/CELESTE', '28/04/2023 17:14', NULL),
	(1312, 'XE2121C1', '2', '21400', 'H', 'CADES', 'RECETA', 'METAL', 'NEGRO MATE/CHAMPAGNE', '28/04/2023 17:15', NULL),
	(1313, 'XE2121C2', '3', '21400', 'H', 'CADES', 'RECETA', 'METAL', 'MARRON MATE/CHAMPAGNE', '28/04/2023 17:15', NULL),
	(1314, 'XE2121C4', '4', '21400', 'H', 'CADES', 'RECETA', 'METAL', 'AZUL MATE/PLATEADO', '28/04/2023 17:15', NULL),
	(1315, 'XE2124C3', '5', '21400', 'H', 'CADES', 'RECETA', 'METAL', 'AZUL MATE/PLATEADO', '28/04/2023 17:15', NULL),
	(1316, 'XE2124C4', '5', '21400', 'H', 'CADES', 'RECETA', 'METAL', 'GRIS MATE/PLATEADO', '28/04/2023 17:15', NULL),
	(1317, 'XE2126C1', '4', '21400', 'H', 'CADES', 'RECETA', 'METAL', 'NEGRO MATE/PLATEADO', '28/04/2023 17:16', NULL),
	(1318, 'XE2126C3', '7', '21400', 'H', 'CADES', 'RECETA', 'METAL', 'AZUL MATE/PLATEADO', '28/04/2023 17:16', NULL),
	(1319, 'XE2127C1', '5', '21400', 'H', 'CADES', 'RECETA', 'METAL', 'NEGRO MATE/PLATEADO', '28/04/2023 17:16', NULL),
	(1320, 'XE2127C2', '6', '21400', 'H', 'CADES', 'RECETA', 'METAL', 'MARRON MATE/DORADO', '28/04/2023 17:17', NULL),
	(1321, 'XE2127C3', '8', '21400', 'H', 'CADES', 'RECETA', 'METAL', 'AZUL MATE/PLATEADO', '28/04/2023 17:17', NULL),
	(1322, 'YJ-0102CADC1', '3', '26200', 'M', 'CADES', 'RECETA', 'METAL', 'NEGRO/VERDE TURQ/DORADO', '28/04/2023 17:18', NULL),
	(1323, 'YJ-0102CADC2', '1', '26200', 'M', 'CADES', 'RECETA', 'METAL', 'NUDE/NEGRO/DORADO ROSE', '28/04/2023 17:18', NULL),
	(1324, 'YJ-0102CADC4', '2', '26200', 'M', 'CADES', 'RECETA', 'METAL', 'ROSA/BORDO/DORADO', '28/04/2023 17:18', NULL),
	(1325, 'YJ-0155C1', '2', '26200', 'M', 'CADES', 'RECETA', 'METAL', 'GAT NEGRO/BLANCO/DORADO', '28/04/2023 17:18', NULL),
	(1326, 'YJ-0155C2', '3', '26200', 'M', 'CADES', 'RECETA', 'METAL', 'GAT BORDO/BLANCO/DORADO ROSE', '28/04/2023 17:18', NULL),
	(1327, 'YJ-0155C3', '4', '26200', 'M', 'CADES', 'RECETA', 'METAL', 'GAT MARRON OSC/MARRON/DORADO', '28/04/2023 17:19', NULL),
	(1328, 'YJ-0169C1', '2', '24400', 'M', 'CADES', 'RECETA', 'METAL', 'NEGRO/DORADO -PAT C/CUBICS/ESFERAS', '28/04/2023 17:19', NULL),
	(1329, 'YJ-0169C2', '2', '24400', 'M', 'CADES', 'RECETA', 'METAL', 'ROSA/DORADO ROSE -PAT C/CUBICS/ESFERAS', '28/04/2023 17:19', NULL),
	(1330, 'YJ-0169C3', '3', '24400', 'M', 'CADES', 'RECETA', 'METAL', 'AZUL/DORADO -PAT C/CUBICS/ESFERAS', '28/04/2023 17:19', NULL),
	(1331, 'YJ-0176C4', '1', '33500', 'M', 'CADES', 'RECETA', 'METAL', 'BORDO/DORADO ', '28/04/2023 17:20', NULL),
	(1332, 'YJ-0194C1', '4', '31800', 'M', 'CADES', 'RECETA', 'METAL', 'NEGRO/DORADO ', '28/04/2023 17:20', NULL),
	(1333, 'YJ-0194C2', '1', '31800', 'M', 'CADES', 'RECETA', 'METAL', 'NUDE/DORADO ', '28/04/2023 17:20', NULL),
	(1334, 'YJ-0194C4', '4', '31800', 'M', 'CADES', 'RECETA', 'METAL', 'AZUL/DORADO ', '28/04/2023 17:21', NULL),
	(1335, 'YJ-0230C3', '2', '24400', 'M', 'CADES', 'RECETA', 'METAL', 'RED ROJO/DORADO ROSE', '28/04/2023 17:22', NULL);

-- Volcando estructura para tabla optdelsol_23.proveedor
CREATE TABLE IF NOT EXISTS `proveedor` (
  `idproveedor` int NOT NULL AUTO_INCREMENT,
  `cuit` varchar(45) CHARACTER SET utf8mb4 COLLATE utf8mb4_0900_ai_ci DEFAULT NULL,
  `nombre` varchar(250) CHARACTER SET utf8mb4 COLLATE utf8mb4_0900_ai_ci DEFAULT NULL,
  PRIMARY KEY (`idproveedor`) USING BTREE,
  UNIQUE KEY `uq_cuit` (`cuit`)
) ENGINE=InnoDB AUTO_INCREMENT=33 DEFAULT CHARSET=utf8mb4 COLLATE=utf8mb4_0900_ai_ci;

-- Volcando datos para la tabla optdelsol_23.proveedor: ~18 rows (aproximadamente)
DELETE FROM `proveedor`;
INSERT INTO `proveedor` (`idproveedor`, `cuit`, `nombre`) VALUES
	(1, '001', 'provtest1'),
	(2, '002', 'provtest2'),
	(3, '003', 'provtest3'),
	(7, 'b', 'b'),
	(19, 'a', 'a'),
	(20, 'd', 'd'),
	(21, 'e', 'e'),
	(22, 'testprovcuit', 'testprov'),
	(23, '000010001', 'ThisIsATest'),
	(24, '01', 'kaaljkllj'),
	(25, '02', 'kaaljkllj45'),
	(26, '03', 'kaaljkllj456'),
	(27, '04', 'kaaljkllj4567'),
	(28, '16052023', '16052023'),
	(29, '16052023d', '16052023'),
	(30, '0012', 'asfasfsf'),
	(31, '0010', 'sfdf'),
	(32, 'esp', 'ESP');

-- Volcando estructura para tabla optdelsol_23.session
CREATE TABLE IF NOT EXISTS `session` (
  `idsession` int NOT NULL AUTO_INCREMENT,
  `token` varchar(250) NOT NULL DEFAULT '0',
  `fkaccount` int NOT NULL DEFAULT '0',
  `active` int DEFAULT '0',
  PRIMARY KEY (`idsession`)
) ENGINE=InnoDB DEFAULT CHARSET=utf8mb4 COLLATE=utf8mb4_0900_ai_ci;

-- Volcando datos para la tabla optdelsol_23.session: ~0 rows (aproximadamente)
DELETE FROM `session`;

-- Volcando estructura para tabla optdelsol_23.stock
CREATE TABLE IF NOT EXISTS `stock` (
  `sucursal_idsucursal` int NOT NULL,
  `codigo_idcodigo` int NOT NULL,
  `cantidad` int DEFAULT '0',
  PRIMARY KEY (`sucursal_idsucursal`,`codigo_idcodigo`),
  KEY `fk_sucursal_has_codigo_codigo1_idx` (`codigo_idcodigo`),
  KEY `fk_sucursal_has_codigo_sucursal1_idx` (`sucursal_idsucursal`),
  CONSTRAINT `fk_sucursal_has_codigo_codigo1` FOREIGN KEY (`codigo_idcodigo`) REFERENCES `codigo` (`idcodigo`),
  CONSTRAINT `fk_sucursal_has_codigo_sucursal1` FOREIGN KEY (`sucursal_idsucursal`) REFERENCES `sucursal` (`idsucursal`)
) ENGINE=InnoDB DEFAULT CHARSET=utf8mb4 COLLATE=utf8mb4_0900_ai_ci;

-- Volcando datos para la tabla optdelsol_23.stock: ~79 rows (aproximadamente)
DELETE FROM `stock`;
INSERT INTO `stock` (`sucursal_idsucursal`, `codigo_idcodigo`, `cantidad`) VALUES
	(1, 1, 12424),
	(1, 2, 985),
	(1, 3, 987),
	(1, 4, 988),
	(1, 35, 7),
	(1, 36, 6000),
	(1, 37, 1000),
	(1, 38, 1),
	(1, 39, 1000),
	(1, 40, 1000),
	(1, 41, 1000),
	(1, 42, 1000),
	(1, 43, 1000),
	(1, 44, 1000),
	(1, 45, 1000),
	(1, 46, 1000),
	(1, 47, 1000),
	(1, 48, 1000),
	(1, 49, 1000),
	(1, 50, 1000),
	(1, 51, 1000),
	(1, 52, 1000),
	(1, 53, 1000),
	(1, 54, 1000),
	(1, 55, 1000),
	(1, 56, 1000),
	(1, 57, 1000),
	(1, 58, 1000),
	(1, 59, 1000),
	(1, 60, 1000),
	(1, 61, 1000),
	(1, 62, 1000),
	(1, 63, 1000),
	(1, 64, 1000),
	(1, 65, 1000),
	(1, 66, 1000),
	(1, 67, 1000),
	(1, 68, 1000),
	(1, 69, 1000),
	(1, 70, 1000),
	(1, 71, 1000),
	(1, 73, 1500),
	(1, 74, 1000),
	(1, 75, 1000),
	(1, 76, 8000),
	(1, 77, 70000),
	(1, 78, 666666),
	(1, 79, 88888),
	(1, 80, 8000),
	(1, 81, 0),
	(1, 82, 0),
	(1, 83, 0),
	(1, 84, 200),
	(1, 85, 0),
	(1, 86, 5),
	(1, 87, 5),
	(1, 88, 5),
	(1, 89, 5),
	(1, 90, 1),
	(1, 91, 1),
	(1, 92, 23),
	(1, 93, 1),
	(1, 94, 1),
	(1, 95, 1),
	(1, 96, 2990),
	(1, 97, 200),
	(1, 98, 200),
	(1, 99, 200),
	(1, 101, 1000),
	(1, 102, 996),
	(1, 104, 5000),
	(1, 106, 1),
	(1, 107, 5000),
	(1, 108, 3000),
	(1, 109, 5000),
	(1, 110, 1000),
	(2, 1, 994),
	(2, 5, 1000),
	(2, 6, 1000);

-- Volcando estructura para tabla optdelsol_23.subfamilia
CREATE TABLE IF NOT EXISTS `subfamilia` (
  `idsubfamilia` int NOT NULL AUTO_INCREMENT,
  `familia_idfamilia` int NOT NULL,
  `nombre_corto` varchar(45) DEFAULT NULL,
  `nombre_largo` varchar(45) DEFAULT NULL,
  PRIMARY KEY (`idsubfamilia`),
  UNIQUE KEY `uqid` (`nombre_corto`,`familia_idfamilia`),
  KEY `fk_subfamilia_familia1_idx` (`familia_idfamilia`),
  CONSTRAINT `fk_subfamilia_familia1` FOREIGN KEY (`familia_idfamilia`) REFERENCES `familia` (`idfamilia`)
) ENGINE=InnoDB AUTO_INCREMENT=9 DEFAULT CHARSET=utf8mb4 COLLATE=utf8mb4_0900_ai_ci;

-- Volcando datos para la tabla optdelsol_23.subfamilia: ~8 rows (aproximadamente)
DELETE FROM `subfamilia`;
INSERT INTO `subfamilia` (`idsubfamilia`, `familia_idfamilia`, `nombre_corto`, `nombre_largo`) VALUES
	(1, 2, 'RECETA', 'RECETA'),
	(2, 2, 'SOL', 'SOL'),
	(3, 3, 'lc', 'lc'),
	(4, 2, 'aa', 'aa'),
	(5, 6, 'FAMILIA_PRUEBA', 'FAMILIA_PRUEBA'),
	(6, 1, 'FAMILIA_PRUEBA', 'FAMILIA_PRUEBA'),
	(7, 7, 'ANOTHER', 'ANOTHER'),
	(8, 11, '01062023', '01062023');

-- Volcando estructura para tabla optdelsol_23.subgrupo
CREATE TABLE IF NOT EXISTS `subgrupo` (
  `idsubgrupo` int NOT NULL AUTO_INCREMENT,
  `grupo_idgrupo` int NOT NULL,
  `nombre_corto` varchar(45) DEFAULT NULL,
  `nombre_largo` varchar(45) DEFAULT NULL,
  `multiplicador` varchar(50) DEFAULT '1',
  PRIMARY KEY (`idsubgrupo`),
  UNIQUE KEY `unique` (`grupo_idgrupo`,`nombre_corto`),
  KEY `fk_subgrupo_grupo1_idx` (`grupo_idgrupo`),
  CONSTRAINT `fk_subgrupo_grupo1` FOREIGN KEY (`grupo_idgrupo`) REFERENCES `grupo` (`idgrupo`)
) ENGINE=InnoDB AUTO_INCREMENT=19 DEFAULT CHARSET=utf8mb4 COLLATE=utf8mb4_0900_ai_ci;

-- Volcando datos para la tabla optdelsol_23.subgrupo: ~18 rows (aproximadamente)
DELETE FROM `subgrupo`;
INSERT INTO `subgrupo` (`idsubgrupo`, `grupo_idgrupo`, `nombre_corto`, `nombre_largo`, `multiplicador`) VALUES
	(0, 2, 'CA002', 'CA002', '1.85'),
	(1, 1, 'LAROSA1', 'LAROSA1', '1.85'),
	(2, 2, 'CA001', 'CA001', '1.85'),
	(4, 3, 'SH01', 'SH01', '1.85'),
	(5, 3, 'SH02', 'SH02', '1.85'),
	(6, 3, 'SH03', 'SH03', '1.85'),
	(7, 4, 'OAS1', 'OAS1', '1.00'),
	(8, 4, 'OAS2', 'OAS2', '1.00'),
	(9, 4, 'OAS3', 'OAS3', '1.00'),
	(10, 4, 'OAS4', 'OAS4', '1.00'),
	(11, 4, 'OAS6', 'OAS6', '1.00'),
	(12, 4, 'OAS7', 'OAS7', '1.00'),
	(13, 1, 'LAROSA2', 'LAROSA2', '1.85'),
	(14, 6, 'SUBGRUPO_PRUEBA', 'SUBGRUPO_PRUEBA', '5'),
	(15, 7, 'SUBGRUPO_PRUEBA', 'SUBGRUPO_PRUEBA', '0.1'),
	(16, 8, 'ANOTHER', 'ANOTHER', '0.1'),
	(17, 9, 'ANOTHER23', 'ANOTHER23', '5'),
	(18, 10, '01062023', '01062023', '1');

-- Volcando estructura para tabla optdelsol_23.sucursal
CREATE TABLE IF NOT EXISTS `sucursal` (
  `idsucursal` int NOT NULL AUTO_INCREMENT,
  `nombre` varchar(45) DEFAULT NULL,
  PRIMARY KEY (`idsucursal`)
) ENGINE=InnoDB AUTO_INCREMENT=6 DEFAULT CHARSET=utf8mb4 COLLATE=utf8mb4_0900_ai_ci;

-- Volcando datos para la tabla optdelsol_23.sucursal: ~4 rows (aproximadamente)
DELETE FROM `sucursal`;
INSERT INTO `sucursal` (`idsucursal`, `nombre`) VALUES
	(1, 'test'),
	(2, 'test1'),
	(3, 'test2'),
	(4, 'test3'),
	(5, 'test4');

-- Volcando estructura para tabla optdelsol_23.tipo_permisos
CREATE TABLE IF NOT EXISTS `tipo_permisos` (
  `idtipo_permisos` int NOT NULL AUTO_INCREMENT,
  `nombre` varchar(45) DEFAULT NULL,
  PRIMARY KEY (`idtipo_permisos`)
) ENGINE=InnoDB DEFAULT CHARSET=utf8mb4 COLLATE=utf8mb4_0900_ai_ci;

-- Volcando datos para la tabla optdelsol_23.tipo_permisos: ~0 rows (aproximadamente)
DELETE FROM `tipo_permisos`;

-- Volcando estructura para tabla optdelsol_23.usuario
CREATE TABLE IF NOT EXISTS `usuario` (
  `idusuario` int NOT NULL AUTO_INCREMENT,
  `nombre` varchar(45) DEFAULT NULL,
  `password` varchar(45) DEFAULT NULL,
  `logged` tinyint DEFAULT '0',
  `token` varchar(250) DEFAULT NULL,
  PRIMARY KEY (`idusuario`)
) ENGINE=InnoDB AUTO_INCREMENT=3 DEFAULT CHARSET=utf8mb4 COLLATE=utf8mb4_0900_ai_ci;

-- Volcando datos para la tabla optdelsol_23.usuario: ~2 rows (aproximadamente)
DELETE FROM `usuario`;
INSERT INTO `usuario` (`idusuario`, `nombre`, `password`, `logged`, `token`) VALUES
	(1, 'testuser', 'testuser', 0, NULL),
	(2, 'root', 'root', 1, 'eyJhbGciOiJIUzI1NiIsInR5cCI6IkpXVCJ9.eyJ1c2VybmFtZSI6InJvb3QiLCJpYXQiOjE2ODYzNDI0NDQsImV4cCI6MTY4NjM0NjA0NH0.ftu8idWVJz6BEMGCliFttU7jpkb6MMP5C1Wnl2ArW68');

-- Volcando estructura para tabla optdelsol_23.usuario_has_tipo_permisos
CREATE TABLE IF NOT EXISTS `usuario_has_tipo_permisos` (
  `usuario_idusuario` int NOT NULL,
  `tipo_permisos_idtipo_permisos` int NOT NULL,
  PRIMARY KEY (`usuario_idusuario`,`tipo_permisos_idtipo_permisos`),
  KEY `fk_usuario_has_tipo_permisos_tipo_permisos1_idx` (`tipo_permisos_idtipo_permisos`),
  KEY `fk_usuario_has_tipo_permisos_usuario1_idx` (`usuario_idusuario`),
  CONSTRAINT `fk_usuario_has_tipo_permisos_tipo_permisos1` FOREIGN KEY (`tipo_permisos_idtipo_permisos`) REFERENCES `tipo_permisos` (`idtipo_permisos`),
  CONSTRAINT `fk_usuario_has_tipo_permisos_usuario1` FOREIGN KEY (`usuario_idusuario`) REFERENCES `usuario` (`idusuario`)
) ENGINE=InnoDB DEFAULT CHARSET=utf8mb4 COLLATE=utf8mb4_0900_ai_ci;

-- Volcando datos para la tabla optdelsol_23.usuario_has_tipo_permisos: ~0 rows (aproximadamente)
DELETE FROM `usuario_has_tipo_permisos`;

-- Volcando estructura para tabla optdelsol_23.venta
CREATE TABLE IF NOT EXISTS `venta` (
  `idventa` int NOT NULL AUTO_INCREMENT,
  `cliente_idcliente` int NOT NULL,
  `sucursal_idsucursal` int NOT NULL,
  `vendedor_idvendedor` int NOT NULL,
  `caja_idcaja` int NOT NULL,
  `usuario_idusuario` int NOT NULL,
  `medico_idmedico` int DEFAULT NULL,
  `monto_total` varchar(45) DEFAULT NULL,
  `descuento` varchar(45) DEFAULT NULL,
  `monto_inicial` varchar(45) DEFAULT NULL,
  `debe` varchar(45) DEFAULT NULL,
  `haber` varchar(45) DEFAULT NULL,
  `saldo` varchar(45) DEFAULT NULL,
  `fecha` datetime DEFAULT CURRENT_TIMESTAMP,
  `fecha_alta` datetime DEFAULT CURRENT_TIMESTAMP,
  PRIMARY KEY (`idventa`),
  KEY `fk_venta_cliente_idx` (`cliente_idcliente`),
  KEY `fk_venta_sucursal1_idx` (`sucursal_idsucursal`),
  KEY `fk_venta_caja1_idx` (`caja_idcaja`),
  KEY `fk_venta_usuario1_idx` (`usuario_idusuario`),
  KEY `fk_venta_medico1_idx` (`medico_idmedico`),
  CONSTRAINT `fk_venta_caja1` FOREIGN KEY (`caja_idcaja`) REFERENCES `caja` (`idcaja`),
  CONSTRAINT `fk_venta_cliente` FOREIGN KEY (`cliente_idcliente`) REFERENCES `cliente` (`idcliente`),
  CONSTRAINT `fk_venta_medico1` FOREIGN KEY (`medico_idmedico`) REFERENCES `medico` (`idmedico`),
  CONSTRAINT `fk_venta_sucursal1` FOREIGN KEY (`sucursal_idsucursal`) REFERENCES `sucursal` (`idsucursal`),
  CONSTRAINT `fk_venta_usuario1` FOREIGN KEY (`usuario_idusuario`) REFERENCES `usuario` (`idusuario`)
) ENGINE=InnoDB DEFAULT CHARSET=utf8mb4 COLLATE=utf8mb4_0900_ai_ci;

-- Volcando datos para la tabla optdelsol_23.venta: ~0 rows (aproximadamente)
DELETE FROM `venta`;

-- Volcando estructura para tabla optdelsol_23.venta_has_modo_pago
CREATE TABLE IF NOT EXISTS `venta_has_modo_pago` (
  `venta_idventa` int NOT NULL,
  `modo_pago_idmodo_pago` int NOT NULL,
  `banco_idbanco` int DEFAULT NULL,
  `mutual_idmutual` int DEFAULT NULL,
  `monto` varchar(45) DEFAULT NULL,
  `monto_int` varchar(45) DEFAULT NULL,
  `cant_cuotas` varchar(45) DEFAULT NULL,
  `monto_cuota` varchar(45) DEFAULT NULL,
  PRIMARY KEY (`venta_idventa`,`modo_pago_idmodo_pago`),
  KEY `fk_venta_has_modo_pago_modo_pago1_idx` (`modo_pago_idmodo_pago`),
  KEY `fk_venta_has_modo_pago_venta1_idx` (`venta_idventa`),
  KEY `fk_venta_has_modo_pago_banco1_idx` (`banco_idbanco`),
  KEY `fk_venta_has_modo_pago_mutual1_idx` (`mutual_idmutual`),
  CONSTRAINT `fk_venta_has_modo_pago_banco1` FOREIGN KEY (`banco_idbanco`) REFERENCES `banco` (`idbanco`),
  CONSTRAINT `fk_venta_has_modo_pago_modo_pago1` FOREIGN KEY (`modo_pago_idmodo_pago`) REFERENCES `modo_pago` (`idmodo_pago`),
  CONSTRAINT `fk_venta_has_modo_pago_mutual1` FOREIGN KEY (`mutual_idmutual`) REFERENCES `mutual` (`idmutual`),
  CONSTRAINT `fk_venta_has_modo_pago_venta1` FOREIGN KEY (`venta_idventa`) REFERENCES `venta` (`idventa`)
) ENGINE=InnoDB DEFAULT CHARSET=utf8mb4 COLLATE=utf8mb4_0900_ai_ci;

-- Volcando datos para la tabla optdelsol_23.venta_has_modo_pago: ~0 rows (aproximadamente)
DELETE FROM `venta_has_modo_pago`;

-- Volcando estructura para tabla optdelsol_23.venta_has_stock
CREATE TABLE IF NOT EXISTS `venta_has_stock` (
  `venta_idventa` int NOT NULL,
  `stock_sucursal_idsucursal` int NOT NULL,
  `stock_codigo_idcodigo` int NOT NULL,
  `cantidad` int DEFAULT '0',
  PRIMARY KEY (`venta_idventa`,`stock_sucursal_idsucursal`,`stock_codigo_idcodigo`),
  KEY `fk_venta_has_stock_stock1_idx` (`stock_sucursal_idsucursal`,`stock_codigo_idcodigo`),
  KEY `fk_venta_has_stock_venta1_idx` (`venta_idventa`),
  CONSTRAINT `fk_venta_has_stock_stock1` FOREIGN KEY (`stock_sucursal_idsucursal`, `stock_codigo_idcodigo`) REFERENCES `stock` (`sucursal_idsucursal`, `codigo_idcodigo`),
  CONSTRAINT `fk_venta_has_stock_venta1` FOREIGN KEY (`venta_idventa`) REFERENCES `venta` (`idventa`)
) ENGINE=InnoDB DEFAULT CHARSET=utf8mb4 COLLATE=utf8mb4_0900_ai_ci;

-- Volcando datos para la tabla optdelsol_23.venta_has_stock: ~0 rows (aproximadamente)
DELETE FROM `venta_has_stock`;

/*!40103 SET TIME_ZONE=IFNULL(@OLD_TIME_ZONE, 'system') */;
/*!40101 SET SQL_MODE=IFNULL(@OLD_SQL_MODE, '') */;
/*!40014 SET FOREIGN_KEY_CHECKS=IFNULL(@OLD_FOREIGN_KEY_CHECKS, 1) */;
/*!40101 SET CHARACTER_SET_CLIENT=@OLD_CHARACTER_SET_CLIENT */;
/*!40111 SET SQL_NOTES=IFNULL(@OLD_SQL_NOTES, 1) */;
